code,name,date,close,entry,stop,stop_pct,body_r,vol_ratio,fall_pct,near_sup,dragon,broke,outcome,hold_days,r
039200,오스코텍,2025-06-10,28150.0,28707.3,27780.18,3.23,7.14,0.63,4.58,False,False,False,미돌파,0,0.0
009420,한올바이오파마,2025-06-10,26900.0,27154.2,25960.71,4.395,15.0,0.86,-3.86,True,False,True,손절,3,-1.068
277810,레인보우로보틱스,2025-06-10,282000.0,295590.0,277008.04,6.286,6.06,1.02,-6.62,True,False,False,미돌파,0,0.0
174900,앱클론,2025-06-10,12500.0,12875.7,12235.32,4.974,3.92,0.52,6.23,False,False,False,미돌파,0,0.0
011070,LG이노텍,2025-06-10,148100.0,149598.6,145113.21,2.998,2.86,1.43,-2.21,True,False,True,손절,3,-1.1
018290,브이티,2025-06-10,43000.0,44538.9,41406.34,7.033,3.7,1.13,-5.39,True,False,True,손절,3,-1.043
298050,HS효성첨단소재,2025-06-10,201500.0,208416.0,197250.0,5.358,5.15,1.57,-1.21,True,False,False,미돌파,0,0.0
121600,나노신소재,2025-06-10,50800.0,51703.2,49725.54,3.825,6.67,0.62,-4.53,True,False,True,손절,3,-1.078
458870,씨어스,2025-06-10,6049.0,6088.15,5865.89,3.651,1.8,0.93,4.48,False,False,True,추적청산,3,0.418
100840,SNT에너지,2025-06-10,41950.0,43336.5,40335.54,6.925,8.16,0.84,-3.33,True,False,False,미돌파,0,0.0
009520,포스코엠텍,2025-06-10,11320.0,11502.96,11164.5,2.942,3.85,0.82,-0.8,True,False,True,추적청산,3,0.398
033780,KT&G,2025-06-10,122000.0,123646.8,119792.14,3.117,6.45,1.1,-1.5,True,False,False,미돌파,0,0.0
326030,SK바이오팜,2025-06-10,92900.0,93286.2,91163.04,2.276,12.5,0.72,0.11,False,True,True,손절,3,-1.132
222080,SFA넥셀,2025-06-11,7110.0,7224.42,7021.96,2.802,13.33,0.77,0.84,True,False,True,손절,2,-1.107
011200,HMM,2025-06-11,22500.0,22595.1,21867.14,3.222,9.09,0.59,-0.9,True,True,True,추적청산,4,0.548
001680,대상,2025-06-11,22350.0,22494.9,22086.79,1.814,0.0,0.44,-3.0,True,False,True,손절,1,-1.165
192400,쿠쿠홀딩스,2025-06-11,30550.0,30611.1,29642.68,3.164,14.29,0.76,-2.0,True,True,True,추적청산,4,0.405
298380,에이비엘바이오,2025-06-11,79700.0,82464.6,77438.21,6.095,4.88,0.86,1.24,False,False,False,미돌파,0,0.0
322000,HD현대에너지솔루션,2025-06-11,50900.0,54007.8,48833.57,9.581,6.82,1.22,2.49,False,False,False,미돌파,0,0.0
030190,NICE평가정보,2025-06-12,14430.0,14709.36,14213.14,3.373,7.5,1.02,1.84,True,False,False,미돌파,0,0.0
119850,지엔씨에너지,2025-06-12,28600.0,29659.2,27732.68,6.496,3.12,0.56,3.38,True,False,True,추적청산,8,1.554
003090,대웅,2025-06-12,26700.0,27154.2,25953.46,4.422,5.56,0.61,4.64,False,False,False,미돌파,0,0.0
204320,HL만도,2025-06-12,34800.0,35120.1,34378.39,2.112,0.0,1.61,-3.73,True,False,False,미돌파,0,0.0
036530,SNT홀딩스,2025-06-12,55600.0,58917.6,53502.86,9.19,12.5,1.01,3.3,False,False,False,미돌파,0,0.0
036830,솔브레인홀딩스,2025-06-12,35850.0,36873.6,35085.89,4.848,3.45,1.14,0.28,False,False,False,미돌파,0,0.0
032190,다우데이타,2025-06-12,16970.0,17665.26,16724.11,5.328,0.0,1.31,0.99,False,False,False,미돌파,0,0.0
001680,대상,2025-06-12,22400.0,22545.0,21934.11,2.71,0.0,0.84,-1.36,True,False,False,미돌파,0,0.0
052020,에스티큐브,2025-06-12,6620.0,6753.48,6471.93,4.169,4.76,0.5,1.78,True,False,False,미돌파,0,0.0
015760,한국전력,2025-06-12,28450.0,29358.6,27627.14,5.898,10.34,1.43,4.05,False,False,False,미돌파,0,0.0
160190,하이젠알앤엠,2025-06-12,36950.0,38176.2,35225.89,7.728,3.92,2.25,3.9,False,False,True,손절,2,-1.039
336370,솔루스첨단소재,2025-06-12,8560.0,8857.68,8416.96,4.976,11.76,0.51,7.56,False,False,False,미돌파,0,0.0
298050,HS효성첨단소재,2025-06-12,198200.0,201903.0,195957.5,2.945,4.44,1.71,1.39,True,False,False,미돌파,0,0.0
285130,SK케미칼,2025-06-12,60400.0,61522.8,59649.64,3.045,7.14,0.62,2.42,False,False,False,미돌파,0,0.0
021240,코웨이,2025-06-12,93800.0,95089.8,91755.71,3.506,3.85,1.58,-2.96,True,False,False,미돌파,0,0.0
058610,에스피지,2025-06-12,26150.0,26653.2,25925.71,2.729,9.09,0.75,1.13,False,False,False,미돌파,0,0.0
457190,이수스페셜티케미컬,2025-06-12,41750.0,43136.1,40673.21,5.71,0.0,1.37,-0.85,True,False,False,미돌파,0,0.0
098460,고영,2025-06-12,15700.0,15951.84,15461.71,3.073,5.41,0.56,1.69,False,False,False,미돌파,0,0.0
082920,비츠로셀,2025-06-13,15190.0,15498.94,14596.92,5.82,6.52,1.26,-4.87,True,False,True,손절,4,-1.052
088980,맥쿼리인프라,2025-06-13,11710.0,11803.56,11581.36,1.883,5.56,1.65,0.09,False,False,False,미돌파,0,0.0
093320,케이아이엔엑스,2025-06-13,88100.0,88977.6,79977.14,10.115,1.2,3.2,-5.13,True,True,True,시간손절,5,0.251
033500,동성화인텍,2025-06-13,27100.0,27605.1,26287.86,4.772,14.29,1.09,3.21,False,False,True,시간손절,5,-0.75
052020,에스티큐브,2025-06-13,6570.0,6743.46,6412.68,4.905,11.54,0.94,5.19,True,False,True,추적청산,4,0.439
095610,테스,2025-06-13,24400.0,24849.6,23238.75,6.482,3.57,1.6,0.81,False,False,False,미돌파,0,0.0
052400,코나아이,2025-06-13,69800.0,71041.8,64140.54,9.714,0.0,0.81,2.51,False,False,True,추적청산,5,0.488
105560,KB금융,2025-06-13,106000.0,107414.4,104112.86,3.074,4.0,0.99,0.28,False,False,True,시간손절,5,-0.375
039200,오스코텍,2025-06-13,28050.0,28707.3,27127.5,5.503,11.11,1.42,0.18,False,False,True,손절,3,-1.135
192400,쿠쿠홀딩스,2025-06-13,30800.0,31362.6,29942.68,4.527,0.0,0.91,-0.33,True,False,True,추적청산,2,0.434
103590,일진전기,2025-06-13,31700.0,31863.6,30250.71,5.062,7.41,0.71,-7.09,True,True,True,추적청산,6,0.53
009420,한올바이오파마,2025-06-16,26050.0,26803.5,25453.21,5.038,4.35,0.84,2.62,False,False,False,미돌파,0,0.0
008770,호텔신라,2025-06-16,50200.0,50701.2,49265.62,2.831,0.0,0.37,0.2,False,False,False,미돌파,0,0.0
000120,CJ대한통운,2025-06-16,84300.0,85971.6,83182.86,3.244,8.7,0.79,3.55,False,False,False,미돌파,0,0.0
071320,지역난방공사,2025-06-16,78200.0,79458.6,76064.64,4.271,7.69,0.77,6.35,True,False,False,미돌파,0,0.0
003030,세아제강지주,2025-06-16,226500.0,227454.0,219457.14,3.516,8.33,0.77,1.74,False,True,True,손절,1,-1.085
006280,녹십자,2025-06-16,131500.0,133767.0,128551.43,3.899,9.09,1.14,2.59,True,False,False,미돌파,0,0.0
089970,브이엠,2025-06-16,12140.0,12364.68,11865.11,4.04,5.41,0.82,1.7,True,False,True,추적청산,3,0.426
388720,유일로보틱스,2025-06-16,73600.0,74949.6,71217.86,4.979,6.45,1.28,4.04,False,False,True,추적청산,8,1.143
000670,영풍,2025-06-16,41395.0,41672.18,38883.89,6.691,0.0,0.7,0.58,False,True,True,시간손절,5,-0.249
357780,솔브레인,2025-06-16,166200.0,168135.6,161436.79,3.984,14.04,0.57,0.24,False,True,True,추적청산,8,1.206
003490,대한항공,2025-06-16,21350.0,21492.9,20977.95,2.396,12.5,1.15,6.77,True,False,True,시간손절,5,-0.111
328130,루닛,2025-06-16,21046.0,21229.37,20541.68,3.239,4.46,0.81,10.91,True,False,True,손절,2,-1.093
456040,OCI,2025-06-16,57300.0,57414.6,55650.89,3.072,14.29,0.99,1.55,False,True,False,미돌파,0,0.0
259960,크래프톤,2025-06-16,370500.0,371241.0,362473.21,2.362,7.69,0.55,0.8,True,True,True,손절,2,-1.127
086520,에코프로,2025-06-16,42100.0,43186.2,41215.18,4.564,3.23,0.51,4.97,False,False,False,미돌파,0,0.0
073240,금호타이어,2025-06-16,4400.0,4408.8,4259.52,3.386,12.0,0.63,1.12,False,True,True,시간손절,5,-0.282
005850,에스엘,2025-06-16,31250.0,31412.7,30145.18,4.035,14.29,0.98,2.8,False,True,True,시간손절,5,-0.045
026960,동서,2025-06-16,26600.0,26803.5,26170.09,2.363,11.11,1.12,1.12,False,False,False,미돌파,0,0.0
178320,서진시스템,2025-06-16,20350.0,20691.3,19954.02,3.563,0.0,0.79,6.22,True,False,True,추적청산,8,1.066
068760,셀트리온제약,2025-06-16,49128.0,49520.84,48224.91,2.617,9.52,0.74,0.59,False,False,True,손절,2,-1.115
000100,유한양행,2025-06-16,106300.0,108516.6,105342.14,2.925,3.85,0.79,0.93,True,False,False,미돌파,0,0.0
160190,하이젠알앤엠,2025-06-16,35150.0,35921.7,33678.57,6.244,10.81,1.08,4.35,False,False,False,미돌파,0,0.0
000080,하이트진로,2025-06-16,19880.0,19969.86,19597.86,1.863,11.11,0.63,3.5,False,True,True,추적청산,5,0.447
300720,한일시멘트,2025-06-16,18570.0,18777.48,18127.89,3.459,5.88,0.65,0.59,True,False,True,손절,2,-1.087
280360,롯데웰푸드,2025-06-16,120700.0,121242.0,117438.57,3.137,13.33,0.9,2.19,False,True,False,미돌파,0,0.0
088980,맥쿼리인프라,2025-06-16,11720.0,11803.56,11681.68,1.033,12.5,1.38,0.51,True,False,False,미돌파,0,0.0
004000,롯데정밀화학,2025-06-16,38200.0,38426.7,37155.36,3.308,9.52,0.72,-0.26,True,True,False,미돌파,0,0.0
085620,미래에셋생명,2025-06-16,6480.0,6703.38,6264.54,6.547,13.89,1.02,1.97,False,False,False,미돌파,0,0.0
009150,삼성전기,2025-06-16,126900.0,127554.6,123380.71,3.272,9.09,0.98,2.38,True,True,True,추적청산,5,0.677
009240,한샘,2025-06-16,44550.0,45290.4,43645.0,3.633,11.54,0.68,1.11,False,False,True,시간손절,5,-0.654
111770,영원무역,2025-06-16,60300.0,60721.2,58343.21,3.916,0.0,0.84,0.82,True,False,False,미돌파,0,0.0
051900,LG생활건강,2025-06-16,339000.0,339678.0,331219.64,2.49,7.69,0.72,0.44,False,True,True,추적청산,5,0.38
298020,효성티앤씨,2025-06-16,253000.0,254508.0,243350.0,4.384,11.11,0.6,-2.02,True,True,False,미돌파,0,0.0
015750,성우하이텍,2025-06-16,5790.0,5831.64,5591.07,4.125,15.0,0.64,3.02,True,True,True,손절,5,-1.073
066970,엘앤에프,2025-06-17,48400.0,50951.7,47345.98,7.077,12.07,0.77,3.01,True,False,False,미돌파,0,0.0
383310,에코프로에이치엔,2025-06-17,23550.0,24298.5,23126.43,4.824,0.0,0.49,3.29,False,False,False,미돌파,0,0.0
003620,KG모빌리티,2025-06-17,3350.0,3441.87,3306.2,3.942,4.55,0.99,2.9,False,False,False,미돌파,0,0.0
178320,서진시스템,2025-06-17,20500.0,21042.0,20114.2,4.409,6.67,0.54,5.96,True,False,False,미돌파,0,0.0
302440,SK바이오사이언스,2025-06-17,44950.0,46041.9,44084.64,4.251,0.0,0.65,2.92,True,False,False,미돌파,0,0.0
174900,앱클론,2025-06-17,11350.0,11593.14,11029.5,4.862,11.36,0.52,9.2,True,False,False,미돌파,0,0.0
011070,LG이노텍,2025-06-17,143800.0,148195.8,140962.86,4.881,4.84,1.29,2.9,False,False,True,추적청산,2,0.439
457190,이수스페셜티케미컬,2025-06-17,39350.0,40530.9,38247.86,5.633,10.53,0.76,1.5,False,False,False,미돌파,0,0.0
093050,LF,2025-06-17,17620.0,17835.6,17267.0,3.188,6.82,1.2,1.95,False,False,False,미돌파,0,0.0
006040,동원산업,2025-06-17,48200.0,49599.0,46555.54,6.136,1.92,1.07,1.03,True,False,False,미돌파,0,0.0
281820,케이씨텍,2025-06-17,26500.0,27655.2,25887.14,6.393,9.68,1.34,0.0,True,False,False,미돌파,0,0.0
043260,성호전자,2025-06-17,1184.0,1211.42,1163.42,3.962,5.26,0.29,0.5,True,False,False,미돌파,0,0.0
121600,나노신소재,2025-06-17,47900.0,49498.8,46694.29,5.666,14.89,0.89,5.71,False,False,False,미돌파,0,0.0
094170,동운아나텍,2025-06-17,18460.0,19007.94,18230.36,4.091,13.43,1.13,3.85,True,False,False,미돌파,0,0.0
073240,금호타이어,2025-06-17,4375.0,4448.88,4319.25,2.914,9.52,0.81,1.35,False,False,False,미돌파,0,0.0
000990,DB하이텍,2025-06-17,44250.0,45991.8,43294.46,5.865,0.0,1.35,0.56,False,False,True,시간손절,5,0.323
105560,KB금융,2025-06-17,107100.0,109518.6,105607.5,3.571,9.68,0.68,3.43,False,False,False,미돌파,0,0.0
020150,롯데에너지머티리얼즈,2025-06-17,22200.0,22645.2,21446.79,5.292,0.0,1.2,-0.91,True,False,False,미돌파,0,0.0
001680,대상,2025-06-17,22000.0,22194.3,21579.02,2.772,0.0,0.8,1.57,True,False,False,미돌파,0,0.0
015750,성우하이텍,2025-06-17,5800.0,5921.82,5721.39,3.385,0.0,0.96,1.69,False,False,False,미돌파,0,0.0
241560,두산밥캣,2025-06-17,51900.0,53907.6,50635.89,6.069,3.45,0.94,1.52,False,False,False,미돌파,0,0.0
281740,레이크머티리얼즈,2025-06-17,11940.0,12254.46,11711.68,4.429,2.27,1.06,2.29,False,False,False,미돌파,0,0.0
440110,파두,2025-06-17,10630.0,10971.9,10343.5,5.727,5.66,0.82,0.28,False,False,False,미돌파,0,0.0
041830,인바디,2025-06-17,24800.0,24949.8,24289.64,2.646,0.0,0.52,3.5,False,False,False,미돌파,0,0.0
041510,에스엠,2025-06-17,135300.0,136171.8,130396.43,4.241,0.0,0.4,3.97,True,True,True,시간손절,5,-0.135
009420,한올바이오파마,2025-06-17,25950.0,26402.7,25403.21,3.786,6.25,0.85,3.53,False,False,False,미돌파,0,0.0
066570,LG전자,2025-06-17,72200.0,73647.0,71524.64,2.882,0.0,0.98,2.04,True,False,True,손절,1,-1.104
326030,SK바이오팜,2025-06-17,91100.0,92885.4,90255.54,2.831,4.76,0.78,1.94,False,False,False,미돌파,0,0.0
080220,제주반도체,2025-06-17,13380.0,13927.8,13087.04,6.037,2.7,1.93,0.89,True,False,False,미돌파,0,0.0
005930,삼성전자,2025-06-17,58100.0,59919.6,57182.5,4.568,12.5,1.75,1.86,False,False,False,미돌파,0,0.0
005490,POSCO홀딩스,2025-06-17,257500.0,262524.0,253666.07,3.374,14.29,0.83,1.72,False,False,False,미돌파,0,0.0
056190,SFA,2025-06-17,20800.0,21442.8,20453.57,4.613,0.0,1.23,3.03,True,False,True,추적청산,8,1.374
090430,아모레퍼시픽,2025-06-17,132700.0,133466.4,129357.68,3.078,6.25,0.85,5.62,False,False,False,미돌파,0,0.0
090460,비에이치,2025-06-17,12470.0,12925.8,12278.3,5.009,0.0,2.34,-0.48,True,False,False,미돌파,0,0.0
137400,피엔티,2025-06-17,30750.0,31713.3,30201.25,4.768,12.0,0.72,3.15,False,False,False,미돌파,0,0.0
095340,ISC,2025-06-17,53200.0,55310.4,51688.57,6.548,12.9,1.2,0.0,True,False,False,미돌파,0,0.0
185750,종근당,2025-06-17,84200.0,85470.6,83398.93,2.424,6.25,0.95,3.11,True,False,False,미돌파,0,0.0
004490,세방전지,2025-06-17,69500.0,70941.6,67864.64,4.337,3.85,0.75,0.71,False,False,False,미돌파,0,0.0
006400,삼성SDI,2025-06-17,169300.0,173245.8,165920.71,4.228,5.0,0.91,0.59,False,False,False,미돌파,0,0.0
099190,아이센스,2025-06-17,16500.0,17074.08,16208.46,5.07,12.0,0.83,-2.17,True,False,False,미돌파,0,0.0
009450,경동나비엔,2025-06-17,72100.0,72845.4,70417.5,3.333,0.0,0.73,2.7,False,False,False,미돌파,0,0.0
128940,한미약품,2025-06-17,291500.0,295089.0,275958.93,6.483,3.03,1.77,7.9,True,False,False,미돌파,0,0.0
097950,CJ제일제당,2025-06-17,241000.0,242985.0,236201.79,2.792,9.09,1.03,2.03,False,False,False,미돌파,0,0.0
259960,크래프톤,2025-06-17,367500.0,373746.0,362951.79,2.888,5.88,0.74,2.13,True,False,True,손절,1,-1.104
466100,클로봇,2025-06-17,16670.0,17064.06,16037.77,6.014,8.36,1.48,1.9,False,False,False,미돌파,0,0.0
055550,신한지주,2025-06-18,59200.0,60721.2,57789.29,4.828,4.0,1.07,1.0,True,False,False,미돌파,0,0.0
028050,삼성E&A,2025-06-18,22900.0,23246.4,22486.96,3.267,8.33,0.65,1.29,False,False,False,미돌파,0,0.0
086520,에코프로,2025-06-18,41800.0,42835.5,41170.54,3.887,8.0,0.52,5.96,False,False,False,미돌파,0,0.0
002790,아모레퍼시픽홀딩스,2025-06-18,28200.0,28607.1,27699.73,3.172,14.29,0.52,1.23,False,False,True,추적청산,5,1.807
277810,레인보우로보틱스,2025-06-18,272000.0,275049.0,266850.0,2.981,0.0,0.78,4.56,False,False,True,추적청산,2,0.274
004490,세방전지,2025-06-18,68800.0,69839.4,67762.5,2.974,12.5,0.8,2.13,True,False,False,미돌파,0,0.0
326030,SK바이오팜,2025-06-18,91000.0,92083.8,90058.75,2.199,13.33,0.64,2.36,False,False,False,미돌파,0,0.0
005300,롯데칠성,2025-06-18,118100.0,119939.4,115703.93,3.531,2.86,1.11,1.42,False,False,False,미돌파,0,0.0
028300,HLB,2025-06-18,50300.0,51102.0,49718.75,2.707,10.0,0.98,5.45,True,False,True,손절,1,-1.111
097950,CJ제일제당,2025-06-18,238500.0,241482.0,235185.71,2.607,0.0,1.17,3.25,False,False,True,추적청산,2,0.188
300720,한일시멘트,2025-06-18,18270.0,18747.42,17908.32,4.476,8.57,0.79,3.03,False,False,False,미돌파,0,0.0
043260,성호전자,2025-06-18,1186.0,1199.39,1162.4,3.084,7.41,0.2,0.92,True,False,False,미돌파,0,0.0
009970,영원무역홀딩스,2025-06-18,130800.0,132163.8,121827.86,7.821,3.37,0.86,-1.87,True,True,True,시간손절,5,0.043
101160,월덱스,2025-06-18,20800.0,20941.8,19875.5,5.092,11.11,0.74,0.48,False,True,True,추적청산,6,0.468
373220,LG에너지솔루션,2025-06-18,292000.0,297093.0,289032.14,2.713,8.33,0.74,0.17,False,False,False,미돌파,0,0.0
207940,삼성바이오로직스,2025-06-18,1477631.0,1486485.04,1461599.45,1.674,8.33,0.72,3.74,True,False,False,미돌파,0,0.0
007310,오뚜기,2025-06-19,391000.0,394788.0,388025.0,1.713,10.0,0.62,1.64,False,False,True,시간손절,5,-0.218
095340,ISC,2025-06-19,53500.0,54508.8,52389.64,3.888,12.5,0.75,2.9,True,False,False,미돌파,0,0.0
247540,에코프로비엠,2025-06-19,90900.0,93787.2,88188.57,5.97,14.89,1.0,6.77,True,False,True,추적청산,6,1.326
009970,영원무역홀딩스,2025-06-19,131600.0,135169.8,126911.79,6.109,8.82,1.05,1.42,False,False,False,미돌파,0,0.0
138930,BNK금융지주,2025-06-19,11790.0,12003.96,11528.18,3.964,10.26,0.58,0.25,False,False,False,미돌파,0,0.0
099190,아이센스,2025-06-19,16340.0,16603.14,16027.61,3.466,8.7,0.8,3.08,False,False,False,미돌파,0,0.0
071320,지역난방공사,2025-06-19,75300.0,76051.8,72463.57,4.718,10.71,0.92,6.23,False,False,True,추적청산,6,1.781
079160,CJ CGV,2025-06-19,4795.0,4899.78,4697.05,4.137,0.0,0.53,10.04,False,False,True,추적청산,3,1.045
001680,대상,2025-06-19,22000.0,22394.7,21780.09,2.744,0.0,0.77,1.79,True,False,True,시간손절,5,0.062
005830,DB손해보험,2025-06-19,116600.0,119238.0,114642.5,3.854,11.11,0.55,1.85,False,False,True,추적청산,6,0.668
029780,삼성카드,2025-06-19,48950.0,49649.1,47636.88,4.053,5.97,1.06,0.91,False,False,False,미돌파,0,0.0
383310,에코프로에이치엔,2025-06-19,24150.0,24498.9,23486.61,4.132,12.5,0.42,3.01,False,False,True,추적청산,2,0.427
019210,와이지-원,2025-06-19,6380.0,6482.94,6301.5,2.799,14.29,0.63,2.3,False,False,False,미돌파,0,0.0
077970,STX엔진,2025-06-19,24400.0,24448.8,23646.79,3.28,0.0,0.65,-5.4,True,True,True,손절,3,-1.091
329180,HD현대중공업,2025-06-19,430500.0,432363.0,417516.07,3.434,9.09,0.58,-2.62,True,True,True,추적청산,5,0.485
094170,동운아나텍,2025-06-19,18780.0,19188.3,18328.21,4.482,4.0,1.0,0.27,False,False,False,미돌파,0,0.0
023530,롯데쇼핑,2025-06-19,74300.0,76352.4,72981.43,4.415,7.41,0.72,2.88,False,False,True,시간손절,5,-0.172
023160,태광,2025-06-19,21650.0,21793.5,20621.29,5.379,10.53,0.48,4.2,False,True,False,미돌파,0,0.0
277810,레인보우로보틱스,2025-06-19,273000.0,284067.0,269291.07,5.202,12.0,1.16,5.54,False,False,True,추적청산,5,0.981
460860,동국제강,2025-06-19,9270.0,9368.7,9098.89,2.88,15.0,0.58,5.7,True,False,True,추적청산,4,0.584
139480,이마트,2025-06-19,82600.0,84769.2,81570.71,3.773,12.0,0.85,1.67,False,False,True,시간손절,5,0.618
323410,카카오뱅크,2025-06-19,28100.0,28356.6,26981.96,4.848,9.09,0.96,1.4,False,False,True,추적청산,6,1.072
004490,세방전지,2025-06-19,68700.0,69338.4,67571.07,2.549,7.69,0.99,2.41,True,False,True,손절,2,-1.118
454910,두산로보틱스,2025-06-19,51200.0,52905.6,50567.5,4.419,15.0,0.98,1.92,False,False,True,추적청산,5,2.377
009520,포스코엠텍,2025-06-19,11400.0,11743.44,11245.14,4.243,0.0,1.08,3.72,False,False,False,미돌파,0,0.0
052020,에스티큐브,2025-06-19,6810.0,6993.96,6652.11,4.888,3.57,0.64,-2.87,True,False,True,시간손절,5,-0.57
115180,큐리언트,2025-06-19,11800.0,12024.0,11219.25,6.693,12.7,4.24,-5.83,True,False,False,미돌파,0,0.0
249420,일동제약,2025-06-19,12690.0,12795.54,12460.43,2.619,4.0,0.47,0.16,True,False,True,시간손절,5,-0.638
278280,천보,2025-06-19,39150.0,39929.7,38565.0,3.418,5.0,0.72,7.34,False,False,True,손절,2,-1.088
457190,이수스페셜티케미컬,2025-06-19,39450.0,39779.4,38218.21,3.925,12.5,0.72,5.51,True,False,True,추적청산,2,0.424
453340,현대그린푸드,2025-06-19,18050.0,18126.18,17625.39,2.763,13.51,0.44,-1.12,True,True,True,손절,2,-1.159
058610,에스피지,2025-06-19,26050.0,26703.3,25556.96,4.293,10.53,0.91,0.38,False,False,True,손절,2,-1.07
192400,쿠쿠홀딩스,2025-06-19,31000.0,31362.6,29748.75,5.146,7.69,0.8,0.16,False,False,False,미돌파,0,0.0
001740,SK네트웍스,2025-06-19,4285.0,4353.69,4229.36,2.856,15.0,0.57,1.83,False,False,True,추적청산,5,1.225
141080,리가켐바이오,2025-06-19,107100.0,109518.6,104682.5,4.416,2.63,0.79,8.77,True,False,True,손절,2,-1.068
015750,성우하이텍,2025-06-19,5810.0,5881.74,5701.07,3.072,14.29,0.55,2.52,False,False,False,미돌파,0,0.0
005490,POSCO홀딩스,2025-06-19,260000.0,263526.0,255262.5,3.136,7.69,0.89,2.07,False,False,True,손절,2,-1.096
002380,KCC,2025-06-19,312000.0,316131.0,304566.07,3.658,5.56,0.82,3.26,True,False,True,손절,2,-1.082
082920,비츠로셀,2025-06-19,15014.0,15119.18,14419.91,4.625,12.93,0.94,1.0,False,True,False,미돌파,0,0.0
005180,빙그레,2025-06-19,84000.0,84669.0,82863.57,2.132,0.0,0.55,2.78,True,False,False,미돌파,0,0.0
127120,제이에스링크,2025-06-19,9260.0,9519.0,9036.29,5.071,5.13,0.81,-1.31,True,False,False,미돌파,0,0.0
021240,코웨이,2025-06-19,95000.0,95691.0,92368.57,3.472,0.0,0.65,-1.28,True,False,True,시간손절,5,0.428
018880,한온시스템,2025-06-19,2876.0,2928.85,2840.15,3.028,7.14,0.52,0.17,True,False,False,미돌파,0,0.0
001450,현대해상,2025-06-19,25200.0,25751.4,24701.61,4.077,11.76,0.67,3.82,True,False,True,추적청산,12,1.045
204320,HL만도,2025-06-19,33550.0,33917.7,32959.11,2.826,6.67,1.1,3.59,False,False,False,미돌파,0,0.0
281820,케이씨텍,2025-06-19,26700.0,27054.0,26098.39,3.532,6.67,0.6,1.84,False,False,False,미돌파,0,0.0
011170,롯데케미칼,2025-06-19,62400.0,63827.4,61102.5,4.269,4.55,0.81,6.45,True,False,False,미돌파,0,0.0
001440,대한전선,2025-06-19,16030.0,16132.2,15583.75,3.4,5.0,0.53,1.41,False,True,True,추적청산,2,0.412
041830,인바디,2025-06-19,24550.0,24799.5,24192.32,2.448,11.11,0.53,4.84,False,False,False,미돌파,0,0.0
100090,SK오션플랜트,2025-06-20,18630.0,19088.1,18269.18,4.29,6.15,0.51,8.45,False,False,True,손절,1,-1.07
071320,지역난방공사,2025-06-20,75500.0,76352.4,72765.71,4.698,7.14,0.76,4.31,False,False,False,미돌파,0,0.0
115180,큐리언트,2025-06-20,11990.0,12013.98,11271.68,6.179,0.0,1.33,-16.52,True,True,True,손절,4,-1.049
036530,SNT홀딩스,2025-06-20,53200.0,54208.2,51492.14,5.01,14.29,0.58,2.21,True,False,True,추적청산,4,0.44
065350,신성델타테크,2025-06-20,74000.0,75550.8,70887.86,6.172,8.11,0.79,8.07,False,False,True,시간손절,5,-0.617
281740,레이크머티리얼즈,2025-06-20,11690.0,11973.9,11359.64,5.13,9.8,0.91,4.42,False,False,False,미돌파,0,0.0
004020,현대제철,2025-06-20,29000.0,29508.9,28485.54,3.468,12.5,0.66,1.19,False,False,False,미돌파,0,0.0
001500,현대차증권,2025-06-20,7510.0,7555.08,7256.0,3.959,13.04,0.49,0.79,False,True,True,추적청산,4,1.084
004490,세방전지,2025-06-20,69100.0,69639.0,67689.29,2.8,13.33,2.06,-1.92,True,False,False,미돌파,0,0.0
005250,녹십자홀딩스,2025-06-20,16400.0,16713.36,16199.61,3.074,0.0,1.85,0.79,False,False,False,미돌파,0,0.0
100840,SNT에너지,2025-06-20,41900.0,42284.4,39655.71,6.217,6.98,1.01,0.12,False,True,False,미돌파,0,0.0
001270,부국증권,2025-06-20,41950.0,43587.0,40621.07,6.805,4.17,0.34,0.59,False,False,True,시간손절,5,-0.832
002380,KCC,2025-06-20,314000.0,317634.0,307183.93,3.29,6.25,0.85,0.32,True,False,False,미돌파,0,0.0
094170,동운아나텍,2025-06-20,18760.0,18827.58,18268.75,2.968,8.89,1.37,-0.16,True,True,False,미돌파,0,0.0
180640,한진칼,2025-06-20,130800.0,133466.4,126728.57,5.048,11.76,0.65,6.84,False,False,False,미돌파,0,0.0
174900,앱클론,2025-06-20,10820.0,10981.92,10486.36,4.513,10.53,1.76,9.83,True,False,True,손절,1,-1.066
004990,롯데지주,2025-06-20,27700.0,28056.0,27030.62,3.655,13.33,0.55,5.14,False,False,False,미돌파,0,0.0
082920,비츠로셀,2025-06-20,15014.0,15094.13,14598.26,3.285,6.61,0.56,1.16,False,True,True,손절,2,-1.091
417200,LS머트리얼즈,2025-06-20,11340.0,11593.14,11155.82,3.772,8.57,1.22,0.96,False,False,False,미돌파,0,0.0
138930,BNK금융지주,2025-06-20,11790.0,11893.74,11601.71,2.455,4.76,1.26,0.92,False,False,True,추적청산,6,0.936
033780,KT&G,2025-06-20,125500.0,126953.4,121742.86,4.104,9.09,1.9,-1.87,True,False,False,미돌파,0,0.0
141080,리가켐바이오,2025-06-20,107400.0,110119.8,104968.57,4.678,14.63,0.94,1.38,True,False,False,미돌파,0,0.0
280360,롯데웰푸드,2025-06-20,117100.0,117735.0,114967.5,2.351,10.0,0.92,2.66,False,False,False,미돌파,0,0.0
006280,녹십자,2025-06-20,129300.0,131562.6,127425.71,3.144,9.09,0.84,2.93,False,False,False,미돌파,0,0.0
005090,SGC에너지,2025-06-20,24750.0,24849.6,24205.18,2.593,10.0,0.62,1.0,True,True,True,손절,1,-1.116
010140,삼성중공업,2025-06-23,16650.0,17194.32,16396.5,4.64,7.58,0.81,7.86,False,False,True,손절,3,-1.065
222800,심텍,2025-06-23,23350.0,23847.6,22201.43,6.903,7.41,0.93,1.48,False,False,True,시간손절,5,0.11
399720,가온칩스,2025-06-23,43150.0,43436.7,41948.93,3.425,13.64,0.84,-0.35,True,False,True,추적청산,4,1.307
005250,녹십자홀딩스,2025-06-23,16210.0,16422.78,15928.32,3.011,11.11,0.5,4.65,False,False,True,손절,3,-1.1
009830,한화솔루션,2025-06-23,29947.0,30622.12,28982.28,5.355,7.38,0.44,12.9,False,False,True,추적청산,3,0.444
383220,F&F,2025-06-23,78000.0,79158.0,76871.43,2.889,5.88,0.78,-2.77,True,False,True,손절,1,-1.104
012630,HDC,2025-06-23,22550.0,22895.7,22021.07,3.82,7.69,0.56,0.22,False,False,True,추적청산,3,0.424
267250,HD현대,2025-06-23,129300.0,130861.2,125608.21,4.014,10.26,0.47,5.34,False,False,True,손절,3,-1.075
012750,에스원,2025-06-23,67200.0,68336.4,66451.79,2.758,7.14,0.64,5.75,False,False,True,시간손절,5,0.031
127120,제이에스링크,2025-06-23,9380.0,9468.9,8876.29,6.259,14.0,1.15,1.68,False,True,True,추적청산,17,3.929
102710,이엔에프테크놀로지,2025-06-23,31650.0,32013.9,30455.54,4.868,11.54,0.98,0.16,True,False,True,추적청산,7,2.279
120110,코오롱인더,2025-06-23,33350.0,33667.2,32734.46,2.77,0.0,1.14,1.04,True,False,True,추적청산,9,6.065
017940,E1,2025-06-23,80200.0,82063.8,78545.71,4.287,3.45,1.97,0.62,False,False,False,미돌파,0,0.0
099190,아이센스,2025-06-23,16210.0,16573.08,15918.14,3.952,5.56,0.51,3.74,False,False,True,추적청산,7,1.078
137310,에스디바이오센서,2025-06-23,11010.0,11112.18,10636.79,4.278,5.13,0.63,2.13,False,False,True,손절,3,-1.07
183300,코미코,2025-06-23,34277.0,34906.67,33172.25,4.969,3.64,0.91,1.03,False,False,True,추적청산,5,1.183
192400,쿠쿠홀딩스,2025-06-23,30850.0,31713.3,30115.89,5.037,7.69,0.97,3.59,True,False,True,손절,3,-1.06
290650,엘앤씨바이오,2025-06-23,29000.0,29909.7,27467.68,8.165,7.14,1.04,3.17,False,False,False,미돌파,0,0.0
093370,후성,2025-06-23,5000.0,5060.1,4887.27,3.416,0.0,1.01,5.12,False,False,True,손절,3,-1.088
086520,에코프로,2025-06-23,42850.0,43436.7,41787.14,3.798,12.0,0.71,-1.78,True,False,True,추적청산,4,1.592
145990,삼양사,2025-06-23,50900.0,51202.2,50060.0,2.231,12.5,0.54,6.09,False,True,True,추적청산,2,0.366
375500,DL이앤씨,2025-06-23,46300.0,47244.3,44767.14,5.243,0.0,0.61,10.62,True,False,True,추적청산,5,1.564
086900,메디톡스,2025-06-23,170600.0,174849.0,166146.43,4.977,2.7,0.89,-6.62,True,False,False,미돌파,0,0.0
005090,SGC에너지,2025-06-23,24400.0,24899.7,23900.36,4.013,11.76,0.38,1.41,False,False,True,시간손절,5,-0.425
397030,에이프릴바이오,2025-06-23,18020.0,18356.64,17402.61,5.197,11.39,1.19,0.99,True,False,True,손절,3,-1.058
005300,롯데칠성,2025-06-23,117300.0,118536.6,116018.93,2.124,11.11,1.19,1.51,False,False,True,추적청산,3,0.359
218410,RFHIC,2025-06-24,23300.0,23547.0,22355.54,5.06,5.26,0.59,1.48,False,False,True,추적청산,6,1.68
029780,삼성카드,2025-06-24,49200.0,50300.4,48746.88,3.088,8.33,0.79,1.8,False,False,False,미돌파,0,0.0
196170,알테오젠,2025-06-24,300086.0,306854.48,293475.57,4.36,7.4,0.8,1.89,False,False,True,손절,2,-1.069
077970,STX엔진,2025-06-24,24000.0,24549.0,23186.61,5.55,13.04,1.11,3.42,False,False,False,미돌파,0,0.0
010140,삼성중공업,2025-06-24,17060.0,17344.62,16708.32,3.669,12.0,0.75,4.53,True,False,True,손절,1,-1.082
010780,아이에스동서,2025-06-24,22300.0,22645.2,21791.96,3.768,7.69,0.39,1.11,True,False,True,손절,2,-1.08
272210,한화시스템,2025-06-24,63100.0,65430.6,61990.36,5.258,14.81,0.51,4.68,False,False,False,미돌파,0,0.0
000500,가온전선,2025-06-24,35619.0,37193.24,34933.53,6.076,5.88,0.86,1.23,False,False,False,미돌파,0,0.0
033500,동성화인텍,2025-06-24,26700.0,27605.1,26241.07,4.941,13.64,0.62,4.64,True,False,False,미돌파,0,0.0
226950,올릭스,2025-06-24,40150.0,41933.7,38878.04,7.287,2.13,0.41,14.12,False,False,False,미돌파,0,0.0
161890,한국콜마,2025-06-24,89800.0,90580.8,87009.29,3.943,3.45,0.77,-2.05,True,False,False,미돌파,0,0.0
267250,HD현대,2025-06-24,131900.0,133867.2,127020.0,5.115,0.0,0.75,0.38,False,False,False,미돌파,0,0.0
000370,한화손해보험,2025-06-24,5690.0,5851.68,5556.12,5.051,4.17,0.94,1.56,False,False,True,손절,2,-1.059
114090,GKL,2025-06-24,14940.0,15130.2,14712.0,2.764,12.9,0.84,1.65,True,False,True,손절,2,-1.109
082740,한화엔진,2025-06-24,29850.0,30160.2,28672.86,4.931,12.5,0.67,-1.02,True,False,True,손절,1,-1.061
042660,한화오션,2025-06-24,87400.0,88977.6,83856.07,5.756,2.33,0.75,5.0,False,False,True,손절,1,-1.052
023160,태광,2025-06-24,21100.0,21392.7,20468.39,4.321,14.29,0.66,3.65,True,False,False,미돌파,0,0.0
178320,서진시스템,2025-06-24,21800.0,22244.4,21523.57,3.24,9.09,0.76,-6.34,True,False,False,미돌파,0,0.0
375500,DL이앤씨,2025-06-24,48400.0,49047.9,46114.46,5.981,4.17,1.05,8.33,False,False,True,추적청산,4,1.089
002380,KCC,2025-06-24,308000.0,314628.0,304291.07,3.285,12.5,0.8,2.84,False,False,True,손절,2,-1.091
093370,후성,2025-06-24,5060.0,5180.34,4976.3,3.939,6.25,0.87,1.75,False,False,False,미돌파,0,0.0
030610,교보증권,2025-06-24,8780.0,8957.88,8632.25,3.635,12.0,1.13,0.57,False,False,True,손절,2,-1.083
195940,HK이노엔,2025-06-24,42900.0,43987.8,42298.93,3.839,3.85,0.91,-0.59,True,False,False,미돌파,0,0.0
009830,한화솔루션,2025-06-24,30466.0,31567.01,29966.7,5.07,7.75,0.75,2.56,True,False,True,손절,2,-1.059
175330,JB금융지주,2025-06-24,21350.0,22044.0,20996.36,4.753,5.88,0.97,2.51,False,False,False,미돌파,0,0.0
336570,원텍,2025-06-25,10650.0,10821.6,10380.54,4.076,5.56,0.37,1.48,False,False,True,추적청산,5,0.719
397030,에이프릴바이오,2025-06-25,17800.0,18156.24,17378.0,4.286,9.84,0.63,0.28,True,False,False,미돌파,0,0.0
000210,DL,2025-06-25,46200.0,48847.5,44441.88,9.019,6.33,2.97,-2.33,True,False,False,미돌파,0,0.0
036830,솔브레인홀딩스,2025-06-25,40600.0,40781.4,38221.07,6.278,4.65,0.79,1.34,False,True,True,손절,1,-1.048
259960,크래프톤,2025-06-25,357000.0,361722.0,344017.86,4.894,13.33,0.93,6.67,False,True,False,미돌파,0,0.0
178920,PI첨단소재,2025-06-25,17860.0,18096.12,17505.93,3.261,4.35,0.56,-3.66,True,False,False,미돌파,0,0.0
475830,오름테라퓨틱,2025-06-25,18090.0,19528.98,17057.96,12.653,14.04,2.16,0.93,False,False,True,시간손절,5,-0.331
052020,에스티큐브,2025-06-25,7000.0,7144.26,6792.54,4.923,6.9,0.93,-1.6,True,False,False,미돌파,0,0.0
196170,알테오젠,2025-06-25,300086.0,309167.1,295208.3,4.515,3.45,0.8,1.27,False,False,False,미돌파,0,0.0
204320,HL만도,2025-06-25,33900.0,34769.4,33347.86,4.088,12.5,1.64,-1.65,True,False,False,미돌파,0,0.0
003380,하림지주,2025-06-25,9320.0,9408.78,8985.82,4.495,0.0,0.59,-0.43,True,False,False,미돌파,0,0.0
003530,한화투자증권,2025-06-25,6830.0,6903.78,6502.48,5.813,12.9,0.56,1.3,False,True,False,미돌파,0,0.0
119850,지엔씨에너지,2025-06-25,33500.0,34969.8,31992.86,8.513,14.0,0.75,6.03,False,False,False,미돌파,0,0.0
294870,IPARK현대산업개발,2025-06-25,24950.0,25801.5,24418.39,5.361,13.04,1.04,0.6,True,False,False,미돌파,0,0.0
000880,한화,2025-06-25,92200.0,94087.8,88293.57,6.158,10.64,0.51,1.39,True,False,False,미돌파,0,0.0
161890,한국콜마,2025-06-25,89700.0,90480.6,87713.57,3.058,0.0,0.89,0.11,True,False,False,미돌파,0,0.0
006360,GS건설,2025-06-25,22400.0,23096.1,21989.29,4.792,11.11,0.9,0.88,False,False,False,미돌파,0,0.0
087010,펩트론,2025-06-25,203500.0,210420.0,197322.5,6.224,9.71,0.3,-10.0,True,False,True,손절,3,-1.048
222080,SFA넥셀,2025-06-25,7170.0,7264.5,7038.71,3.108,11.11,0.84,-3.61,True,False,True,손절,2,-1.097
131290,티에스이,2025-06-25,40450.0,40931.7,39486.25,3.531,8.7,0.77,-1.89,True,False,True,손절,2,-1.085
064960,SNT모티브,2025-06-25,31150.0,31262.4,30010.36,4.005,10.0,0.65,3.56,True,True,True,시간손절,5,0.554
043260,성호전자,2025-06-25,1177.0,1192.38,1163.47,2.424,14.29,0.17,0.76,True,False,False,미돌파,0,0.0
214450,파마리서치,2025-06-25,480500.0,487974.0,465221.43,4.663,8.82,0.57,-11.23,True,False,True,추적청산,5,0.052
083650,비에이치아이,2025-06-25,42800.0,43687.2,39510.62,9.56,0.0,0.73,4.99,True,False,False,미돌파,0,0.0
000500,가온전선,2025-06-26,35397.0,35801.46,34106.06,4.736,4.2,0.44,0.93,True,False,True,추적청산,4,0.437
002380,KCC,2025-06-26,310500.0,315129.0,301489.29,4.328,4.35,0.71,0.48,False,False,False,미돌파,0,0.0
041510,에스엠,2025-06-26,133800.0,135871.2,130664.29,3.832,4.88,0.34,0.89,False,False,True,추적청산,5,0.77
036460,한국가스공사,2025-06-26,40900.0,41232.3,39374.64,4.505,13.33,1.15,-8.2,True,True,True,추적청산,8,1.138
003530,한화투자증권,2025-06-26,6800.0,6913.8,6269.54,9.319,12.73,0.87,1.45,False,False,True,시간손절,5,-0.659
358570,지아이이노베이션,2025-06-26,21800.0,22244.4,21051.32,5.364,11.11,0.37,8.02,False,False,False,미돌파,0,0.0
075580,세진중공업,2025-06-26,11350.0,11573.1,10903.18,5.789,12.96,0.69,8.25,False,False,True,손절,5,-1.052
174900,앱클론,2025-06-26,10440.0,10691.34,10169.64,4.88,14.29,0.49,1.97,True,False,False,미돌파,0,0.0
003570,SNT다이내믹스,2025-06-26,53600.0,55009.8,51208.21,6.911,9.38,0.58,4.29,False,False,True,손절,5,-1.043
052690,한전기술,2025-06-26,110700.0,115731.0,102971.07,11.026,12.73,0.67,2.89,False,False,False,미돌파,0,0.0
009540,HD한국조선해양,2025-06-26,362500.0,370740.0,349391.07,5.758,8.33,1.23,4.35,False,False,True,손절,4,-1.052
178320,서진시스템,2025-06-26,22100.0,22444.8,21527.86,4.085,13.33,0.91,-8.6,True,False,False,미돌파,0,0.0
000810,삼성화재,2025-06-26,441500.0,443385.0,427653.57,3.548,12.0,0.53,-3.15,True,True,False,미돌파,0,0.0
082640,동양생명,2025-06-26,6980.0,7003.98,6661.57,4.889,3.57,0.65,1.27,False,True,False,미돌파,0,0.0
083650,비에이치아이,2025-06-26,41850.0,42484.8,40124.02,5.557,8.33,0.52,8.62,True,False,True,손절,3,-1.054
010130,고려아연,2025-06-26,793000.0,799596.0,777628.57,2.747,6.25,0.59,4.8,True,False,True,추적청산,4,0.491
028670,팬오션,2025-06-26,3805.0,3837.66,3710.18,3.322,0.0,0.57,3.55,False,False,False,미돌파,0,0.0
064350,현대로템,2025-06-26,196700.0,202404.0,188151.25,7.042,10.0,1.02,7.22,False,False,True,시간손절,5,-0.485
011200,HMM,2025-06-26,23100.0,23747.4,22693.57,4.438,11.76,0.85,-1.54,True,False,False,미돌파,0,0.0
336570,원텍,2025-06-26,10850.0,11242.44,10589.14,5.811,3.51,1.13,1.99,False,False,False,미돌파,0,0.0
001800,오리온홀딩스,2025-06-26,21550.0,21893.7,20987.14,4.141,7.14,0.4,1.37,True,False,True,추적청산,5,0.762
185750,종근당,2025-06-26,83400.0,83967.6,81103.21,3.411,4.17,0.96,-2.21,True,False,False,미돌파,0,0.0
035900,JYP Ent.,2025-06-27,73700.0,74248.2,72161.43,2.811,0.0,0.53,3.03,True,False,True,추적청산,4,0.393
001040,CJ,2025-06-27,158600.0,164328.0,155820.71,5.177,0.0,0.54,0.19,False,False,True,추적청산,3,0.442
064960,SNT모티브,2025-06-27,31250.0,31663.2,30668.93,3.14,13.33,0.87,2.04,False,False,False,미돌파,0,0.0
000070,삼양홀딩스,2025-06-27,57054.0,58103.98,56276.71,3.145,9.49,0.28,1.95,True,False,True,추적청산,5,0.501
267250,HD현대,2025-06-27,126800.0,133666.8,124071.43,7.179,13.25,0.6,1.55,True,False,False,미돌파,0,0.0
060250,NHN KCP,2025-06-27,11150.0,11372.7,10621.07,6.609,8.62,0.59,5.83,False,False,False,미돌파,0,0.0
000120,CJ대한통운,2025-06-27,87500.0,88576.8,85885.89,3.038,4.76,0.64,3.53,True,False,True,추적청산,7,0.629
101160,월덱스,2025-06-27,21650.0,22144.2,20841.11,5.885,4.55,1.02,0.23,False,False,False,미돌파,0,0.0
007390,네이처셀,2025-06-27,29250.0,30460.8,27836.07,8.617,8.89,1.03,-3.91,True,False,False,미돌파,0,0.0
352820,하이브,2025-06-27,305500.0,307113.0,296117.86,3.58,5.56,0.67,0.49,True,True,True,추적청산,4,0.32
064350,현대로템,2025-06-27,201000.0,209919.0,195286.96,6.97,0.0,0.81,5.19,False,False,False,미돌파,0,0.0
100090,SK오션플랜트,2025-06-27,18490.0,18697.32,18014.21,3.653,9.62,0.47,0.75,False,False,True,추적청산,6,1.371
021240,코웨이,2025-06-27,96500.0,99097.8,94990.0,4.145,0.0,0.6,1.33,False,False,False,미돌파,0,0.0
032830,삼성생명,2025-06-27,126300.0,130260.0,124248.21,4.615,2.04,0.77,0.71,False,False,True,손절,5,-1.065
028300,HLB,2025-06-27,47800.0,48546.9,46766.25,3.668,7.41,0.66,10.65,True,False,True,추적청산,6,0.588
009540,HD한국조선해양,2025-06-27,364000.0,373746.0,358471.43,4.087,12.5,0.61,3.06,False,False,True,손절,3,-1.073
052020,에스티큐브,2025-06-27,6820.0,6863.7,6645.32,3.182,0.0,0.65,2.57,False,False,False,미돌파,0,0.0
298380,에이비엘바이오,2025-06-27,65500.0,67935.6,64266.43,5.401,3.33,0.64,7.49,False,False,True,추적청산,5,0.444
098460,고영,2025-06-27,16280.0,16573.08,15981.25,3.571,8.89,0.48,0.12,False,False,False,미돌파,0,0.0
248070,솔루엠,2025-06-27,15230.0,15480.9,15076.93,2.609,3.33,0.93,4.21,False,False,True,추적청산,12,2.203
009830,한화솔루션,2025-06-27,31079.0,32464.8,30471.05,6.141,5.92,1.03,-2.49,True,False,False,미돌파,0,0.0
232140,와이씨,2025-06-27,10180.0,10450.86,9981.54,4.491,0.0,0.92,-0.1,True,False,False,미돌파,0,0.0
383800,LX홀딩스,2025-06-27,9340.0,9609.18,9173.21,4.537,0.0,0.55,0.43,True,False,True,추적청산,4,0.55
00104K,CJ4우(전환),2025-06-27,130400.0,134067.6,127616.07,4.812,5.66,0.71,0.31,False,False,False,미돌파,0,0.0
114090,GKL,2025-06-27,14890.0,14999.94,14517.36,3.217,5.26,0.71,1.33,False,False,True,추적청산,11,2.676
000500,가온전선,2025-06-27,35508.0,36914.68,34947.81,5.328,0.0,0.76,0.62,False,False,True,손절,3,-1.056
122870,와이지엔터테인먼트,2025-06-27,92200.0,93687.0,89596.43,4.366,5.88,0.6,1.6,False,False,True,손절,4,-1.069
001800,오리온홀딩스,2025-06-27,21600.0,22244.4,21264.46,4.405,0.0,0.61,1.37,True,False,True,추적청산,4,0.562
069960,현대백화점,2025-06-27,75400.0,76753.2,73147.86,4.697,10.0,0.92,0.92,False,False,True,시간손절,5,-0.106
005810,풍산홀딩스,2025-06-30,45850.0,46643.1,43637.14,6.445,10.87,0.42,10.45,False,False,True,추적청산,4,0.538
075580,세진중공업,2025-06-30,11440.0,11703.36,11188.39,4.4,10.0,0.49,4.98,False,False,True,손절,2,-1.068
140410,메지온,2025-06-30,38050.0,38677.2,37060.54,4.18,7.69,0.43,7.08,True,False,False,미돌파,0,0.0
006280,녹십자,2025-06-30,126300.0,127755.0,124795.36,2.317,4.55,0.59,0.24,True,False,True,추적청산,5,0.699
082640,동양생명,2025-06-30,6780.0,6913.8,6676.07,3.438,11.11,0.32,2.59,False,False,True,손절,4,-1.087
499790,GS피앤엘,2025-06-30,36050.0,37224.3,34983.04,6.021,13.89,0.55,3.87,False,False,True,손절,2,-1.05
290650,엘앤씨바이오,2025-06-30,27750.0,27905.7,26145.0,6.309,6.9,0.78,4.31,False,True,True,추적청산,9,1.374
180640,한진칼,2025-06-30,118200.0,121843.2,116402.5,4.465,9.52,0.54,6.34,True,False,True,손절,2,-1.178
950160,코오롱티슈진,2025-06-30,41100.0,42484.8,39067.5,8.044,3.57,0.39,9.87,False,False,True,시간손절,5,-0.223
028670,팬오션,2025-06-30,3715.0,3767.52,3664.59,2.732,13.33,0.42,5.59,True,False,True,추적청산,6,0.669
064960,SNT모티브,2025-06-30,31300.0,31512.9,30466.25,3.321,0.0,0.5,1.88,True,False,True,추적청산,5,0.404
298380,에이비엘바이오,2025-06-30,67200.0,69238.2,65750.36,5.037,14.29,0.91,1.32,False,False,False,미돌파,0,0.0
006340,대원전선,2025-06-30,3065.0,3136.26,3006.73,4.13,14.29,0.64,0.97,True,False,True,추적청산,2,0.427
060250,NHN KCP,2025-06-30,10970.0,11252.46,10543.32,6.302,12.96,0.42,11.17,False,False,True,추적청산,3,0.169
030520,한컴,2025-06-30,30550.0,31162.2,29606.07,4.994,13.04,0.37,10.41,True,False,True,손절,2,-1.06
030530,원익홀딩스,2025-06-30,5470.0,5691.36,5352.2,5.959,3.7,0.47,1.08,False,False,True,추적청산,4,0.713
069620,대웅제약,2025-06-30,144000.0,146091.6,141630.71,3.053,5.88,0.49,5.08,True,False,True,추적청산,6,1.299
008770,호텔신라,2025-06-30,51700.0,52304.4,50951.43,2.587,10.0,0.52,-1.37,True,False,False,미돌파,0,0.0
086520,에코프로,2025-06-30,45150.0,46392.6,44291.61,4.529,6.06,0.61,-5.37,True,False,True,추적청산,5,0.434
028260,삼성물산,2025-06-30,161400.0,165029.4,158108.93,4.193,8.93,0.51,0.12,False,False,True,추적청산,2,0.426
475830,오름테라퓨틱,2025-06-30,18970.0,19428.78,18200.11,6.324,8.91,0.59,-10.42,True,False,True,손절,2,-1.047
004370,농심,2025-06-30,393000.0,395289.0,390030.36,1.33,0.0,0.58,1.01,False,False,True,추적청산,4,0.437
014620,성광벤드,2025-06-30,29850.0,30611.1,29217.68,4.552,14.29,0.45,6.72,False,False,True,손절,2,-1.066
000270,기아,2025-06-30,96900.0,98396.4,96157.5,2.275,0.0,0.6,-1.04,True,False,True,추적청산,5,0.481
450080,에코프로머티,2025-06-30,45400.0,47394.6,44432.68,6.249,6.12,0.65,-6.57,True,False,True,추적청산,6,0.672
004020,현대제철,2025-06-30,29400.0,29909.7,28987.14,3.084,7.14,0.72,-2.08,True,False,True,추적청산,6,2.62
082920,비츠로셀,2025-06-30,14257.0,14461.87,14045.94,2.876,8.58,0.4,5.83,False,False,False,미돌파,0,0.0
356860,티엘비,2025-06-30,10536.0,11250.46,10182.75,9.49,7.55,0.87,0.45,False,False,False,미돌파,0,0.0
007070,GS리테일,2025-06-30,16650.0,16923.78,16471.68,2.671,11.76,0.54,1.83,True,False,True,추적청산,4,0.388
001270,부국증권,2025-06-30,40900.0,41633.1,39758.75,4.502,6.9,0.19,4.88,False,False,True,추적청산,2,0.433
237690,에스티팜,2025-06-30,77000.0,77855.4,75727.14,2.734,6.25,0.5,1.66,True,False,True,추적청산,4,1.998
088980,맥쿼리인프라,2025-07-01,11480.0,11593.14,11438.46,1.334,0.0,0.64,3.2,False,False,False,미돌파,0,0.0
025540,한국단자,2025-07-01,65500.0,66933.6,64671.07,3.38,0.0,0.56,1.21,False,False,False,미돌파,0,0.0
166090,하나머티리얼즈,2025-07-01,25700.0,26152.2,25345.18,3.086,8.33,0.61,-0.59,True,False,False,미돌파,0,0.0
048410,현대바이오,2025-07-01,4455.0,4509.0,4370.78,3.065,10.0,0.52,0.56,False,False,True,추적청산,11,9.052
415640,KB발해인프라,2025-07-01,8160.0,8176.32,8046.64,1.586,11.11,0.13,2.86,False,True,False,미돌파,0,0.0
326030,SK바이오팜,2025-07-01,92400.0,93887.4,91542.14,2.498,0.0,0.88,0.54,True,False,True,손절,1,-1.12
397030,에이프릴바이오,2025-07-01,16490.0,16793.52,16037.11,4.504,8.33,0.97,6.84,True,False,True,추적청산,3,0.433
010140,삼성중공업,2025-07-01,16780.0,17384.7,16530.71,4.912,14.08,0.98,1.64,False,False,False,미돌파,0,0.0
069620,대웅제약,2025-07-01,145000.0,146692.8,142155.36,3.093,14.29,0.55,4.1,True,False,True,추적청산,5,1.219
141080,리가켐바이오,2025-07-01,114300.0,117434.4,110857.86,5.6,3.64,0.97,-6.42,True,False,True,추적청산,4,0.565
373220,LG에너지솔루션,2025-07-01,297500.0,300600.0,291021.43,3.186,13.33,0.9,1.0,True,False,True,추적청산,5,0.74
009540,HD한국조선해양,2025-07-01,365000.0,373746.0,358030.36,4.205,8.0,0.66,6.89,False,False,False,미돌파,0,0.0
039130,하나투어,2025-07-01,54700.0,55611.0,54038.57,2.828,0.0,0.54,0.36,False,False,False,미돌파,0,0.0
124500,아이티센글로벌,2025-07-01,25400.0,27204.3,23793.04,12.539,12.73,0.36,21.85,True,False,False,미돌파,0,0.0
358570,지아이이노베이션,2025-07-01,20350.0,21042.0,19269.54,8.423,6.67,1.18,10.75,False,False,True,손절,4,-1.036
000990,DB하이텍,2025-07-01,46700.0,48396.6,46073.57,4.8,12.82,1.18,0.64,False,False,False,미돌파,0,0.0
035900,JYP Ent.,2025-07-01,74600.0,76252.2,73482.86,3.632,8.7,0.88,1.84,False,False,True,손절,1,-1.083
361610,SK아이이테크놀로지,2025-07-01,27600.0,28156.2,26732.5,5.056,4.35,0.82,2.3,False,False,False,미돌파,0,0.0
086520,에코프로,2025-07-01,45500.0,46542.9,44386.25,4.634,14.71,0.77,6.95,True,False,False,미돌파,0,0.0
082640,동양생명,2025-07-01,6870.0,7094.16,6726.18,5.187,3.23,0.94,0.43,False,False,False,미돌파,0,0.0
075580,세진중공업,2025-07-01,11500.0,11853.66,11238.18,5.192,2.0,0.45,5.97,False,False,False,미돌파,0,0.0
009520,포스코엠텍,2025-07-01,11600.0,11883.72,11137.43,6.28,3.03,0.93,1.19,False,False,False,미돌파,0,0.0
067160,SOOP,2025-07-02,90700.0,91683.0,89020.0,2.905,5.0,0.53,1.31,False,False,False,미돌파,0,0.0
014620,성광벤드,2025-07-02,29850.0,30310.5,28292.86,6.657,8.82,0.47,1.16,False,True,False,미돌파,0,0.0
095610,테스,2025-07-02,24950.0,25250.4,24025.36,4.852,5.0,1.06,4.59,False,False,True,추적청산,4,0.805
402340,SK스퀘어,2025-07-02,176200.0,179558.4,169018.21,5.87,5.95,0.76,8.32,False,False,False,미돌파,0,0.0
214320,이노션,2025-07-02,20200.0,20390.7,19853.64,2.634,12.2,0.32,0.74,False,False,True,손절,3,-1.114
071050,한국금융지주,2025-07-02,138700.0,142384.2,134737.86,5.37,6.25,1.0,5.19,False,False,False,미돌파,0,0.0
137310,에스디바이오센서,2025-07-02,10310.0,10510.98,10182.04,3.13,4.0,0.46,5.93,True,False,True,손절,2,-1.096
322000,HD현대에너지솔루션,2025-07-02,44800.0,45440.7,43098.04,5.155,2.63,0.28,2.71,False,False,True,손절,3,-1.292
015750,성우하이텍,2025-07-02,5980.0,6042.06,5849.79,3.182,13.33,0.68,0.0,True,False,True,손절,4,-1.094
347700,스피어,2025-07-02,10170.0,10240.44,9595.79,6.295,1.96,0.39,2.96,False,True,True,손절,3,-1.351
064350,현대로템,2025-07-02,203000.0,206412.0,190626.61,7.648,14.81,1.03,-5.84,True,True,True,손절,2,-1.039
145020,휴젤,2025-07-02,365500.0,378255.0,357516.07,5.483,2.94,1.12,3.31,True,False,True,손절,3,-1.055
003240,태광산업,2025-07-02,1032000.0,1038072.0,984853.57,5.127,2.44,0.88,4.62,False,True,True,추적청산,2,0.441
034220,LG디스플레이,2025-07-02,9120.0,9248.46,8914.79,3.608,11.11,0.71,2.36,True,False,True,시간손절,5,0.011
019210,와이지-원,2025-07-02,6080.0,6092.16,5945.25,2.411,9.09,0.3,2.09,True,True,True,손절,3,-1.124
307950,현대오토에버,2025-07-02,170800.0,173446.2,165961.79,4.315,7.27,0.6,4.1,False,False,False,미돌파,0,0.0
003690,코리안리,2025-07-02,10200.0,10260.48,9974.79,2.784,13.64,0.54,3.68,True,True,False,미돌파,0,0.0
005940,NH투자증권,2025-07-02,20100.0,20290.5,19707.29,2.874,0.0,0.66,2.9,False,False,True,손절,3,-1.117
036810,에프에스티,2025-07-02,17999.0,18174.28,17469.04,3.88,5.12,0.65,-1.28,True,False,True,추적청산,4,1.331
044490,태웅,2025-07-02,30450.0,30911.7,28025.89,9.336,2.27,0.41,17.37,False,False,True,추적청산,7,0.656
082270,젬백스,2025-07-02,62000.0,62625.0,59142.14,5.561,7.41,0.54,1.43,False,False,False,미돌파,0,0.0
214450,파마리서치,2025-07-02,470000.0,483966.0,454825.0,6.021,2.17,0.58,2.19,False,False,True,추적청산,7,1.892
195940,HK이노엔,2025-07-02,42800.0,43386.6,42202.32,2.73,0.0,0.37,1.04,False,False,True,손절,4,-1.11
071320,지역난방공사,2025-07-02,81400.0,82063.8,78568.93,4.259,7.41,0.39,6.86,False,True,True,추적청산,8,1.465
009520,포스코엠텍,2025-07-02,11620.0,11643.24,11341.5,2.592,9.09,0.56,2.76,True,True,True,추적청산,4,0.379
415640,KB발해인프라,2025-07-02,8050.0,8076.12,7926.75,1.85,9.09,0.19,3.94,False,True,True,추적청산,2,0.083
069620,대웅제약,2025-07-02,145300.0,147494.4,142668.21,3.272,7.89,0.56,0.14,False,False,True,추적청산,4,1.093
226950,올릭스,2025-07-02,38850.0,40380.6,37300.18,7.628,8.0,0.74,1.15,False,False,False,미돌파,0,0.0
145990,삼양사,2025-07-02,53900.0,54007.8,52142.86,3.453,6.67,1.08,-4.05,True,True,True,추적청산,8,1.51
131970,두산테스나,2025-07-02,25450.0,26001.9,24668.57,5.128,14.29,0.49,13.29,True,False,True,추적청산,5,1.116
240810,원익IPS,2025-07-02,26450.0,26903.7,25694.64,4.494,15.0,0.57,3.11,True,False,True,추적청산,4,0.742
122640,예스티,2025-07-02,16060.0,16222.38,15443.64,4.8,13.33,0.6,4.8,False,False,True,추적청산,8,0.789
009240,한샘,2025-07-02,45000.0,45741.3,43830.36,4.178,6.25,0.76,4.05,False,False,False,미돌파,0,0.0
222080,SFA넥셀,2025-07-02,6990.0,7003.98,6818.71,2.645,0.0,0.72,2.51,True,True,True,추적청산,3,0.387
178320,서진시스템,2025-07-02,21400.0,21793.5,20928.93,3.967,14.29,0.53,1.15,False,False,True,추적청산,3,0.544
090430,아모레퍼시픽,2025-07-02,136600.0,139077.6,131901.61,5.16,15.0,0.52,1.59,False,False,False,미돌파,0,0.0
006110,삼아알미늄,2025-07-02,18030.0,18126.18,17627.79,2.75,5.56,0.56,3.74,False,False,True,추적청산,4,0.656
000270,기아,2025-07-02,100000.0,100901.4,98296.79,2.581,10.26,0.89,1.09,False,False,True,손절,4,-1.116
036930,주성엔지니어링,2025-07-02,30850.0,31262.4,30027.5,3.95,5.0,0.58,3.89,False,False,True,손절,5,-1.076
397030,에이프릴바이오,2025-07-02,16510.0,16923.78,16064.0,5.08,12.86,0.55,7.25,True,False,True,시간손절,5,0.285
457190,이수스페셜티케미컬,2025-07-02,42900.0,42985.8,41184.11,4.191,11.11,0.5,-1.06,True,True,True,추적청산,3,0.46
112610,씨에스윈드,2025-07-02,47700.0,48045.9,46396.25,3.433,4.0,0.91,0.21,False,False,True,추적청산,3,0.368
024110,기업은행,2025-07-02,18530.0,18677.28,18109.93,3.038,13.04,0.67,1.38,False,False,True,추적청산,10,2.624
140410,메지온,2025-07-02,37800.0,38526.9,37024.46,3.9,8.33,0.54,5.14,True,False,True,손절,4,-1.077
078930,GS,2025-07-02,48800.0,49098.0,46606.79,5.074,6.98,0.78,-4.39,True,True,True,추적청산,8,0.943
278280,천보,2025-07-02,40100.0,40230.3,38825.18,3.493,4.76,0.65,5.31,False,True,True,추적청산,4,0.421
183300,코미코,2025-07-02,35193.0,35723.3,34341.06,3.869,5.0,0.46,4.56,False,False,True,추적청산,3,0.422
035720,카카오,2025-07-03,59500.0,61522.8,58134.64,5.507,11.54,0.42,5.71,True,False,False,미돌파,0,0.0
025540,한국단자,2025-07-03,66000.0,66633.0,65224.64,2.114,0.0,0.47,2.08,False,False,True,손절,1,-1.142
192400,쿠쿠홀딩스,2025-07-03,31600.0,31763.4,30452.5,4.127,10.0,0.66,-4.81,True,True,True,손절,1,-1.073
032500,케이엠더블유,2025-07-03,13170.0,14378.7,12532.11,12.843,9.52,2.17,5.18,False,False,True,시간손절,5,0.091
030610,교보증권,2025-07-03,8440.0,8657.28,8226.32,4.978,5.56,0.74,3.21,False,False,False,미돌파,0,0.0
016360,삼성증권,2025-07-03,72500.0,74749.2,70827.5,5.246,12.12,0.82,4.23,False,False,False,미돌파,0,0.0
003690,코리안리,2025-07-03,10240.0,10270.5,9976.39,2.864,0.0,0.83,0.19,False,True,True,추적청산,9,1.941
189300,인텔리안테크,2025-07-03,49000.0,49498.8,47622.32,3.791,7.14,0.92,2.58,False,False,False,미돌파,0,0.0
005830,DB손해보험,2025-07-03,123400.0,124648.8,121273.21,2.708,8.0,0.92,0.96,False,False,True,추적청산,9,2.456
214430,아이쓰리시스템,2025-07-03,95000.0,96693.0,91746.07,5.116,0.0,0.65,4.04,False,False,True,추적청산,12,2.352
000810,삼성화재,2025-07-03,441000.0,446892.0,432314.29,3.262,4.35,0.49,0.11,True,False,False,미돌파,0,0.0
102710,이엔에프테크놀로지,2025-07-03,38900.0,39428.7,38150.36,3.242,5.26,0.58,0.77,False,False,True,추적청산,2,0.24
001720,신영증권,2025-07-03,122900.0,125450.4,118979.64,5.158,5.66,0.53,-5.13,True,False,False,미돌파,0,0.0
090710,휴림로봇,2025-07-04,3055.0,3156.3,2867.57,9.148,6.25,0.57,2.4,False,False,False,미돌파,0,0.0
295310,에이치브이엠,2025-07-04,28050.0,29258.4,27035.36,7.598,13.16,0.65,6.19,True,False,False,미돌파,0,0.0
222080,SFA넥셀,2025-07-04,7180.0,7254.48,7007.86,3.4,0.0,0.96,-3.46,True,False,False,미돌파,0,0.0
460860,동국제강,2025-07-04,10300.0,10721.4,9613.46,10.334,11.76,1.59,-9.11,True,False,True,시간손절,5,0.394
082270,젬백스,2025-07-04,59200.0,60120.0,56485.0,6.046,6.9,0.79,7.36,False,False,False,미돌파,0,0.0
012750,에스원,2025-07-04,69300.0,70440.6,68680.36,2.499,7.14,0.66,-2.06,True,False,True,추적청산,7,0.454
079940,가비아,2025-07-04,25700.0,26252.4,24830.71,5.415,12.5,0.57,2.28,True,False,False,미돌파,0,0.0
020150,롯데에너지머티리얼즈,2025-07-04,23200.0,23296.5,22609.11,2.951,0.0,0.66,-4.74,True,True,True,손절,1,-1.102
284740,쿠쿠홈시스,2025-07-04,26700.0,27354.6,26157.5,4.376,5.0,0.59,-6.37,True,False,False,미돌파,0,0.0
336370,솔루스첨단소재,2025-07-07,8500.0,8867.7,8372.86,5.58,11.63,2.17,-4.81,True,False,False,미돌파,0,0.0
375500,DL이앤씨,2025-07-07,48800.0,49949.7,46704.46,6.497,8.0,0.71,5.79,False,False,True,시간손절,5,-0.293
181710,NHN,2025-07-07,28000.0,28506.9,27217.14,4.524,10.53,0.26,4.6,False,False,True,추적청산,6,0.683
475960,토모큐브,2025-07-07,23950.0,24498.9,23303.57,4.879,5.56,0.47,6.45,True,False,True,추적청산,6,0.774
214150,클래시스,2025-07-07,59800.0,61322.4,56201.43,8.351,10.87,0.43,4.63,False,False,False,미돌파,0,0.0
128940,한미약품,2025-07-07,284000.0,286572.0,279762.5,2.376,10.0,0.38,0.7,False,False,True,손절,2,-1.126
195940,HK이노엔,2025-07-07,42550.0,43086.0,42073.21,2.351,0.0,0.32,0.58,False,False,False,미돌파,0,0.0
294870,IPARK현대산업개발,2025-07-07,22250.0,22444.8,21492.5,4.243,6.67,1.03,0.89,True,True,True,추적청산,5,0.905
010950,S-Oil,2025-07-07,62200.0,62925.6,60497.86,3.858,15.0,0.35,-3.84,True,False,False,미돌파,0,0.0
079940,가비아,2025-07-07,25400.0,26202.3,24877.5,5.056,13.64,0.57,6.1,True,False,False,미돌파,0,0.0
403870,HPSP,2025-07-07,26800.0,27304.5,26431.79,3.196,0.0,0.32,3.42,False,False,False,미돌파,0,0.0
005690,파미셀,2025-07-07,10980.0,11322.6,10544.0,6.877,11.67,0.51,17.32,False,False,True,추적청산,4,0.898
041510,에스엠,2025-07-07,129300.0,133065.6,126408.93,5.003,7.41,0.67,8.3,True,False,True,시간손절,5,0.14
018290,브이티,2025-07-07,34000.0,34819.5,33515.36,3.745,0.0,0.35,3.68,True,False,False,미돌파,0,0.0
009970,영원무역홀딩스,2025-07-07,131600.0,135270.0,129123.57,4.544,6.0,0.69,5.39,False,False,True,추적청산,7,0.542
064760,티씨케이,2025-07-07,106400.0,108216.0,104435.36,3.494,0.0,1.04,0.93,False,False,False,미돌파,0,0.0
021240,코웨이,2025-07-07,96600.0,98396.4,94913.93,3.539,14.81,0.55,0.21,True,False,True,추적청산,3,0.415
131290,티에스이,2025-07-07,39300.0,39579.0,38619.46,2.424,14.29,0.69,0.51,False,True,True,시간손절,5,-0.936
032820,우리기술,2025-07-07,4205.0,4483.95,3972.0,11.417,10.59,0.45,15.9,True,False,False,미돌파,0,0.0
089860,롯데렌탈,2025-07-07,34750.0,34919.7,32476.25,6.997,13.33,0.52,-1.46,True,True,False,미돌파,0,0.0
082920,비츠로셀,2025-07-07,13954.0,14108.16,13618.55,3.47,13.19,0.36,2.13,True,False,True,시간손절,5,-0.401
078930,GS,2025-07-07,48300.0,48697.2,47210.0,3.054,4.35,0.41,-3.54,True,False,True,추적청산,5,1.378
002380,KCC,2025-07-07,317000.0,321642.0,312962.5,2.698,7.69,0.74,-1.6,True,False,True,추적청산,9,3.664
000070,삼양홀딩스,2025-07-07,57788.0,58639.04,56514.4,3.623,4.02,0.34,0.69,False,False,True,추적청산,7,2.054
319400,현대무벡스,2025-07-07,4920.0,5070.12,4801.3,5.302,9.52,0.5,6.46,True,False,False,미돌파,0,0.0
047040,대우건설,2025-07-07,4035.0,4088.16,3954.18,3.277,15.0,0.68,3.47,True,False,True,시간손절,5,0.221
003090,대웅,2025-07-07,22800.0,23046.0,22048.93,4.326,0.0,0.46,1.08,True,False,True,추적청산,6,2.564
086790,하나금융지주,2025-07-07,85700.0,87073.8,83605.71,3.983,10.34,0.83,0.7,False,False,True,추적청산,4,1.164
352820,하이브,2025-07-08,281500.0,287073.0,278366.07,3.033,7.69,1.1,10.21,False,False,False,미돌파,0,0.0
079900,전진건설로봇,2025-07-08,51400.0,52304.4,49921.07,4.557,5.56,0.3,10.45,False,False,False,미돌파,0,0.0
097230,HJ중공업,2025-07-08,7450.0,7635.24,7207.25,5.605,2.94,0.34,5.46,False,False,False,미돌파,0,0.0
011790,SKC,2025-07-08,97847.0,100020.64,95579.01,4.441,8.33,0.52,0.38,False,False,False,미돌파,0,0.0
329180,HD현대중공업,2025-07-08,389500.0,393285.0,375242.86,4.588,14.29,0.75,7.37,False,True,True,시간손절,5,0.002
119850,지엔씨에너지,2025-07-08,35850.0,36172.2,34125.0,5.66,6.25,0.41,0.14,False,False,False,미돌파,0,0.0
237690,에스티팜,2025-07-08,83700.0,84869.4,81818.93,3.594,4.17,0.78,0.83,False,False,False,미돌파,0,0.0
082920,비츠로셀,2025-07-08,14055.0,14360.66,13717.12,4.481,9.43,0.6,1.76,True,False,True,손절,4,-1.067
263750,펄어비스,2025-07-08,41000.0,41683.2,40500.18,2.838,11.11,0.45,3.76,False,False,True,손절,1,-1.106
213420,덕산네오룩스,2025-07-08,32050.0,32865.6,31246.43,4.927,3.7,1.0,8.82,True,False,False,미돌파,0,0.0
112610,씨에스윈드,2025-07-08,47100.0,47945.7,46521.43,2.971,4.76,0.44,0.32,False,False,False,미돌파,0,0.0
017960,한국카본,2025-07-08,23350.0,23947.8,22811.43,4.745,11.11,0.61,9.67,False,False,False,미돌파,0,0.0
272210,한화시스템,2025-07-08,53000.0,53406.6,50997.5,4.511,11.11,0.4,9.09,False,False,True,추적청산,3,0.826
066570,LG전자,2025-07-08,73600.0,74749.2,72632.5,2.832,0.0,1.07,2.39,False,False,False,미돌파,0,0.0
052690,한전기술,2025-07-08,91900.0,93687.0,88328.93,5.719,10.0,0.32,7.55,False,False,True,손절,4,-1.052
443060,HD현대마린솔루션,2025-07-08,190000.0,192484.2,184919.64,3.93,10.17,0.47,8.87,False,False,True,손절,4,-1.076
950160,코오롱티슈진,2025-07-08,42200.0,44488.8,40951.25,7.952,1.69,0.65,-1.69,True,False,False,미돌파,0,0.0
009450,경동나비엔,2025-07-08,72700.0,73947.6,70957.14,4.044,8.0,1.19,0.41,False,False,False,미돌파,0,0.0
295310,에이치브이엠,2025-07-08,27600.0,28707.3,26426.25,7.946,10.26,0.98,5.8,False,False,True,추적청산,9,1.085
025540,한국단자,2025-07-08,64600.0,66031.8,63005.36,4.583,11.54,0.98,1.37,False,False,False,미돌파,0,0.0
006400,삼성SDI,2025-07-08,175000.0,178857.0,172983.21,3.284,8.89,0.82,1.8,True,False,False,미돌파,0,0.0
375500,DL이앤씨,2025-07-08,49350.0,50801.4,47854.46,5.801,2.27,0.63,7.76,False,False,False,미돌파,0,0.0
298020,효성티앤씨,2025-07-08,259000.0,264027.0,253908.93,3.832,12.5,0.75,-0.97,True,False,False,미돌파,0,0.0
336370,솔루스첨단소재,2025-07-08,8420.0,8587.14,8262.11,3.785,7.69,0.72,-3.06,True,False,False,미돌파,0,0.0
019210,와이지-원,2025-07-08,5930.0,6001.98,5869.96,2.2,10.0,0.32,1.5,True,False,False,미돌파,0,0.0
001820,삼화콘덴서,2025-07-08,25650.0,25951.8,25270.36,2.626,0.0,0.37,1.35,False,False,True,시간손절,5,0.617
009970,영원무역홀딩스,2025-07-08,135300.0,137674.8,130966.43,4.873,8.93,0.47,4.31,False,False,True,시간손절,5,0.151
300720,한일시멘트,2025-07-08,18330.0,18486.9,18078.14,2.211,10.34,0.48,2.24,False,False,True,추적청산,7,1.09
185750,종근당,2025-07-09,84400.0,85771.2,83604.29,2.526,11.76,1.14,2.76,True,False,True,손절,2,-1.119
263750,펄어비스,2025-07-09,40950.0,41933.7,40302.86,3.889,14.81,0.59,1.68,False,False,False,미돌파,0,0.0
329180,HD현대중공업,2025-07-09,395000.0,403806.0,388216.07,3.861,8.7,0.66,3.07,False,False,False,미돌파,0,0.0
003240,태광산업,2025-07-09,1128000.0,1141278.0,1051185.71,7.894,8.97,1.84,-9.3,True,True,True,추적청산,4,0.893
204270,제이앤티씨,2025-07-09,15710.0,16072.08,15337.21,4.572,3.64,0.32,2.12,True,False,True,추적청산,6,1.202
128940,한미약품,2025-07-09,281500.0,282063.0,274800.0,2.575,0.0,0.8,2.6,True,True,True,추적청산,9,0.861
025540,한국단자,2025-07-09,64700.0,65430.6,63507.5,2.939,6.67,0.74,1.22,False,False,False,미돌파,0,0.0
082740,한화엔진,2025-07-09,26750.0,26903.7,25953.93,3.53,14.29,0.44,3.25,False,True,True,손절,3,-1.085
336260,두산퓨얼셀,2025-07-09,22750.0,23196.3,22012.14,5.105,5.56,0.3,0.22,False,False,True,추적청산,3,0.633
018880,한온시스템,2025-07-09,2969.0,2998.99,2902.53,3.216,0.0,0.66,2.3,True,False,True,시간손절,5,-0.643
051600,한전KPS,2025-07-09,55600.0,56112.0,53796.43,4.127,5.88,0.22,3.97,False,False,False,미돌파,0,0.0
282330,BGF리테일,2025-07-09,122700.0,124749.0,121182.86,2.859,3.7,0.65,5.47,True,False,False,미돌파,0,0.0
103590,일진전기,2025-07-09,38700.0,39027.9,36956.07,5.309,12.12,0.45,5.72,False,True,True,추적청산,6,0.443
093370,후성,2025-07-09,4845.0,4959.9,4755.09,4.129,2.94,0.38,0.1,False,False,False,미돌파,0,0.0
047810,한국항공우주,2025-07-09,86900.0,88777.2,85491.43,3.701,4.0,0.52,2.8,False,False,False,미돌파,0,0.0
207940,삼성바이오로직스,2025-07-09,1498235.0,1511555.08,1478787.39,2.168,5.88,0.73,-0.89,True,False,True,추적청산,4,0.652
035760,CJ ENM,2025-07-09,69900.0,71041.8,68520.0,3.55,5.26,0.55,1.83,False,False,False,미돌파,0,0.0
056190,SFA,2025-07-09,23050.0,23446.8,22595.0,3.633,14.29,0.94,0.86,True,False,True,추적청산,5,1.065
298020,효성티앤씨,2025-07-09,258500.0,263526.0,255989.29,2.86,9.09,0.38,5.66,True,False,False,미돌파,0,0.0
035900,JYP Ent.,2025-07-09,71300.0,71943.6,69978.57,2.731,6.67,0.76,4.04,True,False,False,미돌파,0,0.0
051900,LG생활건강,2025-07-09,322000.0,328155.0,319171.43,2.738,14.29,1.22,0.62,False,False,True,추적청산,5,0.744
122870,와이지엔터테인먼트,2025-07-09,86600.0,88376.4,83370.0,5.665,7.14,0.87,5.66,False,False,False,미돌파,0,0.0
041960,코미팜,2025-07-09,5410.0,5500.98,5264.04,4.307,11.11,0.3,1.1,True,False,True,추적청산,5,0.196
336370,솔루스첨단소재,2025-07-09,8500.0,8597.16,8342.75,2.959,5.26,0.7,-4.42,True,False,True,추적청산,3,0.399
100090,SK오션플랜트,2025-07-09,20400.0,20791.5,19602.46,5.719,5.15,0.97,-0.99,True,False,True,시간손절,5,-0.802
017670,SK텔레콤,2025-07-09,55000.0,56112.0,54600.71,2.693,0.0,0.94,5.01,False,False,False,미돌파,0,0.0
000500,가온전선,2025-07-09,36619.0,36859.57,35320.11,4.177,9.08,0.59,-2.33,True,True,True,시간손절,5,-0.409
011210,현대위아,2025-07-09,47400.0,48146.1,46323.66,3.785,13.33,0.73,-1.07,True,False,True,추적청산,6,1.259
041510,에스엠,2025-07-09,133900.0,137374.2,129488.57,5.74,1.52,0.69,7.34,False,False,False,미돌파,0,0.0
145020,휴젤,2025-07-09,361000.0,364227.0,350503.57,3.768,14.29,0.49,1.23,False,False,True,손절,2,-1.08
025540,한국단자,2025-07-10,65000.0,65530.8,63706.43,2.784,14.29,0.87,1.52,False,False,True,시간손절,5,0.259
047810,한국항공우주,2025-07-10,86700.0,87975.6,85207.5,3.146,0.0,0.61,2.47,False,False,False,미돌파,0,0.0
347700,스피어,2025-07-10,10200.0,10541.04,9974.36,5.376,2.27,0.45,-1.69,True,False,False,미돌파,0,0.0
322000,HD현대에너지솔루션,2025-07-10,43450.0,43987.8,42566.61,3.231,0.0,0.46,3.55,False,False,True,추적청산,2,0.407
298380,에이비엘바이오,2025-07-10,68000.0,70641.0,65874.29,6.748,0.0,1.06,3.82,False,False,True,손절,2,-1.044
044490,태웅,2025-07-10,33400.0,35120.1,31711.61,9.705,7.14,0.5,-6.54,True,False,False,미돌파,0,0.0
319400,현대무벡스,2025-07-10,5010.0,5120.22,4914.55,4.017,12.9,0.48,0.2,True,False,True,손절,2,-1.075
126340,비나텍,2025-07-10,29393.0,30278.44,28935.47,4.435,0.0,0.52,1.14,False,False,False,미돌파,0,0.0
041510,에스엠,2025-07-10,133800.0,134969.4,129699.29,3.905,12.5,0.89,1.4,False,True,True,손절,5,-1.077
017670,SK텔레콤,2025-07-10,55300.0,55911.6,54908.21,1.795,14.29,0.95,3.99,False,False,True,시간손절,5,0.32
009540,HD한국조선해양,2025-07-10,329000.0,335670.0,323966.07,3.487,11.76,0.67,0.45,False,False,False,미돌파,0,0.0
035720,카카오,2025-07-10,60800.0,61923.6,59178.21,4.434,9.52,0.47,-2.18,True,False,True,손절,2,-1.068
120110,코오롱인더,2025-07-10,45200.0,45941.7,43921.25,4.398,0.0,0.83,1.85,False,False,True,추적청산,5,0.432
035760,CJ ENM,2025-07-10,69700.0,70741.2,67530.71,4.538,11.54,1.03,3.6,True,False,True,시간손절,5,-0.39
000250,삼천당제약,2025-07-10,163600.0,165229.8,158192.86,4.259,14.81,0.65,-5.68,True,True,False,미돌파,0,0.0
195940,HK이노엔,2025-07-10,43100.0,43837.5,42573.75,2.883,10.0,1.25,1.93,True,False,False,미돌파,0,0.0
383220,F&F,2025-07-10,81100.0,82665.0,79402.5,3.947,7.41,0.8,1.46,True,False,False,미돌파,0,0.0
178920,PI첨단소재,2025-07-10,18490.0,18977.88,18261.07,3.777,3.39,1.15,1.75,False,False,True,손절,5,-1.079
347850,디앤디파마텍,2025-07-10,31982.0,32722.31,30973.78,5.344,11.1,0.86,-2.0,True,False,False,미돌파,0,0.0
247540,에코프로비엠,2025-07-10,101500.0,103506.6,99904.64,3.48,3.7,1.32,4.43,True,False,True,시간손절,5,-0.255
000270,기아,2025-07-10,100100.0,101402.4,98861.79,2.505,10.53,1.15,0.0,True,False,True,손절,5,-1.12
251270,넷마블,2025-07-10,62000.0,62625.0,60491.43,3.407,11.76,1.13,0.16,True,False,True,손절,5,-1.088
089860,롯데렌탈,2025-07-10,34750.0,35195.25,34424.91,2.189,0.0,0.73,0.71,False,False,False,미돌파,0,0.0
032830,삼성생명,2025-07-11,131600.0,134769.0,127952.5,5.058,8.77,0.47,-6.21,True,False,True,추적청산,4,0.597
140410,메지온,2025-07-11,36650.0,37474.8,35871.07,4.279,7.41,0.67,3.81,True,False,False,미돌파,0,0.0
081660,미스토홀딩스,2025-07-11,37050.0,37775.4,36589.29,3.14,0.0,0.62,2.11,False,False,False,미돌파,0,0.0
066570,LG전자,2025-07-11,75300.0,76252.2,74490.36,2.311,7.69,0.55,2.46,True,False,True,추적청산,2,0.37
185750,종근당,2025-07-11,84500.0,84969.6,83301.07,1.964,0.0,0.95,2.09,True,False,False,미돌파,0,0.0
006110,삼아알미늄,2025-07-11,18200.0,18637.2,17941.64,3.732,12.5,0.91,1.73,True,False,False,미돌파,0,0.0
298050,HS효성첨단소재,2025-07-11,214500.0,217935.0,209478.57,3.88,7.69,0.56,3.81,True,False,False,미돌파,0,0.0
285130,SK케미칼,2025-07-11,72800.0,73847.4,71229.11,3.546,15.0,0.31,1.62,False,False,True,손절,4,-1.085
319400,현대무벡스,2025-07-11,5060.0,5170.32,4961.21,4.044,0.0,0.53,-2.43,True,False,False,미돌파,0,0.0
457190,이수스페셜티케미컬,2025-07-11,42650.0,43687.2,41757.14,4.418,6.67,0.79,1.27,True,False,False,미돌파,0,0.0
005250,녹십자홀딩스,2025-07-11,16730.0,16923.78,16430.3,2.916,7.69,0.71,-3.98,True,False,False,미돌파,0,0.0
094170,동운아나텍,2025-07-11,17960.0,18356.64,17772.93,3.18,8.33,1.31,1.97,False,False,False,미돌파,0,0.0
004370,농심,2025-07-11,400500.0,403806.0,396433.93,1.826,9.09,0.53,-1.26,True,False,True,추적청산,4,1.061
263750,펄어비스,2025-07-11,41000.0,41633.1,40361.43,3.054,0.0,0.55,1.44,False,False,False,미돌파,0,0.0
108320,LX세미콘,2025-07-11,64400.0,65330.4,63824.64,2.305,0.0,0.93,3.3,True,False,True,추적청산,4,0.493
251270,넷마블,2025-07-11,61700.0,63126.0,60694.64,3.852,10.0,1.17,-0.49,True,False,False,미돌파,0,0.0
047050,포스코인터내셔널,2025-07-11,51500.0,52003.8,50565.89,2.765,0.0,0.61,0.96,False,False,True,손절,4,-1.108
307950,현대오토에버,2025-07-11,168400.0,172243.8,165989.64,3.631,13.04,0.34,-1.32,True,False,False,미돌파,0,0.0
082920,비츠로셀,2025-07-14,13954.0,14083.11,13600.3,3.428,13.19,0.9,0.0,True,True,True,추적청산,8,1.689
251270,넷마블,2025-07-14,61700.0,62625.0,60505.36,3.385,11.76,0.87,0.0,True,False,False,미돌파,0,0.0
068270,셀트리온,2025-07-14,168710.0,170862.04,165900.13,2.904,9.52,0.66,1.01,False,False,False,미돌파,0,0.0
263750,펄어비스,2025-07-14,40600.0,41031.9,39668.93,3.322,9.09,0.6,0.61,False,False,False,미돌파,0,0.0
064960,SNT모티브,2025-07-14,33950.0,34468.8,33198.04,3.687,15.0,0.52,0.15,False,False,True,추적청산,4,0.419
185750,종근당,2025-07-14,84200.0,85069.8,83509.64,1.834,0.0,0.61,1.98,True,False,False,미돌파,0,0.0
161580,필옵틱스,2025-07-14,34750.0,37575.0,33468.04,10.93,11.84,4.44,5.05,True,False,False,미돌파,0,0.0
036540,SFA반도체,2025-07-14,3145.0,3246.48,3088.66,4.861,0.0,1.1,0.47,False,False,False,미돌파,0,0.0
121600,나노신소재,2025-07-14,49650.0,50200.2,48634.46,3.119,8.7,0.53,0.9,False,False,False,미돌파,0,0.0
034020,두산에너빌리티,2025-07-14,60200.0,63126.0,58371.07,7.532,15.0,0.65,4.29,False,False,True,추적청산,6,0.46
237690,에스티팜,2025-07-14,84400.0,85671.0,81395.36,4.991,5.56,0.87,-0.48,True,False,True,추적청산,9,1.25
005180,빙그레,2025-07-14,90700.0,92484.6,89215.71,3.535,7.69,0.69,1.95,False,False,False,미돌파,0,0.0
211050,인카금융서비스,2025-07-14,12520.0,12825.6,11996.14,6.467,2.94,1.19,7.12,False,False,True,손절,4,-1.046
280360,롯데웰푸드,2025-07-14,124200.0,125650.8,121915.0,2.973,13.79,0.96,1.9,False,False,False,미돌파,0,0.0
347700,스피어,2025-07-14,10780.0,11352.66,10191.89,10.225,3.88,1.42,-8.45,True,False,True,시간손절,5,-0.195
030520,한컴,2025-07-14,28950.0,29559.0,28267.86,4.368,14.29,0.3,2.36,True,False,False,미돌파,0,0.0
000500,가온전선,2025-07-14,35674.0,36302.46,35170.18,3.119,0.0,0.57,-2.72,True,False,True,추적청산,2,0.372
095610,테스,2025-07-14,26500.0,26853.6,26086.07,2.858,9.09,0.48,1.12,True,False,False,미돌파,0,0.0
012630,HDC,2025-07-14,22800.0,23146.2,20280.89,12.379,1.92,2.43,-1.11,True,True,False,미돌파,0,0.0
047810,한국항공우주,2025-07-14,85400.0,87174.0,84457.86,3.116,10.0,0.48,0.12,False,False,True,추적청산,6,0.685
195940,HK이노엔,2025-07-14,42800.0,43436.7,42340.89,2.523,0.0,0.79,-0.59,True,False,True,시간손절,5,-0.198
079900,전진건설로봇,2025-07-15,50900.0,51903.6,49923.39,3.815,6.67,0.44,0.97,False,False,True,손절,2,-1.079
035720,카카오,2025-07-15,57200.0,58116.0,55829.64,3.934,11.76,0.46,5.92,False,False,False,미돌파,0,0.0
052690,한전기술,2025-07-15,90500.0,92885.4,88016.79,5.242,12.82,0.51,1.52,False,False,False,미돌파,0,0.0
032350,롯데관광개발,2025-07-15,17770.0,17965.86,17270.5,3.87,5.45,0.67,1.0,True,False,True,추적청산,3,0.422
093370,후성,2025-07-15,4745.0,4799.58,4676.48,2.565,5.56,0.83,1.86,True,False,False,미돌파,0,0.0
195870,해성디에스,2025-07-15,26850.0,27204.3,26038.66,4.285,11.11,0.73,5.29,False,False,True,손절,2,-1.07
293490,카카오게임즈,2025-07-15,17500.0,17895.72,17263.25,3.534,10.64,0.2,3.53,False,False,False,미돌파,0,0.0
000720,현대건설,2025-07-15,73600.0,75350.4,71509.64,5.097,9.68,0.89,0.14,False,False,False,미돌파,0,0.0
097230,HJ중공업,2025-07-15,7770.0,7915.8,7615.61,3.792,13.64,0.41,-4.3,True,False,False,미돌파,0,0.0
077970,STX엔진,2025-07-15,20450.0,20691.3,20051.43,3.092,10.0,0.7,1.21,False,False,False,미돌파,0,0.0
161000,애경케미칼,2025-07-15,12740.0,13977.9,12248.43,12.373,0.65,1.74,0.47,False,False,False,미돌파,0,0.0
090430,아모레퍼시픽,2025-07-15,139400.0,140881.2,136282.14,3.264,11.11,0.73,-4.58,True,False,True,손절,1,-1.092
307950,현대오토에버,2025-07-15,165400.0,167334.0,160160.71,4.287,1.72,0.46,2.01,False,False,False,미돌파,0,0.0
280360,롯데웰푸드,2025-07-15,123800.0,124648.8,121609.64,2.438,4.55,0.64,0.16,False,False,False,미돌파,0,0.0
007390,네이처셀,2025-07-16,27000.0,27354.6,26459.82,3.271,7.69,0.26,2.53,False,False,False,미돌파,0,0.0
031210,서울보증보험,2025-07-16,42950.0,43787.4,42358.39,3.264,9.09,1.19,0.58,True,False,True,추적청산,2,0.408
460930,현대힘스,2025-07-16,18590.0,19238.4,18296.0,4.899,12.2,1.16,1.95,False,False,False,미돌파,0,0.0
064760,티씨케이,2025-07-16,100300.0,101903.4,98471.25,3.368,7.41,0.7,1.76,True,False,False,미돌파,0,0.0
036530,SNT홀딩스,2025-07-16,61200.0,61422.6,55755.0,9.227,8.16,0.28,-4.08,True,True,False,미돌파,0,0.0
033100,제룡전기,2025-07-16,40000.0,40581.0,38736.43,4.545,3.33,0.55,1.48,False,False,False,미돌파,0,0.0
000270,기아,2025-07-16,99500.0,100701.0,98746.43,1.941,14.29,0.69,0.1,True,False,False,미돌파,0,0.0
003570,SNT다이내믹스,2025-07-16,54500.0,55009.8,52424.82,4.699,5.0,0.54,-2.25,True,False,True,손절,2,-1.064
259960,크래프톤,2025-07-16,345500.0,350700.0,341682.14,2.571,7.14,0.77,4.03,True,False,True,손절,1,-1.117
112040,위메이드,2025-07-16,33500.0,34569.0,32880.71,4.884,3.45,0.68,0.74,False,False,False,미돌파,0,0.0
098460,고영,2025-07-16,14940.0,15210.36,14607.07,3.966,4.08,0.37,0.66,False,False,True,손절,5,-1.076
445680,큐리옥스바이오시스템즈,2025-07-16,39150.0,40029.9,37324.11,6.759,2.27,0.75,11.43,False,False,True,추적청산,4,0.672
006260,LS,2025-07-16,186000.0,189778.8,181318.21,4.458,0.0,0.52,2.67,True,False,False,미돌파,0,0.0
322000,HD현대에너지솔루션,2025-07-16,46300.0,46793.4,44481.79,4.94,13.16,1.05,-7.18,True,True,True,추적청산,5,0.439
075580,세진중공업,2025-07-16,10790.0,10971.9,10488.61,4.405,7.5,0.68,1.01,False,False,False,미돌파,0,0.0
290650,엘앤씨바이오,2025-07-16,31050.0,31362.6,29404.11,6.245,12.12,0.91,1.43,True,False,True,손절,3,-1.048
014620,성광벤드,2025-07-16,28950.0,29458.8,28323.21,3.855,11.11,0.45,2.03,True,False,True,추적청산,8,1.145
000640,동아쏘시오홀딩스,2025-07-16,116643.0,118627.78,114421.74,3.546,0.0,0.9,1.48,True,False,True,손절,4,-1.085
298380,에이비엘바이오,2025-07-16,70100.0,70741.2,67218.57,4.98,7.41,0.98,-5.89,True,True,True,추적청산,3,0.44
086900,메디톡스,2025-07-16,162400.0,164628.6,159786.07,2.941,11.11,0.64,4.08,True,False,False,미돌파,0,0.0
272210,한화시스템,2025-07-16,55200.0,56312.4,53881.07,4.318,5.26,0.47,0.72,False,False,True,시간손절,5,-0.65
007700,F&F홀딩스,2025-07-16,21050.0,21442.8,20377.25,4.969,6.25,0.39,0.0,True,False,False,미돌파,0,0.0
225570,넥슨게임즈,2025-07-17,14220.0,14358.66,13991.75,2.555,0.0,0.27,0.28,False,False,False,미돌파,0,0.0
019170,신풍제약,2025-07-17,13870.0,14138.22,13405.21,5.185,0.0,0.45,4.41,False,False,False,미돌파,0,0.0
000500,가온전선,2025-07-17,36286.0,36581.02,35229.35,3.695,10.51,0.74,0.61,True,True,True,손절,2,-1.081
002350,넥센타이어,2025-07-17,6250.0,6342.66,6143.64,3.138,6.25,0.36,2.8,False,False,False,미돌파,0,0.0
079160,CJ CGV,2025-07-17,5190.0,5260.5,5106.75,2.923,0.0,0.48,4.07,False,False,True,손절,3,-1.103
044490,태웅,2025-07-17,33850.0,36522.9,32262.59,11.665,9.33,1.99,-1.35,True,False,False,미돌파,0,0.0
004000,롯데정밀화학,2025-07-17,40400.0,40631.1,39661.79,2.386,0.0,0.89,2.3,False,False,True,추적청산,5,1.596
034220,LG디스플레이,2025-07-17,9210.0,9248.46,8986.79,2.829,4.76,0.82,1.18,False,True,True,시간손절,5,-0.215
192080,더블유게임즈,2025-07-17,58100.0,58416.6,56752.5,2.849,0.0,0.55,4.28,False,False,False,미돌파,0,0.0
272210,한화시스템,2025-07-17,55400.0,56613.0,53685.36,5.171,4.17,0.73,1.42,False,False,False,미돌파,0,0.0
035720,카카오,2025-07-17,57500.0,59218.2,56618.57,4.39,0.0,0.6,5.43,False,False,False,미돌파,0,0.0
271560,오리온,2025-07-17,114700.0,114929.4,111498.57,2.985,0.0,1.13,5.52,False,True,True,시간손절,5,-0.75
003570,SNT다이내믹스,2025-07-17,54300.0,55310.4,53034.46,4.115,0.0,0.55,2.16,True,False,False,미돌파,0,0.0
069260,TKG휴켐스,2025-07-17,17350.0,17404.74,17117.36,1.651,9.52,0.56,0.46,False,True,False,미돌파,0,0.0
005300,롯데칠성,2025-07-17,132500.0,133566.6,127597.14,4.469,12.0,1.02,0.23,False,False,True,추적청산,4,0.67
361610,SK아이이테크놀로지,2025-07-17,27200.0,27655.2,26594.64,3.835,5.88,0.51,5.39,False,False,True,추적청산,4,0.961
281820,케이씨텍,2025-07-17,28100.0,28206.3,26992.5,4.303,5.0,0.71,-2.55,True,True,True,손절,3,-1.07
047040,대우건설,2025-07-17,4030.0,4053.09,3957.91,2.348,14.29,0.58,3.01,True,True,False,미돌파,0,0.0
001530,DI동일,2025-07-17,40334.0,40605.05,39114.1,3.672,12.02,0.59,0.23,False,True,True,시간손절,5,-0.104
035760,CJ ENM,2025-07-17,69700.0,69839.4,67423.93,3.459,10.53,0.62,0.0,True,True,False,미돌파,0,0.0
285130,SK케미칼,2025-07-17,73600.0,76552.8,70759.11,7.568,9.62,0.77,-0.96,True,False,False,미돌파,0,0.0
036460,한국가스공사,2025-07-17,44600.0,45390.6,43434.46,4.31,6.45,0.37,2.41,False,False,False,미돌파,0,0.0
499790,GS피앤엘,2025-07-17,42200.0,43937.7,41052.14,6.567,6.38,0.66,1.4,False,False,True,손절,4,-1.046
003230,삼양식품,2025-07-17,1484000.0,1504002.0,1457935.71,3.063,2.94,0.81,0.93,False,False,False,미돌파,0,0.0
007390,네이처셀,2025-07-17,27100.0,27304.5,26426.96,3.214,7.69,0.35,2.69,False,False,True,시간손절,5,-0.041
012330,현대모비스,2025-07-17,307500.0,310620.0,300951.79,3.113,13.33,0.7,1.91,False,False,False,미돌파,0,0.0
086790,하나금융지주,2025-07-17,91900.0,92885.4,89971.79,3.137,13.64,0.91,0.33,False,False,True,손절,2,-1.189
457190,이수스페셜티케미컬,2025-07-17,41150.0,41683.2,40120.71,3.748,8.0,0.47,3.06,False,False,True,추적청산,4,1.705
067310,하나마이크론,2025-07-17,11080.0,11172.3,10664.32,4.547,11.9,0.85,2.46,True,False,True,손절,3,-1.066
139480,이마트,2025-07-17,97000.0,98196.0,94494.64,3.769,3.45,0.49,1.42,False,False,False,미돌파,0,0.0
214320,이노션,2025-07-17,20800.0,20891.7,20366.86,2.512,12.5,0.35,0.0,True,True,True,손절,3,-1.119
010130,고려아연,2025-07-17,825000.0,827652.0,806671.43,2.535,6.67,0.51,2.83,False,True,True,손절,1,-1.118
005490,POSCO홀딩스,2025-07-17,307500.0,310119.0,299469.64,3.434,6.25,0.67,2.23,False,False,True,추적청산,6,1.299
001800,오리온홀딩스,2025-07-17,24400.0,24749.4,23814.11,3.779,14.29,0.79,4.69,False,False,False,미돌파,0,0.0
383220,F&F,2025-07-17,78500.0,78857.4,76722.86,2.707,12.5,0.41,3.21,False,True,True,손절,2,-1.111
211050,인카금융서비스,2025-07-17,12230.0,12525.0,11989.82,4.273,4.88,0.39,4.3,False,False,False,미돌파,0,0.0
001450,현대해상,2025-07-17,28400.0,28506.9,27576.96,3.262,14.29,0.81,-1.07,True,True,False,미돌파,0,0.0
007310,오뚜기,2025-07-17,404000.0,405309.0,398428.57,1.698,10.0,0.8,0.62,False,True,True,시간손절,5,-1.021
180640,한진칼,2025-07-17,122000.0,122745.0,117559.64,4.224,11.9,0.77,6.15,False,True,True,손절,2,-1.071
081660,미스토홀딩스,2025-07-17,37350.0,37424.7,36191.43,3.295,0.0,0.6,-0.95,True,True,False,미돌파,0,0.0
122870,와이지엔터테인먼트,2025-07-17,85100.0,86172.0,82404.82,4.372,13.33,0.8,2.41,False,False,False,미돌파,0,0.0
376900,로킷헬스케어,2025-07-17,17280.0,17735.4,16733.64,5.648,0.0,0.3,0.69,False,False,True,손절,3,-1.053
171090,선익시스템,2025-07-17,39300.0,39879.6,38272.23,4.031,8.0,0.59,0.51,False,False,False,미돌파,0,0.0
003690,코리안리,2025-07-17,11330.0,11362.68,11059.86,2.665,4.35,1.05,0.09,False,True,True,손절,1,-1.113
080220,제주반도체,2025-07-17,16280.0,16312.56,15605.04,4.337,14.29,0.24,-4.09,True,True,False,미돌파,0,0.0
039490,키움증권,2025-07-17,232000.0,234468.0,225408.93,3.864,7.14,0.51,3.33,True,False,False,미돌파,0,0.0
011170,롯데케미칼,2025-07-17,65400.0,66232.2,63244.64,4.511,8.33,0.51,1.8,False,False,True,추적청산,4,0.433
009970,영원무역홀딩스,2025-07-17,137700.0,137975.4,130211.79,5.627,7.58,0.58,1.43,False,True,False,미돌파,0,0.0
204320,HL만도,2025-07-17,34750.0,35019.9,33806.43,3.465,10.0,0.69,1.7,True,True,True,추적청산,7,0.797
323280,태성,2025-07-17,27600.0,28056.0,26782.5,4.539,10.0,0.5,-1.85,True,False,False,미돌파,0,0.0
097950,CJ제일제당,2025-07-18,254500.0,255510.0,248425.89,2.773,0.0,0.81,1.74,False,True,False,미돌파,0,0.0
052020,에스티큐브,2025-07-18,7410.0,7535.04,7173.46,4.799,14.29,0.7,8.97,True,False,False,미돌파,0,0.0
000720,현대건설,2025-07-18,70900.0,72745.2,67449.29,7.28,0.0,0.96,1.66,True,False,False,미돌파,0,0.0
005490,POSCO홀딩스,2025-07-18,311000.0,319638.0,303905.36,4.922,7.69,1.13,3.12,False,False,True,추적청산,5,0.737
090710,휴림로봇,2025-07-18,3100.0,3206.4,3010.66,6.105,9.68,0.17,-2.31,True,False,False,미돌파,0,0.0
437730,삼현,2025-07-18,12900.0,13066.08,12713.75,2.697,0.0,0.26,1.07,False,False,True,손절,2,-1.111
112610,씨에스윈드,2025-07-18,46900.0,47895.6,46399.29,3.124,4.35,0.76,3.1,False,False,True,추적청산,4,0.99
251270,넷마블,2025-07-18,61200.0,62224.2,59790.36,3.911,5.0,1.2,0.81,False,False,True,손절,3,-1.077
001510,SK증권,2025-07-18,1461.0,1475.95,1405.34,4.784,3.57,0.52,5.68,True,False,False,미돌파,0,0.0
088980,맥쿼리인프라,2025-07-18,11420.0,11482.92,11364.36,1.033,12.5,0.61,1.04,False,False,False,미돌파,0,0.0
008770,호텔신라,2025-07-18,52100.0,53106.0,50979.82,4.004,0.0,1.15,-4.41,True,False,False,미돌파,0,0.0
011210,현대위아,2025-07-18,51000.0,51603.0,50236.43,2.648,0.0,0.68,0.97,False,False,True,시간손절,5,-0.555
079940,가비아,2025-07-18,24800.0,25150.2,23967.86,4.701,5.26,0.32,5.7,False,False,False,미돌파,0,0.0
267260,HD현대일렉트릭,2025-07-18,482500.0,490980.0,473130.36,3.636,3.7,0.69,-9.04,True,False,True,손절,1,-1.454
051900,LG생활건강,2025-07-18,330500.0,333165.0,327369.64,1.739,12.5,0.45,-0.3,True,False,False,미돌파,0,0.0
280360,롯데웰푸드,2025-07-18,120700.0,121542.6,118715.0,2.326,10.0,0.6,2.9,False,False,True,추적청산,4,0.664
051600,한전KPS,2025-07-18,52600.0,52905.6,51526.79,2.606,0.0,0.27,3.49,True,False,True,손절,2,-1.115
094170,동운아나텍,2025-07-18,18420.0,18597.12,17942.64,3.519,5.56,1.07,-2.56,True,False,True,시간손절,5,-0.83
034220,LG디스플레이,2025-07-18,9210.0,9338.64,9117.96,2.363,0.0,0.79,0.32,False,False,False,미돌파,0,0.0
100790,미래에셋벤처투자,2025-07-18,6930.0,6993.96,6750.5,3.481,11.11,0.59,2.67,False,False,False,미돌파,0,0.0
161580,필옵틱스,2025-07-18,34150.0,34418.7,33296.43,3.261,5.88,0.3,2.84,False,False,True,손절,3,-1.092
004370,농심,2025-07-18,410500.0,412824.0,400989.29,2.867,5.26,1.34,-2.5,True,True,False,미돌파,0,0.0
127120,제이에스링크,2025-07-18,12890.0,13226.4,12449.64,5.873,13.11,0.64,6.86,False,False,True,추적청산,7,1.294
489790,한화비전,2025-07-18,53500.0,54408.6,52621.79,3.284,0.0,0.52,3.6,False,False,True,추적청산,3,0.409
005380,현대차,2025-07-18,210500.0,212925.0,207557.14,2.521,12.5,0.42,-1.2,True,False,False,미돌파,0,0.0
086280,현대글로비스,2025-07-18,142600.0,144789.0,139190.71,3.867,2.17,0.69,-0.92,True,False,False,미돌파,0,0.0
069260,TKG휴켐스,2025-07-18,17320.0,17434.8,17188.64,1.412,11.76,0.51,1.25,False,False,True,추적청산,4,1.395
000660,SK하이닉스,2025-07-18,269000.0,275550.0,265248.21,3.739,12.5,1.23,8.66,False,False,False,미돌파,0,0.0
476060,온코닉테라퓨틱스,2025-07-18,6975.0,7064.1,6765.14,4.232,0.0,0.57,1.23,False,False,True,손절,1,-1.071
039130,하나투어,2025-07-18,56500.0,56913.6,55787.86,1.978,12.5,0.64,0.7,True,False,False,미돌파,0,0.0
086900,메디톡스,2025-07-18,163000.0,164227.8,159873.57,2.651,9.09,0.69,0.06,True,False,False,미돌파,0,0.0
026960,동서,2025-07-18,30650.0,30911.7,30023.75,2.873,7.69,0.51,1.45,False,False,False,미돌파,0,0.0
950160,코오롱티슈진,2025-07-18,43900.0,45591.0,42676.96,6.392,4.0,1.25,-4.9,True,False,False,미돌파,0,0.0
033100,제룡전기,2025-07-18,39400.0,40480.8,38808.39,4.131,7.41,0.51,0.63,False,False,False,미돌파,0,0.0
047810,한국항공우주,2025-07-18,90400.0,90881.4,88258.57,2.886,15.0,0.37,-5.24,True,True,True,추적청산,8,0.952
114090,GKL,2025-07-18,16880.0,17284.5,16515.86,4.447,12.7,0.87,3.27,False,False,False,미돌파,0,0.0
011070,LG이노텍,2025-07-18,154600.0,157213.8,152184.29,3.199,2.5,0.61,1.72,True,False,False,미돌파,0,0.0
011790,SKC,2025-07-18,93993.0,95499.62,92327.21,3.322,0.0,0.56,3.57,False,False,True,추적청산,6,0.587
069960,현대백화점,2025-07-18,79700.0,80861.4,78034.64,3.496,4.35,0.7,-1.4,True,False,False,미돌파,0,0.0
097950,CJ제일제당,2025-07-21,253000.0,255009.0,249990.18,1.968,0.0,0.36,2.69,False,False,False,미돌파,0,0.0
030610,교보증권,2025-07-21,9660.0,9789.54,9438.96,3.581,11.54,0.76,9.47,False,False,False,미돌파,0,0.0
257720,실리콘투,2025-07-21,51000.0,51502.8,48986.61,4.886,10.26,0.46,5.9,True,False,True,손절,5,-1.061
161890,한국콜마,2025-07-21,97300.0,98997.6,95281.07,3.754,14.29,1.16,9.91,False,False,True,손절,2,-1.08
003530,한화투자증권,2025-07-21,6450.0,6613.2,6346.64,4.031,10.0,0.54,10.17,False,False,False,미돌파,0,0.0
006730,서부T&D,2025-07-21,9870.0,10060.08,9714.21,3.438,11.54,0.82,1.1,False,False,True,추적청산,2,0.413
056080,유진로봇,2025-07-21,10770.0,10861.68,10599.96,2.41,0.0,0.17,0.55,False,False,False,미돌파,0,0.0
000670,영풍,2025-07-21,43438.0,44840.5,42325.4,5.609,8.86,0.81,2.62,False,False,False,미돌파,0,0.0
248070,솔루엠,2025-07-21,16600.0,16703.34,16302.32,2.401,0.0,0.49,4.65,True,False,True,손절,2,-1.125
034310,NICE,2025-07-21,13630.0,13857.66,13384.91,3.411,13.16,0.49,4.08,True,False,False,미돌파,0,0.0
039490,키움증권,2025-07-21,225500.0,226452.0,218935.71,3.319,9.09,0.62,6.04,False,True,True,손절,2,-1.09
003230,삼양식품,2025-07-21,1393000.0,1411818.0,1352603.57,4.194,14.89,0.99,4.72,False,False,True,손절,1,-1.072
284740,쿠쿠홈시스,2025-07-21,29250.0,29609.1,28634.46,3.292,13.33,0.68,2.99,False,False,True,손절,2,-1.091
139480,이마트,2025-07-21,95200.0,96292.2,93786.79,2.602,11.11,0.55,3.94,True,False,False,미돌파,0,0.0
081660,미스토홀딩스,2025-07-21,36600.0,37174.2,36197.86,2.626,6.67,0.64,1.88,False,False,True,추적청산,4,0.386
051900,LG생활건강,2025-07-21,330500.0,332664.0,326896.43,1.734,12.5,0.57,2.51,True,False,True,손절,4,-1.173
024110,기업은행,2025-07-21,20250.0,20541.0,19996.5,2.651,12.5,0.57,7.32,False,False,True,손절,2,-1.113
120110,코오롱인더,2025-07-21,44050.0,45240.3,43540.36,3.758,7.69,0.45,3.61,True,False,False,미돌파,0,0.0
051600,한전KPS,2025-07-21,52600.0,53206.2,51953.57,2.354,11.11,0.3,2.05,True,False,False,미돌파,0,0.0
115180,큐리언트,2025-07-21,11250.0,11472.9,10702.93,6.711,7.69,0.77,-2.27,True,False,False,미돌파,0,0.0
383220,F&F,2025-07-21,77900.0,80059.8,74606.79,6.811,8.16,0.97,3.23,True,False,False,미돌파,0,0.0
036570,NC,2025-07-21,208000.0,211923.0,205300.0,3.125,0.0,0.53,1.89,True,False,False,미돌파,0,0.0
088980,맥쿼리인프라,2025-07-21,11380.0,11442.84,11334.79,0.944,0.0,0.56,0.96,False,False,False,미돌파,0,0.0
002350,넥센타이어,2025-07-21,6230.0,6272.52,6144.93,2.034,0.0,0.4,4.15,False,False,False,미돌파,0,0.0
073240,금호타이어,2025-07-21,4700.0,4779.54,4644.38,2.828,4.76,0.81,5.81,False,False,False,미돌파,0,0.0
011210,현대위아,2025-07-21,51700.0,52605.0,51132.68,2.799,9.09,0.96,1.15,False,False,False,미돌파,0,0.0
241560,두산밥캣,2025-07-21,55900.0,56412.6,55136.43,2.262,11.11,0.28,2.1,False,False,False,미돌파,0,0.0
060370,LS마린솔루션,2025-07-21,28000.0,28206.3,26877.95,4.709,9.52,0.61,-0.18,True,True,True,손절,5,-1.064
020560,아시아나항공,2025-07-21,9750.0,9919.8,9691.61,2.3,11.11,0.55,3.56,False,False,False,미돌파,0,0.0
001450,현대해상,2025-07-21,27300.0,27855.6,26989.29,3.11,7.69,0.53,9.75,False,False,False,미돌파,0,0.0
085660,차바이오텍,2025-07-21,12020.0,12184.32,11757.32,3.504,8.82,0.51,0.41,False,False,False,미돌파,0,0.0
204270,제이앤티씨,2025-07-21,17200.0,17464.86,16828.75,3.642,14.0,0.38,2.82,False,False,True,추적청산,2,0.418
030190,NICE평가정보,2025-07-21,17200.0,17284.5,16430.29,4.942,6.76,0.64,0.52,False,True,True,손절,3,-1.061
007700,F&F홀딩스,2025-07-21,20300.0,21042.0,19931.89,5.276,5.56,0.35,4.69,False,False,False,미돌파,0,0.0
458870,씨어스,2025-07-21,10805.0,11128.21,10528.59,5.388,14.13,0.94,1.83,False,False,True,손절,5,-1.056
000810,삼성화재,2025-07-21,461500.0,467433.0,450607.14,3.6,3.85,1.16,10.91,True,False,True,손절,5,-1.083
008060,대덕,2025-07-21,8390.0,8506.98,8301.82,2.412,6.25,0.4,1.29,False,False,False,미돌파,0,0.0
052690,한전기술,2025-07-21,89400.0,91282.2,87523.57,4.118,6.67,0.45,-0.56,True,False,False,미돌파,0,0.0
000990,DB하이텍,2025-07-21,47050.0,47394.6,46275.0,2.362,6.25,0.53,-0.53,True,False,False,미돌파,0,0.0
298050,HS효성첨단소재,2025-07-21,203000.0,205911.0,199324.64,3.199,0.0,0.45,4.25,False,False,False,미돌파,0,0.0
053800,안랩,2025-07-21,66800.0,67735.2,66251.43,2.191,0.0,0.71,0.3,True,False,True,손절,1,-1.137
025540,한국단자,2025-07-21,65700.0,66232.2,64878.21,2.044,10.0,0.45,1.65,False,False,True,손절,1,-1.147
018880,한온시스템,2025-07-21,2997.0,3040.07,2966.41,2.423,0.0,0.54,0.46,True,False,False,미돌파,0,0.0
017800,현대엘리베이터,2025-07-22,85900.0,87875.4,84182.5,4.202,13.33,0.84,3.48,True,False,False,미돌파,0,0.0
031210,서울보증보험,2025-07-22,42700.0,43386.6,42045.0,3.092,5.0,0.46,0.12,False,False,False,미돌파,0,0.0
298380,에이비엘바이오,2025-07-22,71000.0,73346.4,69201.43,5.651,9.09,0.53,1.53,False,False,True,추적청산,5,1.213
003380,하림지주,2025-07-22,10230.0,10480.92,10083.36,3.793,6.45,0.78,1.16,False,False,False,미돌파,0,0.0
034310,NICE,2025-07-22,13680.0,13787.52,13367.59,3.046,12.12,0.63,3.59,True,False,True,손절,5,-1.098
034730,SK,2025-07-22,214500.0,221442.0,210747.14,4.83,11.76,0.53,5.3,True,False,False,미돌파,0,0.0
004170,신세계,2025-07-22,185200.0,187173.6,182723.57,2.377,12.5,0.73,5.61,False,False,False,미돌파,0,0.0
108490,로보티즈,2025-07-22,81606.0,82842.35,77395.6,6.575,13.33,0.44,6.47,False,False,True,손절,3,-1.046
316140,우리금융지주,2025-07-22,24950.0,25551.0,24554.29,3.901,12.5,0.64,6.73,False,False,False,미돌파,0,0.0
251970,펌텍코리아,2025-07-22,62400.0,63426.6,60512.5,4.594,0.0,0.75,2.95,True,False,True,손절,4,-1.065
086790,하나금융지주,2025-07-22,91200.0,92885.4,90117.86,2.98,14.29,0.51,5.49,False,False,False,미돌파,0,0.0
192820,코스맥스,2025-07-22,244000.0,247494.0,238258.93,3.731,14.29,0.82,5.79,False,False,False,미돌파,0,0.0
178320,서진시스템,2025-07-22,21200.0,21893.7,20921.96,4.438,6.25,1.18,4.07,False,False,False,미돌파,0,0.0
079940,가비아,2025-07-22,24450.0,24849.6,23669.46,4.749,10.53,0.66,6.68,True,False,False,미돌파,0,0.0
007310,오뚜기,2025-07-22,404000.0,406812.0,400487.5,1.555,11.11,0.54,0.98,True,False,False,미돌파,0,0.0
051900,LG생활건강,2025-07-22,331000.0,336672.0,327896.43,2.607,7.14,0.81,0.6,True,False,False,미돌파,0,0.0
011200,HMM,2025-07-22,24350.0,24749.4,24018.21,2.954,0.0,0.56,6.17,True,False,True,손절,4,-1.102
029780,삼성카드,2025-07-22,53000.0,53907.6,52511.79,2.589,10.0,0.74,7.67,True,False,False,미돌파,0,0.0
001720,신영증권,2025-07-22,148400.0,156312.0,138682.86,11.278,12.9,2.62,5.54,False,False,False,미돌파,0,0.0
180640,한진칼,2025-07-22,116700.0,119839.2,114504.64,4.451,11.36,0.68,5.2,True,False,False,미돌파,0,0.0
214320,이노션,2025-07-22,20450.0,20741.4,20271.89,2.264,14.29,0.48,3.54,False,False,False,미돌파,0,0.0
225570,넥슨게임즈,2025-07-22,14280.0,14518.98,14097.39,2.904,8.82,0.34,0.56,False,False,True,손절,5,-1.192
006120,SK디스커버리,2025-07-22,58700.0,60120.0,57970.0,3.576,5.88,0.57,6.08,False,False,False,미돌파,0,0.0
032830,삼성생명,2025-07-22,131300.0,135871.2,129589.29,4.623,13.73,0.55,5.2,True,False,False,미돌파,0,0.0
009970,영원무역홀딩스,2025-07-22,135200.0,136773.0,130957.86,4.252,0.0,0.51,2.8,False,False,True,손절,4,-1.071
000240,한국앤컴퍼니,2025-07-22,24750.0,25150.2,24223.75,3.684,7.14,0.67,5.17,False,False,True,손절,3,-1.081
035250,강원랜드,2025-07-22,20100.0,20340.6,19913.12,2.102,0.0,0.65,2.19,False,False,True,손절,1,-1.143
028300,HLB,2025-07-22,49800.0,51202.2,49064.46,4.175,5.71,0.82,4.41,False,False,False,미돌파,0,0.0
001510,SK증권,2025-07-22,1445.0,1487.97,1412.07,5.101,3.23,0.36,6.35,True,False,False,미돌파,0,0.0
000810,삼성화재,2025-07-22,463000.0,475449.0,456607.14,3.963,6.67,0.95,4.63,True,False,False,미돌파,0,0.0
127120,제이에스링크,2025-07-22,14000.0,15200.34,13364.46,12.078,9.76,2.27,0.43,False,False,False,미돌파,0,0.0
105560,KB금융,2025-07-22,114600.0,116733.0,113219.29,3.01,0.0,0.72,4.18,True,False,True,추적청산,4,0.4
085620,미래에셋생명,2025-07-22,7490.0,7785.54,7309.14,6.119,2.5,1.14,3.97,False,False,False,미돌파,0,0.0
00104K,CJ4우(전환),2025-07-22,132900.0,135169.8,131068.57,3.034,13.33,0.55,7.39,True,False,False,미돌파,0,0.0
000670,영풍,2025-07-22,43049.0,43573.97,42329.04,2.857,5.3,0.38,1.99,False,False,True,손절,1,-1.105
095610,테스,2025-07-23,25250.0,27805.5,24345.89,12.442,0.0,1.48,9.17,False,False,False,미돌파,0,0.0
000210,DL,2025-07-23,53500.0,55110.0,52497.14,4.741,14.29,1.22,1.47,False,False,False,미돌파,0,0.0
375500,DL이앤씨,2025-07-23,47950.0,48797.4,47097.14,3.484,3.7,0.31,3.91,True,False,True,손절,2,-1.086
031980,피에스케이홀딩스,2025-07-23,33750.0,33967.8,32578.75,4.089,4.55,0.5,4.93,True,True,True,시간손절,5,-0.23
005070,코스모신소재,2025-07-23,38350.0,38627.1,36505.18,5.493,8.33,0.76,-7.12,True,True,True,시간손절,5,0.451
009150,삼성전기,2025-07-23,135900.0,137274.0,132047.86,3.807,13.33,0.84,1.52,True,False,False,미돌파,0,0.0
015760,한국전력,2025-07-23,37800.0,38577.0,36799.82,4.607,13.79,0.57,-3.56,True,False,False,미돌파,0,0.0
319660,피에스케이,2025-07-23,20150.0,20290.5,19299.25,4.885,6.02,0.69,0.74,True,True,True,추적청산,6,0.544
032350,롯데관광개발,2025-07-23,17280.0,17474.88,16583.88,5.099,2.67,1.46,6.29,False,False,True,손절,3,-1.059
026960,동서,2025-07-23,31200.0,32013.9,30287.14,5.394,6.67,0.79,-0.48,True,False,False,미돌파,0,0.0
019170,신풍제약,2025-07-23,13010.0,13156.26,12707.54,3.411,3.03,0.45,6.4,True,False,True,손절,2,-1.088
115180,큐리언트,2025-07-23,10800.0,11062.08,10408.29,5.91,0.0,0.73,3.14,True,False,False,미돌파,0,0.0
950160,코오롱티슈진,2025-07-23,42000.0,42534.9,40950.54,3.725,0.0,0.55,2.33,False,False,True,손절,2,-1.081
039130,하나투어,2025-07-23,56700.0,57114.0,55699.64,2.476,9.09,0.67,0.0,True,False,False,미돌파,0,0.0
000990,DB하이텍,2025-07-23,45900.0,46092.0,44472.86,3.513,7.69,0.78,1.92,True,True,True,시간손절,5,-0.08
257720,실리콘투,2025-07-23,51000.0,51603.0,49561.07,3.957,0.0,0.34,3.59,False,False,False,미돌파,0,0.0
445680,큐리옥스바이오시스템즈,2025-07-23,39100.0,40230.3,37391.79,7.056,4.26,1.39,0.13,False,False,True,손절,4,-1.043
012630,HDC,2025-07-23,21950.0,22294.5,21240.54,4.727,6.25,0.43,0.9,False,False,True,추적청산,7,0.629
347700,스피어,2025-07-23,10850.0,11112.18,9932.79,10.614,14.42,0.37,6.22,False,False,False,미돌파,0,0.0
030520,한컴,2025-07-23,27300.0,27805.5,26748.39,3.802,5.88,0.64,5.37,True,False,False,미돌파,0,0.0
042700,한미반도체,2025-07-23,86100.0,87374.4,84367.14,3.442,4.17,0.38,5.49,True,False,True,손절,3,-1.087
001450,현대해상,2025-07-23,27150.0,27605.1,26634.46,3.516,13.33,0.49,3.38,False,False,False,미돌파,0,0.0
005290,동진쎄미켐,2025-07-23,30700.0,31011.9,30254.29,2.443,0.0,0.75,1.44,True,False,True,손절,1,-1.123
098460,고영,2025-07-23,14760.0,14859.66,14275.11,3.934,6.25,0.82,1.2,True,True,True,추적청산,5,0.415
079550,LIG디펜스앤에어로스페이스,2025-07-23,593000.0,600198.0,578457.14,3.622,6.25,0.63,2.95,False,False,False,미돌파,0,0.0
090430,아모레퍼시픽,2025-07-23,134600.0,136572.6,132262.5,3.156,14.71,0.46,0.3,False,False,False,미돌파,0,0.0
120110,코오롱인더,2025-07-23,44200.0,44889.6,43358.04,3.412,8.7,0.4,4.54,False,False,True,손절,3,-1.088
267260,HD현대일렉트릭,2025-07-23,479500.0,504006.0,467432.14,7.257,1.56,1.78,0.72,True,False,False,미돌파,0,0.0
000500,가온전선,2025-07-23,35674.0,36524.9,34460.86,5.651,9.34,0.71,1.84,False,False,False,미돌파,0,0.0
211050,인카금융서비스,2025-07-23,11900.0,12024.0,11555.29,3.898,0.0,0.5,2.86,False,False,True,손절,3,-1.077
047040,대우건설,2025-07-23,3960.0,4008.0,3901.34,2.661,5.88,0.7,1.12,True,False,True,손절,1,-1.113
388720,유일로보틱스,2025-07-23,72400.0,73446.6,70475.71,4.045,4.17,0.31,3.72,False,False,False,미돌파,0,0.0
093050,LF,2025-07-23,20200.0,20641.2,19835.36,3.904,7.69,0.65,3.81,False,False,False,미돌파,0,0.0
005880,대한해운,2025-07-23,1848.0,1882.76,1821.78,3.239,6.25,0.52,1.65,False,False,False,미돌파,0,0.0
222800,심텍,2025-07-23,23350.0,23496.9,22218.39,5.441,4.76,0.7,9.32,False,True,True,시간손절,5,-0.092
039490,키움증권,2025-07-23,223000.0,228957.0,215478.57,5.887,8.7,0.77,3.88,False,False,False,미돌파,0,0.0
140860,파크시스템스,2025-07-23,276500.0,279057.0,267398.21,4.178,5.26,0.87,9.2,True,False,True,손절,3,-1.072
240810,원익IPS,2025-07-23,28050.0,28206.3,27064.64,4.048,11.11,0.63,4.92,False,True,True,추적청산,7,1.89
101490,에스앤에스텍,2025-07-23,47000.0,47494.8,45513.39,4.172,12.5,0.49,4.18,False,False,True,추적청산,6,1.048
029780,삼성카드,2025-07-23,53400.0,53907.6,52206.43,3.156,7.69,0.72,4.3,False,False,True,손절,2,-1.095
214320,이노션,2025-07-23,20500.0,20741.4,20171.36,2.748,11.11,0.53,0.73,False,False,False,미돌파,0,0.0
080220,제주반도체,2025-07-23,15440.0,15561.06,14746.36,5.236,0.0,0.37,4.34,False,True,True,시간손절,5,-0.181
336260,두산퓨얼셀,2025-07-23,22200.0,22394.7,21455.89,4.192,0.0,0.47,3.27,False,False,True,추적청산,6,0.911
145990,삼양사,2025-07-23,54800.0,55510.8,53953.57,2.805,8.33,0.38,3.69,False,False,False,미돌파,0,0.0
008770,호텔신라,2025-07-23,52400.0,52905.6,51084.64,3.442,13.33,0.63,-2.54,True,True,False,미돌파,0,0.0
058650,세아홀딩스,2025-07-23,132000.0,134969.4,128535.0,4.767,1.96,0.16,6.38,False,False,False,미돌파,0,0.0
006360,GS건설,2025-07-23,20300.0,20440.8,19793.75,3.165,9.62,0.56,1.22,True,False,True,손절,3,-1.095
399720,가온칩스,2025-07-23,43800.0,53106.0,40864.91,23.05,5.51,1.8,3.63,True,False,False,미돌파,0,0.0
006040,동원산업,2025-07-24,46800.0,47695.2,46265.71,2.997,4.35,0.5,2.6,False,False,False,미돌파,0,0.0
018290,브이티,2025-07-24,35850.0,36372.6,35291.07,2.973,12.5,0.46,5.66,True,False,False,미돌파,0,0.0
119850,지엔씨에너지,2025-07-24,33150.0,34068.0,31685.54,6.993,10.0,1.08,10.53,False,False,False,미돌파,0,0.0
383310,에코프로에이치엔,2025-07-24,25650.0,26252.4,25420.36,3.169,0.0,0.86,-1.38,True,False,True,손절,1,-1.095
241560,두산밥캣,2025-07-24,57000.0,58316.4,55934.29,4.085,10.0,1.24,-1.6,True,False,False,미돌파,0,0.0
009540,HD한국조선해양,2025-07-24,337500.0,342684.0,333855.36,2.576,7.69,0.76,-1.66,True,False,True,추적청산,3,0.384
079940,가비아,2025-07-24,24050.0,24398.7,23575.89,3.372,8.33,0.47,2.83,True,False,True,손절,2,-1.089
218410,RFHIC,2025-07-24,28550.0,29408.7,28006.07,4.769,13.04,0.82,0.35,False,False,False,미돌파,0,0.0
211050,인카금융서비스,2025-07-24,11900.0,12104.16,11628.93,3.926,0.0,0.47,2.7,False,False,False,미돌파,0,0.0
030200,KT,2025-07-24,56400.0,57514.8,56009.29,2.618,8.33,0.49,2.42,False,False,False,미돌파,0,0.0
060370,LS마린솔루션,2025-07-24,27600.0,28056.0,27054.73,3.569,0.0,0.45,4.5,True,False,False,미돌파,0,0.0
085620,미래에셋생명,2025-07-24,7200.0,7414.8,6833.68,7.837,10.0,0.5,5.01,False,False,True,시간손절,5,0.005
105560,KB금융,2025-07-24,117200.0,118636.8,115260.0,2.846,11.54,0.85,-2.09,True,False,True,추적청산,2,0.241
001270,부국증권,2025-07-24,59400.0,63426.6,55867.86,11.917,12.9,0.91,3.41,False,False,False,미돌파,0,0.0
475960,토모큐브,2025-07-24,23050.0,23496.9,22635.54,3.666,7.69,0.58,9.43,True,False,True,손절,1,-1.082
071050,한국금융지주,2025-07-24,147100.0,153005.4,143365.0,6.301,13.25,1.16,3.86,False,False,False,미돌파,0,0.0
032500,케이엠더블유,2025-07-24,14210.0,14779.5,13884.29,6.057,14.67,0.67,4.37,True,False,False,미돌파,0,0.0
181710,NHN,2025-07-24,28650.0,29208.3,28043.21,3.989,5.56,0.56,1.04,False,False,True,추적청산,4,0.425
089860,롯데렌탈,2025-07-24,32300.0,32615.1,31650.27,2.958,13.33,0.83,6.78,True,False,False,미돌파,0,0.0
012750,에스원,2025-07-24,70700.0,71542.8,70090.0,2.031,0.0,0.95,1.53,True,False,False,미돌파,0,0.0
003570,SNT다이내믹스,2025-07-24,53000.0,55711.2,51506.79,7.547,0.0,2.15,2.39,True,False,False,미돌파,0,0.0
174900,앱클론,2025-07-24,11910.0,12625.2,11699.54,7.332,2.44,1.26,2.54,False,False,False,미돌파,0,0.0
073240,금호타이어,2025-07-24,4745.0,4814.61,4697.11,2.441,11.11,0.79,0.42,False,False,False,미돌파,0,0.0
144960,뉴파워프라즈마,2025-07-24,5570.0,5681.34,5414.89,4.69,14.29,0.94,11.16,False,False,False,미돌파,0,0.0
082270,젬백스,2025-07-24,57900.0,59318.4,56018.93,5.562,11.11,0.79,3.5,False,False,False,미돌파,0,0.0
002790,아모레퍼시픽홀딩스,2025-07-24,31750.0,32615.1,31179.11,4.403,12.5,1.03,4.65,False,False,False,미돌파,0,0.0
029780,삼성카드,2025-07-24,53300.0,54508.8,52700.0,3.318,7.14,0.69,4.48,True,False,False,미돌파,0,0.0
024110,기업은행,2025-07-24,20250.0,20641.2,19942.64,3.384,9.09,0.69,3.34,True,False,False,미돌파,0,0.0
128940,한미약품,2025-07-24,290500.0,293085.0,286358.93,2.295,10.0,1.03,1.86,True,False,False,미돌파,0,0.0
00104K,CJ4우(전환),2025-07-24,131300.0,134568.6,126048.21,6.332,6.76,0.99,4.37,False,False,False,미돌파,0,0.0
004800,효성,2025-07-24,78300.0,79659.0,76965.0,3.382,4.76,0.56,1.51,False,False,False,미돌파,0,0.0
011170,롯데케미칼,2025-07-24,67900.0,69538.8,66282.14,4.683,14.81,0.72,-3.82,True,False,False,미돌파,0,0.0
069620,대웅제약,2025-07-24,164800.0,169237.8,162050.71,4.247,11.86,1.07,2.54,False,False,False,미돌파,0,0.0
089970,브이엠,2025-07-24,10570.0,10821.6,10359.89,4.267,8.57,0.43,5.88,True,False,True,추적청산,4,0.525
015760,한국전력,2025-07-24,37950.0,38126.1,37021.79,2.896,0.0,0.52,-3.97,True,True,True,추적청산,4,0.837
088980,맥쿼리인프라,2025-07-24,11360.0,11442.84,11315.32,1.114,11.11,1.08,0.44,False,False,False,미돌파,0,0.0
180640,한진칼,2025-07-24,114100.0,117434.4,112417.5,4.272,9.76,0.75,6.48,True,False,False,미돌파,0,0.0
140410,메지온,2025-07-24,40400.0,41132.1,39581.96,3.769,8.0,1.24,1.22,False,False,False,미돌파,0,0.0
161000,애경케미칼,2025-07-24,12000.0,13056.06,11488.82,12.004,9.86,0.76,6.25,False,False,False,미돌파,0,0.0
032830,삼성생명,2025-07-24,128200.0,133065.6,126137.86,5.206,14.04,1.2,8.3,False,False,False,미돌파,0,0.0
029780,삼성카드,2025-07-25,52600.0,53907.6,51893.57,3.736,12.5,0.84,3.84,False,False,False,미돌파,0,0.0
093320,케이아이엔엑스,2025-07-25,87400.0,88276.2,85963.93,2.619,11.76,0.49,4.9,True,False,False,미돌파,0,0.0
093050,LF,2025-07-25,19260.0,19829.58,18889.79,4.739,8.97,1.21,5.59,False,False,False,미돌파,0,0.0
030190,NICE평가정보,2025-07-25,16680.0,16753.44,16324.5,2.56,3.23,0.65,3.3,False,True,True,손절,1,-1.117
018290,브이티,2025-07-25,35600.0,36122.1,34942.14,3.267,0.0,0.56,4.94,False,False,False,미돌파,0,0.0
064960,SNT모티브,2025-07-25,34500.0,35070.0,33835.18,3.521,10.53,0.55,0.43,True,False,False,미돌파,0,0.0
277810,레인보우로보틱스,2025-07-25,267000.0,272043.0,264837.5,2.649,0.0,0.54,2.55,False,False,False,미돌파,0,0.0
295310,에이치브이엠,2025-07-25,29450.0,30210.3,29010.0,3.973,5.56,0.29,8.82,False,False,False,미돌파,0,0.0
000070,삼양홀딩스,2025-07-25,59056.0,59976.71,58035.12,3.237,9.06,0.38,6.55,False,False,False,미돌파,0,0.0
214320,이노션,2025-07-25,20150.0,20440.8,19925.54,2.521,12.5,0.47,2.66,False,False,False,미돌파,0,0.0
030200,KT,2025-07-25,55900.0,56713.2,55512.5,2.117,11.11,0.43,2.27,False,False,False,미돌파,0,0.0
326030,SK바이오팜,2025-07-25,102600.0,105210.0,100658.93,4.326,2.63,0.85,0.39,False,False,False,미돌파,0,0.0
248070,솔루엠,2025-07-25,16090.0,16533.0,15826.82,4.271,11.67,0.78,3.07,False,False,True,손절,5,-1.07
082270,젬백스,2025-07-25,57800.0,58516.8,55529.64,5.105,8.33,0.97,3.02,False,False,False,미돌파,0,0.0
093370,후성,2025-07-25,4770.0,4844.67,4658.62,3.84,9.68,1.09,0.42,False,False,True,손절,5,-1.078
034020,두산에너빌리티,2025-07-25,65900.0,66833.4,63491.07,5.001,0.0,0.73,-1.7,True,False,False,미돌파,0,0.0
035250,강원랜드,2025-07-25,19480.0,19809.54,19278.27,2.682,7.14,0.61,1.07,False,False,False,미돌파,0,0.0
005810,풍산홀딩스,2025-07-25,50000.0,50701.2,48859.82,3.632,3.57,0.23,1.96,False,False,False,미돌파,0,0.0
138930,BNK금융지주,2025-07-25,15180.0,15691.32,14904.46,5.015,11.76,0.81,3.0,False,False,False,미돌파,0,0.0
006340,대원전선,2025-07-25,2840.0,2890.77,2814.77,2.629,8.33,0.31,3.73,True,False,True,시간손절,5,-0.322
046890,서울반도체,2025-07-25,7000.0,7084.14,6921.39,2.297,8.33,0.41,2.91,False,False,True,추적청산,5,0.369
007700,F&F홀딩스,2025-07-25,18850.0,19438.8,18586.71,4.383,7.35,0.34,8.5,True,False,False,미돌파,0,0.0
361610,SK아이이테크놀로지,2025-07-25,28850.0,29058.0,28088.21,3.337,6.67,0.49,1.03,True,False,True,추적청산,2,0.41
026960,동서,2025-07-25,30900.0,31362.6,30408.04,3.044,0.0,0.7,-0.82,True,False,False,미돌파,0,0.0
001430,세아베스틸지주,2025-07-25,33400.0,33967.8,32579.82,4.086,9.09,0.29,0.74,True,False,False,미돌파,0,0.0
087010,펩트론,2025-07-25,286000.0,291081.0,274153.21,5.815,14.81,0.43,2.89,False,False,False,미돌파,0,0.0
004000,롯데정밀화학,2025-07-25,42350.0,43086.0,41826.43,2.923,10.0,0.37,1.51,False,False,False,미돌파,0,0.0
045100,한양이엔지,2025-07-25,18340.0,18466.86,18047.36,2.272,3.23,0.93,2.19,False,False,True,추적청산,5,0.455
281820,케이씨텍,2025-07-25,27600.0,28156.2,27200.54,3.394,6.67,0.63,-0.73,True,False,True,추적청산,5,0.827
358570,지아이이노베이션,2025-07-25,20700.0,21292.5,20167.54,5.283,11.11,0.58,3.5,True,False,False,미돌파,0,0.0
058610,에스피지,2025-07-25,25400.0,25901.7,24886.43,3.92,5.88,0.67,4.15,True,False,False,미돌파,0,0.0
192080,더블유게임즈,2025-07-25,56200.0,57013.8,55594.29,2.49,0.0,0.6,2.77,True,False,False,미돌파,0,0.0
012630,HDC,2025-07-25,22150.0,22695.3,21294.82,6.171,4.35,0.9,0.23,False,False,True,추적청산,5,0.453
454910,두산로보틱스,2025-07-25,61300.0,62224.2,60736.43,2.391,9.09,0.36,0.33,False,False,False,미돌파,0,0.0
010120,LS ELECTRIC,2025-07-25,57500.0,58316.4,55812.14,4.294,15.0,0.66,-0.35,True,False,True,추적청산,5,0.607
166090,하나머티리얼즈,2025-07-25,24550.0,24999.9,24299.29,2.802,9.09,0.65,2.39,True,False,True,추적청산,5,0.75
051600,한전KPS,2025-07-25,51300.0,51803.4,50282.5,2.936,8.33,0.61,2.47,True,False,True,추적청산,3,0.398
214150,클래시스,2025-07-25,58300.0,58817.4,57343.93,2.505,9.09,0.51,0.17,False,False,False,미돌파,0,0.0
161000,애경케미칼,2025-07-25,11900.0,12374.7,11537.54,6.765,0.0,0.19,7.89,False,False,True,손절,5,-1.044
139480,이마트,2025-07-25,89300.0,90280.2,87836.07,2.707,11.11,0.47,6.39,False,False,False,미돌파,0,0.0
450080,에코프로머티,2025-07-25,52300.0,53907.6,51039.46,5.32,4.17,0.72,0.57,False,False,False,미돌파,0,0.0
002790,아모레퍼시픽홀딩스,2025-07-25,31400.0,32164.2,30886.61,3.972,4.76,0.74,3.83,True,False,False,미돌파,0,0.0
475960,토모큐브,2025-07-28,23750.0,24348.6,23279.11,4.392,5.88,0.76,0.21,False,False,True,손절,4,-1.068
437730,삼현,2025-07-28,12120.0,12314.58,11909.43,3.29,12.12,0.97,6.34,True,False,False,미돌파,0,0.0
121600,나노신소재,2025-07-28,54400.0,55009.8,52406.43,4.733,0.0,0.75,0.37,False,False,False,미돌파,0,0.0
050890,쏠리드,2025-07-28,6460.0,6553.08,6285.04,4.09,13.04,1.35,7.05,True,False,False,미돌파,0,0.0
361610,SK아이이테크놀로지,2025-07-28,29450.0,30360.6,28890.36,4.843,0.0,1.23,1.17,False,False,False,미돌파,0,0.0
445680,큐리옥스바이오시스템즈,2025-07-28,39000.0,39979.8,37982.5,4.996,6.45,0.54,6.92,True,False,False,미돌파,0,0.0
001430,세아베스틸지주,2025-07-28,32700.0,33967.8,31879.29,6.149,8.33,0.63,4.39,False,False,False,미돌파,0,0.0
035420,NAVER,2025-07-28,235500.0,237474.0,230762.5,2.826,10.0,0.55,1.88,False,False,True,손절,4,-1.106
214450,파마리서치,2025-07-28,547000.0,556110.0,531517.86,4.422,15.0,0.71,4.7,False,False,True,손절,4,-1.068
090710,휴림로봇,2025-07-28,2710.0,2855.7,2591.29,9.259,2.17,0.53,14.91,True,False,False,미돌파,0,0.0
001440,대한전선,2025-07-28,15880.0,16011.96,15689.14,2.016,8.7,0.58,0.87,False,False,False,미돌파,0,0.0
096530,씨젠,2025-07-28,30200.0,30811.5,29661.79,3.731,5.26,0.98,2.89,False,False,False,미돌파,0,0.0
161390,한국타이어앤테크놀로지,2025-07-28,46100.0,46843.5,45334.64,3.221,4.17,0.8,1.28,False,False,False,미돌파,0,0.0
112040,위메이드,2025-07-28,32300.0,32665.2,31828.04,2.563,8.33,0.49,5.42,False,False,False,미돌파,0,0.0
056080,유진로봇,2025-07-28,10330.0,10390.74,10064.04,3.144,3.85,0.61,4.09,True,True,True,손절,2,-1.095
010130,고려아연,2025-07-28,815000.0,833664.0,807775.0,3.105,9.52,0.52,2.28,False,False,False,미돌파,0,0.0
034230,파라다이스,2025-07-28,18420.0,18907.74,18067.86,4.442,4.41,0.9,4.66,False,False,False,미돌파,0,0.0
002380,KCC,2025-07-28,370000.0,374748.0,357184.82,4.687,3.57,0.81,1.33,True,False,True,손절,4,-1.064
365340,성일하이텍,2025-07-28,38900.0,40080.0,38350.09,4.316,0.0,0.76,1.02,False,False,False,미돌파,0,0.0
058610,에스피지,2025-07-28,25350.0,25450.8,24785.89,2.613,10.0,0.68,5.59,True,True,True,손절,4,-1.115
003670,포스코퓨처엠,2025-07-28,149800.0,155811.0,144678.93,7.145,7.37,0.65,4.22,False,False,False,미돌파,0,0.0
068270,셀트리온,2025-07-28,169187.0,170862.04,166230.08,2.711,7.69,0.67,2.04,False,False,True,손절,1,-1.111
000660,SK하이닉스,2025-07-28,262000.0,266031.0,256914.29,3.427,14.29,0.77,3.85,True,False,False,미돌파,0,0.0
195870,해성디에스,2025-07-28,24350.0,24799.5,23696.25,4.449,5.56,0.56,5.62,True,False,True,추적청산,3,0.433
450080,에코프로머티,2025-07-28,52800.0,53607.0,51243.75,4.408,10.53,0.57,2.76,True,False,False,미돌파,0,0.0
000720,현대건설,2025-07-28,65600.0,66833.4,64656.43,3.257,6.25,0.73,7.34,True,False,False,미돌파,0,0.0
277810,레인보우로보틱스,2025-07-28,267500.0,269538.0,260832.14,3.23,14.29,0.82,3.25,True,False,True,추적청산,4,0.407
097950,CJ제일제당,2025-07-28,247500.0,251502.0,245217.86,2.499,10.0,0.69,2.17,True,False,False,미돌파,0,0.0
090360,로보스타,2025-07-28,27100.0,27254.4,26456.43,2.928,8.33,0.48,3.73,True,True,True,손절,4,-1.102
466100,클로봇,2025-07-28,18062.0,18165.26,17520.72,3.548,13.15,0.46,6.75,True,True,True,손절,4,-1.085
119850,지엔씨에너지,2025-07-28,32550.0,33567.0,30700.54,8.54,6.0,0.6,3.7,True,False,False,미돌파,0,0.0
000240,한국앤컴퍼니,2025-07-28,23950.0,24649.2,23154.46,6.064,8.0,0.84,3.62,True,False,False,미돌파,0,0.0
383310,에코프로에이치엔,2025-07-28,26400.0,26903.7,25815.0,4.047,0.0,1.15,0.94,False,False,False,미돌파,0,0.0
001530,DI동일,2025-07-28,40381.0,40701.24,38768.23,4.749,13.94,1.9,1.28,False,True,False,미돌파,0,0.0
053800,안랩,2025-07-28,66500.0,67234.2,65795.36,2.14,9.09,0.53,0.45,False,False,False,미돌파,0,0.0
003230,삼양식품,2025-07-28,1340000.0,1353702.0,1309242.86,3.284,14.71,0.76,3.8,False,False,True,추적청산,5,0.502
141080,리가켐바이오,2025-07-28,139900.0,144388.2,137563.57,4.727,0.0,0.46,2.44,False,False,False,미돌파,0,0.0
181710,NHN,2025-07-28,29400.0,29609.1,28342.14,4.279,5.0,0.51,0.17,False,True,True,추적청산,2,0.43
034310,NICE,2025-07-29,13490.0,13527.0,13207.32,2.363,8.7,0.54,1.39,False,True,False,미돌파,0,0.0
122870,와이지엔터테인먼트,2025-07-29,81200.0,82063.8,78714.11,4.082,11.11,1.0,7.52,True,False,False,미돌파,0,0.0
001120,LX인터내셔널,2025-07-29,32250.0,32364.6,31558.04,2.492,8.33,0.32,3.87,False,True,True,손절,3,-1.12
402340,SK스퀘어,2025-07-29,149200.0,150099.6,144279.29,3.878,13.64,0.43,4.85,True,True,False,미돌파,0,0.0
001510,SK증권,2025-07-29,1351.0,1375.75,1314.56,4.448,12.0,0.3,6.51,False,False,False,미돌파,0,0.0
078930,GS,2025-07-29,49500.0,49899.6,48428.93,2.947,4.55,0.82,4.07,False,False,True,손절,3,-1.102
137310,에스디바이오센서,2025-07-29,10060.0,10130.22,9786.25,3.395,6.9,1.03,0.0,True,False,True,손절,3,-1.088
030200,KT,2025-07-29,54600.0,55009.8,53607.14,2.55,9.09,0.88,4.71,True,False,False,미돌파,0,0.0
006650,대한유화,2025-07-29,100200.0,101202.0,97442.14,3.715,3.45,0.49,4.93,False,False,True,손절,4,-1.081
011200,HMM,2025-07-29,23650.0,23797.5,23236.43,2.358,0.0,0.6,2.87,False,False,False,미돌파,0,0.0
011780,금호석유화학,2025-07-29,122200.0,123246.0,119414.29,3.109,0.0,0.51,5.42,False,False,True,손절,3,-1.096
079900,전진건설로봇,2025-07-29,49350.0,50300.4,48836.43,2.91,13.64,0.49,4.17,False,False,False,미돌파,0,0.0
000100,유한양행,2025-07-29,120400.0,121442.4,117603.93,3.161,3.57,0.47,3.68,False,False,True,손절,2,-1.095
005380,현대차,2025-07-29,218000.0,218937.0,212982.14,2.72,11.11,0.82,-5.57,True,True,True,추적청산,2,0.39
060370,LS마린솔루션,2025-07-29,27050.0,27504.9,26027.23,5.372,8.0,0.52,3.91,True,False,False,미돌파,0,0.0
008060,대덕,2025-07-29,8030.0,8106.18,7903.86,2.496,12.5,0.89,3.14,False,False,True,추적청산,3,0.38
007070,GS리테일,2025-07-29,16340.0,16502.94,16140.25,2.198,3.85,0.51,5.93,True,False,True,손절,3,-1.137
020150,롯데에너지머티리얼즈,2025-07-29,25050.0,25250.4,24232.32,4.032,0.0,0.68,3.09,False,False,True,손절,3,-1.074
035900,JYP Ent.,2025-07-29,69600.0,70641.0,68122.86,3.565,15.0,0.87,7.45,True,False,False,미돌파,0,0.0
094170,동운아나텍,2025-07-29,17680.0,17845.62,17275.82,3.193,0.0,0.72,4.95,True,False,True,손절,3,-1.094
026960,동서,2025-07-29,29900.0,30410.7,29305.89,3.633,0.0,1.27,2.61,False,False,False,미돌파,0,0.0
336370,솔루스첨단소재,2025-07-29,8560.0,8607.18,8382.86,2.606,12.5,0.63,1.27,False,True,True,추적청산,2,0.385
066570,LG전자,2025-07-29,77400.0,77955.6,76104.29,2.375,0.0,0.58,-0.65,True,False,True,추적청산,3,0.062
950160,코오롱티슈진,2025-07-29,39000.0,39679.2,37914.46,4.448,0.0,0.76,6.47,True,False,False,미돌파,0,0.0
035250,강원랜드,2025-07-29,19160.0,19258.44,18798.38,2.389,5.71,0.6,4.68,False,False,False,미돌파,0,0.0
001430,세아베스틸지주,2025-07-29,32400.0,33015.9,31630.36,4.197,9.09,0.74,5.68,False,False,False,미돌파,0,0.0
460860,동국제강,2025-07-29,10910.0,11052.06,10491.29,5.074,0.0,0.77,7.93,False,False,False,미돌파,0,0.0
120110,코오롱인더,2025-07-29,41700.0,42033.9,40366.07,3.968,0.0,0.83,6.08,True,False,False,미돌파,0,0.0
140860,파크시스템스,2025-07-29,269000.0,274047.0,265101.79,3.264,0.0,0.77,2.18,True,False,True,손절,4,-1.092
295310,에이치브이엠,2025-07-29,27900.0,28557.0,27273.93,4.493,15.0,0.32,7.0,False,False,False,미돌파,0,0.0
456040,OCI,2025-07-29,57400.0,57915.6,56119.29,3.102,0.0,0.59,4.49,False,False,True,손절,3,-1.097
046890,서울반도체,2025-07-29,7050.0,7114.2,6970.86,2.015,10.0,0.57,-0.28,True,False,True,추적청산,2,0.351
003690,코리안리,2025-07-29,10680.0,10721.4,10387.82,3.111,7.69,0.65,4.13,False,True,False,미돌파,0,0.0
003090,대웅,2025-07-29,24350.0,24699.3,23829.64,3.521,7.69,0.67,4.7,False,False,False,미돌파,0,0.0
476060,온코닉테라퓨틱스,2025-07-29,6300.0,6575.12,6068.81,7.7,2.82,0.58,7.18,False,False,False,미돌파,0,0.0
101160,월덱스,2025-07-29,25000.0,25300.5,24075.89,4.84,0.0,0.79,-5.26,True,False,False,미돌파,0,0.0
001060,JW중외제약,2025-07-29,22500.0,22595.1,22103.04,2.178,14.29,0.95,1.96,True,True,True,손절,3,-1.138
225570,넥슨게임즈,2025-07-29,14040.0,14208.36,13931.57,1.948,10.0,0.33,1.68,True,False,False,미돌파,0,0.0
069260,TKG휴켐스,2025-07-29,17420.0,17635.2,17187.8,2.537,8.57,0.78,4.13,False,False,True,손절,3,-1.118
397030,에이프릴바이오,2025-07-29,21650.0,21993.9,20823.05,5.324,5.26,0.84,4.2,False,False,False,미돌파,0,0.0
086280,현대글로비스,2025-07-29,146700.0,148195.8,142217.86,4.034,2.04,0.99,-4.56,True,False,True,시간손절,5,0.027
052020,에스티큐브,2025-07-29,6990.0,7114.2,6752.36,5.086,3.45,0.54,2.92,False,False,True,시간손절,5,0.206
002960,한국쉘석유,2025-07-29,440000.0,448395.0,433798.21,3.255,0.0,0.77,5.27,False,False,False,미돌파,0,0.0
019170,신풍제약,2025-07-29,12360.0,12474.9,12052.82,3.383,12.12,0.7,4.92,True,False,False,미돌파,0,0.0
088350,한화생명,2025-07-29,3495.0,3562.11,3417.68,4.055,13.64,0.54,6.43,False,False,False,미돌파,0,0.0
009830,한화솔루션,2025-07-29,35937.0,36055.97,34303.74,4.86,0.0,0.76,-1.74,True,True,False,미돌파,0,0.0
005880,대한해운,2025-07-29,1805.0,1822.64,1758.48,3.52,1.92,0.37,1.69,False,False,False,미돌파,0,0.0
093370,후성,2025-07-29,4845.0,4949.88,4653.14,5.995,5.66,1.35,0.21,False,False,False,미돌파,0,0.0
196170,알테오젠,2025-07-29,351255.0,353884.36,340155.35,3.88,7.14,0.63,4.1,True,True,True,손절,2,-1.077
141080,리가켐바이오,2025-07-29,139000.0,140280.0,134686.07,3.988,2.44,0.42,3.47,True,False,True,손절,1,-1.075
383800,LX홀딩스,2025-07-29,8400.0,8456.88,8155.21,3.567,8.33,0.65,6.25,True,False,True,손절,3,-1.084
222080,SFA넥셀,2025-07-29,7530.0,7615.2,7347.75,3.512,0.0,0.84,1.05,True,False,True,손절,3,-1.085
195940,HK이노엔,2025-07-30,42150.0,42585.0,41540.09,2.454,12.5,0.82,2.88,False,False,True,추적청산,6,1.677
052020,에스티큐브,2025-07-30,6960.0,7344.66,6804.07,7.36,6.38,0.87,2.25,False,False,False,미돌파,0,0.0
307950,현대오토에버,2025-07-30,156300.0,158215.8,154176.79,2.553,10.0,0.98,1.82,False,False,True,손절,1,-1.118
090710,휴림로봇,2025-07-30,2575.0,2660.31,2534.23,4.739,10.53,0.43,12.56,True,False,False,미돌파,0,0.0
189300,인텔리안테크,2025-07-30,48500.0,49799.4,47311.96,4.995,14.63,0.95,1.52,False,False,True,손절,2,-1.06
041510,에스엠,2025-07-30,123500.0,126252.0,121128.57,4.058,12.2,0.98,7.21,False,False,True,추적청산,6,1.221
458870,씨어스,2025-07-30,10955.0,11144.24,10537.97,5.44,3.64,0.44,4.79,True,False,True,추적청산,2,0.441
298050,HS효성첨단소재,2025-07-30,198400.0,201402.0,196334.29,2.516,13.16,0.57,0.55,False,False,True,손절,2,-1.383
089030,테크윙,2025-07-30,27800.0,28607.1,27294.11,4.59,13.64,1.14,0.71,False,False,True,손절,2,-1.065
160190,하이젠알앤엠,2025-07-30,31700.0,32615.1,31061.61,4.763,0.0,0.79,6.49,True,False,False,미돌파,0,0.0
180640,한진칼,2025-07-30,110000.0,112524.6,108492.5,3.583,6.25,0.75,5.09,True,False,False,미돌파,0,0.0
285130,SK케미칼,2025-07-30,68300.0,69138.0,67078.93,2.978,13.33,0.54,5.14,False,False,False,미돌파,0,0.0
466100,클로봇,2025-07-30,17996.0,18288.5,17709.51,3.166,2.06,0.49,2.57,False,False,False,미돌파,0,0.0
039130,하나투어,2025-07-30,53600.0,54007.8,53011.43,1.845,14.29,0.61,5.47,True,False,True,손절,2,-1.163
003690,코리안리,2025-07-30,10600.0,10691.34,10419.21,2.545,0.0,0.64,3.72,False,False,True,손절,2,-1.118
089860,롯데렌탈,2025-07-30,31600.0,32414.7,31067.14,4.157,8.7,0.41,2.47,True,False,False,미돌파,0,0.0
326030,SK바이오팜,2025-07-30,99800.0,101602.8,98782.5,2.776,9.52,0.76,1.87,True,False,False,미돌파,0,0.0
096530,씨젠,2025-07-30,29850.0,30360.6,29315.54,3.442,11.76,1.19,0.33,True,False,False,미돌파,0,0.0
003470,유안타증권,2025-07-30,3675.0,3727.44,3594.39,3.569,5.0,0.37,5.65,False,False,True,손절,2,-1.084
352820,하이브,2025-07-30,250500.0,253005.0,244818.75,3.236,0.0,0.82,6.36,True,False,True,추적청산,2,0.407
000660,SK하이닉스,2025-07-30,263500.0,266532.0,258983.93,2.832,9.09,0.69,2.04,False,False,True,손절,2,-1.106
161890,한국콜마,2025-07-30,94900.0,96091.8,92661.07,3.57,0.0,0.75,1.04,False,False,True,손절,2,-1.084
001120,LX인터내셔널,2025-07-30,32300.0,32615.1,31810.71,2.466,8.33,0.5,5.28,False,False,False,미돌파,0,0.0
026960,동서,2025-07-30,29800.0,30110.1,29262.32,2.816,7.69,0.92,4.49,False,False,True,손절,2,-1.107
079900,전진건설로봇,2025-07-30,49350.0,49899.6,48540.71,2.723,0.0,0.36,5.82,True,False,True,손절,1,-1.11
009420,한올바이오파마,2025-07-30,27300.0,28506.9,26540.0,6.9,14.71,0.75,5.7,False,False,False,미돌파,0,0.0
128940,한미약품,2025-07-30,279500.0,281562.0,274342.86,2.564,9.09,0.63,2.78,True,False,False,미돌파,0,0.0
018670,SK가스,2025-07-30,266500.0,269538.0,262064.29,2.773,9.09,0.5,4.99,False,False,True,손절,2,-1.108
047050,포스코인터내셔널,2025-07-30,52500.0,54408.6,51250.71,5.804,11.11,0.78,5.75,True,False,False,미돌파,0,0.0
033240,자화전자,2025-07-30,18000.0,18537.0,17625.32,4.918,0.0,0.67,2.6,False,False,True,손절,2,-1.061
030610,교보증권,2025-07-30,8750.0,8847.66,8539.14,3.487,4.35,0.34,6.62,False,False,True,손절,2,-1.086
178320,서진시스템,2025-07-30,22050.0,22595.1,21789.11,3.567,7.69,0.74,-2.32,True,False,False,미돌파,0,0.0
001680,대상,2025-07-30,23350.0,23647.2,23115.36,2.249,12.5,0.59,1.89,False,False,False,미돌파,0,0.0
079900,전진건설로봇,2025-07-31,49100.0,49999.8,48200.89,3.598,13.79,0.61,4.84,True,False,False,미돌파,0,0.0
003530,한화투자증권,2025-07-31,5860.0,5981.94,5731.0,4.195,15.0,0.46,4.87,True,False,False,미돌파,0,0.0
249420,일동제약,2025-07-31,19110.0,19539.0,18242.29,6.637,3.06,0.26,13.72,False,False,True,손절,2,-1.045
034730,SK,2025-07-31,203000.0,206412.0,198562.86,3.803,8.2,0.65,3.79,False,False,False,미돌파,0,0.0
028670,팬오션,2025-07-31,4210.0,4313.61,4106.36,4.805,11.11,0.72,1.64,True,False,False,미돌파,0,0.0
028300,HLB,2025-07-31,48000.0,48446.7,46540.71,3.934,3.23,1.41,3.13,True,False,False,미돌파,0,0.0
005830,DB손해보험,2025-07-31,128000.0,130861.2,125732.86,3.919,7.32,0.69,3.03,False,False,False,미돌파,0,0.0
000210,DL,2025-07-31,50500.0,52404.6,49580.89,5.388,4.26,0.72,4.17,True,False,False,미돌파,0,0.0
086790,하나금융지주,2025-07-31,85400.0,86272.2,83806.07,2.859,11.11,0.63,6.15,False,False,False,미돌파,0,0.0
237690,에스티팜,2025-07-31,87100.0,89077.8,85265.71,4.28,13.33,0.74,6.04,False,False,False,미돌파,0,0.0
271560,오리온,2025-07-31,111300.0,112424.4,110360.36,1.836,13.33,0.79,1.24,False,False,False,미돌파,0,0.0
140410,메지온,2025-07-31,38450.0,38777.4,37793.75,2.537,7.14,0.91,4.83,True,False,False,미돌파,0,0.0
055550,신한지주,2025-07-31,68000.0,68737.2,66823.39,2.784,14.29,0.59,1.88,False,False,False,미돌파,0,0.0
005300,롯데칠성,2025-07-31,130000.0,131763.0,128779.64,2.264,4.76,0.29,1.81,False,False,False,미돌파,0,0.0
144960,뉴파워프라즈마,2025-07-31,5550.0,5651.28,5436.29,3.804,0.0,0.52,0.36,False,False,False,미돌파,0,0.0
128940,한미약품,2025-07-31,279500.0,280560.0,273837.5,2.396,0.0,0.77,3.79,True,True,False,미돌파,0,0.0
440110,파두,2025-07-31,12070.0,12254.46,11852.86,3.277,6.67,0.64,4.28,False,False,False,미돌파,0,0.0
005440,현대지에프홀딩스,2025-07-31,8540.0,8717.4,8306.57,4.713,9.09,0.72,3.06,False,False,False,미돌파,0,0.0
175330,JB금융지주,2025-07-31,23100.0,23547.0,22619.29,3.94,13.33,0.55,5.13,False,False,False,미돌파,0,0.0
181710,NHN,2025-07-31,28700.0,28907.7,27560.54,4.66,0.0,0.96,-0.17,True,True,False,미돌파,0,0.0
214370,케어젠,2025-07-31,49750.0,52204.2,48162.68,7.742,6.45,0.59,16.67,True,False,False,미돌파,0,0.0
499790,GS피앤엘,2025-07-31,38450.0,40480.8,37382.68,7.653,7.69,0.77,6.67,False,False,False,미돌파,0,0.0
127120,제이에스링크,2025-07-31,13860.0,14679.3,13055.11,11.065,9.09,0.82,8.45,False,False,False,미돌파,0,0.0
225570,넥슨게임즈,2025-07-31,13890.0,14078.1,13742.54,2.384,11.54,0.88,2.94,True,False,False,미돌파,0,0.0
316140,우리금융지주,2025-07-31,24700.0,25050.0,24173.57,3.499,7.14,0.53,2.76,False,False,False,미돌파,0,0.0
004170,신세계,2025-07-31,171800.0,174047.4,169845.0,2.415,6.67,0.61,3.54,False,False,False,미돌파,0,0.0
089860,롯데렌탈,2025-07-31,31450.0,32013.9,30862.86,3.595,10.53,0.51,2.63,True,False,False,미돌파,0,0.0
096530,씨젠,2025-07-31,29700.0,30160.2,29271.43,2.947,14.29,0.92,-0.51,True,False,False,미돌파,0,0.0
000810,삼성화재,2025-07-31,440500.0,449397.0,434703.57,3.27,4.55,0.45,3.4,False,False,False,미돌파,0,0.0
294870,IPARK현대산업개발,2025-07-31,23550.0,23947.8,23288.57,2.753,10.0,0.72,0.21,True,False,False,미돌파,0,0.0
218410,RFHIC,2025-07-31,27850.0,28256.4,27133.04,3.976,11.76,0.61,2.45,True,False,False,미돌파,0,0.0
006800,미래에셋증권,2025-07-31,19007.0,19433.79,18714.81,3.7,13.04,0.85,2.9,False,False,False,미돌파,0,0.0
086900,메디톡스,2025-07-31,147100.0,149097.6,145185.0,2.624,13.33,0.85,3.16,True,False,False,미돌파,0,0.0
001060,JW중외제약,2025-07-31,22700.0,23046.0,22202.5,3.66,14.29,0.9,1.09,True,False,False,미돌파,0,0.0
026960,동서,2025-07-31,29800.0,30260.4,29363.39,2.964,14.29,0.81,4.49,False,False,False,미돌파,0,0.0
081660,미스토홀딩스,2025-07-31,35950.0,36422.7,35615.54,2.216,0.0,0.87,5.15,True,False,False,미돌파,0,0.0
241560,두산밥캣,2025-07-31,55400.0,55711.2,54306.96,2.521,10.0,0.81,2.81,False,False,False,미돌파,0,0.0
160190,하이젠알앤엠,2025-07-31,31750.0,32665.2,31112.14,4.754,4.0,0.68,4.65,True,False,False,미돌파,0,0.0
003470,유안타증권,2025-07-31,3715.0,3762.51,3634.93,3.391,0.0,0.55,2.49,False,False,False,미돌파,0,0.0
460860,동국제강,2025-07-31,10780.0,11242.44,10559.04,6.079,1.75,1.57,10.76,False,False,False,미돌파,0,0.0
141080,리가켐바이오,2025-07-31,134400.0,135871.2,129975.71,4.339,13.04,0.74,7.31,False,True,False,미돌파,0,0.0
196170,알테오젠,2025-07-31,349331.0,351185.97,336791.27,4.099,10.0,0.72,4.82,False,True,False,미돌파,0,0.0
030530,원익홀딩스,2025-07-31,6020.0,6212.4,5915.96,4.772,12.5,0.78,-2.73,True,False,False,미돌파,0,0.0
010060,OCI홀딩스,2025-08-01,93600.0,96091.8,89553.57,6.804,3.64,0.62,3.7,True,False,True,시간손절,5,0.324
033100,제룡전기,2025-08-01,40100.0,41082.0,38981.43,5.113,11.11,2.2,-6.37,True,False,False,미돌파,0,0.0
039130,하나투어,2025-08-01,53200.0,54709.2,52516.79,4.007,5.26,0.76,3.27,True,False,False,미돌파,0,0.0
032640,LG유플러스,2025-08-01,14470.0,14699.34,14347.93,2.391,3.7,0.69,1.36,False,False,True,손절,1,-1.262
445680,큐리옥스바이오시스템즈,2025-08-01,37650.0,38126.1,36248.57,4.925,13.79,0.73,3.21,False,True,True,추적청산,4,1.151
036570,NC,2025-08-01,190600.0,193185.6,186331.07,3.548,7.14,0.78,2.41,True,False,True,추적청산,4,0.511
282330,BGF리테일,2025-08-01,112000.0,113226.0,109886.79,2.949,0.0,0.77,3.28,True,False,True,추적청산,6,1.398
097950,CJ제일제당,2025-08-01,248500.0,251502.0,244712.5,2.7,9.09,1.25,0.2,False,False,False,미돌파,0,0.0
004370,농심,2025-08-01,383000.0,387774.0,376182.14,2.989,10.53,0.79,1.29,True,False,False,미돌파,0,0.0
059090,미코,2025-08-01,14320.0,14348.64,13492.11,5.969,6.94,1.08,-2.43,True,True,True,추적청산,7,1.098
127120,제이에스링크,2025-08-01,13830.0,13927.8,12782.32,8.224,3.16,0.72,8.53,False,True,True,추적청산,4,0.953
058470,리노공업,2025-08-04,45100.0,45290.4,43705.36,3.5,0.0,1.11,4.75,True,True,True,추적청산,6,0.654
336570,원텍,2025-08-04,12270.0,12414.78,11726.96,5.54,13.79,0.79,5.76,False,False,True,추적청산,7,0.551
011070,LG이노텍,2025-08-04,153000.0,154408.2,149990.18,2.861,11.76,0.61,1.1,False,False,True,추적청산,10,1.503
161890,한국콜마,2025-08-04,92700.0,93586.8,90738.57,3.043,4.76,0.52,0.0,True,False,True,추적청산,4,0.86
039200,오스코텍,2025-08-04,30750.0,31162.2,30282.86,2.822,7.69,0.41,5.38,False,False,True,추적청산,3,0.394
071320,지역난방공사,2025-08-04,83800.0,85671.0,81340.71,5.055,13.89,0.67,3.23,False,False,True,추적청산,3,0.441
140410,메지온,2025-08-04,37650.0,37975.8,36632.5,3.537,4.76,0.49,2.71,False,False,True,손절,5,-1.085
011170,롯데케미칼,2025-08-04,64200.0,65029.8,62562.86,3.794,10.53,0.5,3.31,True,False,True,손절,3,-1.079
003030,세아제강지주,2025-08-04,192100.0,194087.4,187909.64,3.183,10.87,0.99,11.27,True,False,True,추적청산,5,0.52
019170,신풍제약,2025-08-04,11760.0,11953.86,11535.71,3.498,12.12,0.58,5.16,True,False,True,추적청산,9,2.108
088350,한화생명,2025-08-04,3330.0,3366.72,3269.54,2.887,14.29,0.28,4.45,False,False,True,시간손절,5,-0.533
031980,피에스케이홀딩스,2025-08-04,31250.0,32064.0,30556.61,4.701,4.0,0.48,8.36,True,False,True,추적청산,9,0.647
001060,JW중외제약,2025-08-04,22250.0,22444.8,21847.68,2.66,11.11,0.82,0.67,True,False,True,시간손절,5,-0.355
036460,한국가스공사,2025-08-04,41000.0,41532.9,40360.0,2.824,5.88,0.52,8.07,True,False,True,손절,1,-1.106
001740,SK네트웍스,2025-08-04,4440.0,4473.93,4380.93,2.079,7.69,0.6,1.0,True,False,True,추적청산,5,0.361
336370,솔루스첨단소재,2025-08-04,8200.0,8386.74,7975.68,4.901,0.0,0.58,5.31,True,False,True,추적청산,9,1.319
003570,SNT다이내믹스,2025-08-04,55800.0,56512.8,53785.36,4.826,13.64,1.22,-8.98,True,True,True,추적청산,3,0.438
094170,동운아나텍,2025-08-04,17360.0,17625.18,17053.57,3.243,13.64,0.32,1.31,True,False,True,추적청산,6,0.359
310210,보로노이,2025-08-04,113500.0,115931.4,106389.29,8.231,12.35,0.77,13.56,True,False,True,시간손절,5,0.076
402340,SK스퀘어,2025-08-04,140200.0,141983.4,137197.14,3.371,5.71,0.72,6.66,True,False,True,손절,3,-1.089
272210,한화시스템,2025-08-04,57700.0,59118.0,54726.43,7.428,5.26,0.93,0.17,False,False,False,미돌파,0,0.0
004000,롯데정밀화학,2025-08-04,41050.0,41532.9,40281.96,3.012,10.53,0.75,1.91,False,False,True,추적청산,3,0.4
383220,F&F,2025-08-04,66600.0,67735.2,64798.21,4.336,4.17,0.68,5.4,True,False,False,미돌파,0,0.0
000080,하이트진로,2025-08-04,19920.0,20140.2,19632.89,2.519,2.44,1.05,1.14,True,False,True,시간손절,5,-0.612
005930,삼성전자,2025-08-04,69700.0,70340.4,68371.07,2.8,13.33,0.69,0.99,False,False,True,손절,2,-1.107
088980,맥쿼리인프라,2025-08-04,11610.0,11683.32,11459.96,1.912,5.56,0.69,-1.93,True,False,True,시간손절,5,-0.575
082920,비츠로셀,2025-08-04,15493.0,15600.14,14923.26,4.339,13.69,0.71,0.0,True,True,True,추적청산,6,1.004
011210,현대위아,2025-08-04,48400.0,48847.5,47126.25,3.524,11.11,0.47,4.16,False,False,True,시간손절,5,-0.113
248070,솔루엠,2025-08-04,16020.0,16222.38,15714.36,3.132,5.0,0.82,2.85,True,False,True,손절,3,-1.096
009540,HD한국조선해양,2025-08-04,337500.0,341682.0,326814.29,4.351,12.5,1.01,4.53,False,False,True,추적청산,6,0.997
005290,동진쎄미켐,2025-08-04,29600.0,30060.0,29162.5,2.986,0.0,0.65,9.06,True,False,True,손절,2,-1.1
329180,HD현대중공업,2025-08-04,463500.0,470940.0,447523.21,4.972,13.16,0.96,0.22,False,False,True,시간손절,5,-0.357
078600,대주전자재료,2025-08-04,71400.0,72144.0,69597.5,3.53,5.26,0.38,6.91,False,False,True,추적청산,4,0.976
064400,LG씨엔에스,2025-08-04,68700.0,70641.0,67565.0,4.354,8.0,0.55,2.55,True,False,False,미돌파,0,0.0
003240,태광산업,2025-08-04,979000.0,1022040.0,958875.0,6.18,7.41,0.28,3.64,True,False,False,미돌파,0,0.0
285130,SK케미칼,2025-08-05,66700.0,67635.0,65686.43,2.881,14.29,0.89,3.47,False,False,True,손절,1,-1.104
012330,현대모비스,2025-08-05,286000.0,290580.0,280237.5,3.559,6.25,0.68,3.87,False,False,False,미돌파,0,0.0
004990,롯데지주,2025-08-05,27300.0,27805.5,26785.54,3.668,0.0,0.13,3.36,False,False,True,시간손절,5,-0.626
073240,금호타이어,2025-08-05,4725.0,4784.55,4652.21,2.766,9.52,0.78,0.32,False,False,True,시간손절,5,-0.483
069960,현대백화점,2025-08-05,69100.0,70540.8,68073.21,3.498,5.0,0.87,3.63,True,False,True,추적청산,4,0.669
000670,영풍,2025-08-05,39401.0,40649.14,38831.73,4.471,6.43,0.95,6.03,True,False,False,미돌파,0,0.0
323410,카카오뱅크,2025-08-05,27250.0,27555.0,26614.2,3.414,6.67,0.62,3.71,True,False,True,추적청산,2,0.17
397030,에이프릴바이오,2025-08-05,20550.0,21342.6,20169.95,5.494,5.26,0.72,5.08,False,False,False,미돌파,0,0.0
071050,한국금융지주,2025-08-05,139300.0,142885.2,135887.14,4.898,5.17,0.67,1.97,False,False,False,미돌파,0,0.0
033100,제룡전기,2025-08-05,40350.0,40931.7,39537.86,3.405,4.55,1.22,-1.38,True,False,False,미돌파,0,0.0
032190,다우데이타,2025-08-05,15900.0,16172.28,15708.79,2.866,8.57,0.38,1.36,False,False,False,미돌파,0,0.0
460860,동국제강,2025-08-05,10400.0,10661.28,10141.39,4.876,9.76,0.48,4.67,True,False,False,미돌파,0,0.0
007070,GS리테일,2025-08-05,16080.0,16262.46,15837.0,2.616,12.12,0.66,1.59,False,False,True,추적청산,6,1.041
030000,제일기획,2025-08-05,19880.0,20140.2,19695.43,2.208,0.0,0.73,1.09,False,False,False,미돌파,0,0.0
005440,현대지에프홀딩스,2025-08-05,8350.0,8617.2,8205.79,4.774,5.88,0.51,3.47,False,False,True,손절,4,-1.063
003530,한화투자증권,2025-08-05,5640.0,5761.5,5533.68,3.954,11.11,0.51,5.05,False,False,False,미돌파,0,0.0
298380,에이비엘바이오,2025-08-05,75300.0,77154.0,72279.29,6.318,10.26,1.12,3.34,True,False,True,손절,4,-1.047
064350,현대로템,2025-08-05,201000.0,207915.0,192745.71,7.296,14.93,1.62,2.43,True,False,False,미돌파,0,0.0
119850,지엔씨에너지,2025-08-05,34600.0,35370.6,33572.14,5.085,7.14,0.78,-5.81,True,False,False,미돌파,0,0.0
101490,에스앤에스텍,2025-08-05,50300.0,51402.6,49368.21,3.958,0.0,0.6,1.57,False,False,False,미돌파,0,0.0
189300,인텔리안테크,2025-08-05,48300.0,49548.9,47684.46,3.763,0.0,0.77,1.93,False,False,True,추적청산,2,0.42
032640,LG유플러스,2025-08-05,14750.0,15080.1,14631.71,2.973,13.89,1.31,-3.58,True,False,False,미돌파,0,0.0
064400,LG씨엔에스,2025-08-05,70300.0,70540.8,67573.57,4.206,8.33,0.78,1.26,True,True,True,손절,1,-1.071
171090,선익시스템,2025-08-05,38550.0,39328.5,37336.79,5.064,2.94,1.35,1.41,False,False,False,미돌파,0,0.0
053800,안랩,2025-08-05,63600.0,64729.2,63088.93,2.534,0.0,0.59,0.93,False,False,False,미돌파,0,0.0
145990,삼양사,2025-08-05,52400.0,53106.0,51791.07,2.476,0.0,1.01,1.5,False,False,True,손절,4,-1.121
402340,SK스퀘어,2025-08-05,143500.0,146692.8,140772.5,4.036,10.87,0.53,3.82,False,False,False,미돌파,0,0.0
003470,유안타증권,2025-08-05,3595.0,3652.29,3541.96,3.021,0.0,0.33,2.31,False,False,False,미돌파,0,0.0
088350,한화생명,2025-08-05,3360.0,3426.84,3325.93,2.945,13.33,0.33,3.86,False,False,False,미돌파,0,0.0
024110,기업은행,2025-08-05,19230.0,19488.9,19047.54,2.265,9.68,0.91,0.05,False,False,False,미돌파,0,0.0
145020,휴젤,2025-08-05,327000.0,329658.0,318716.07,3.319,5.88,1.1,1.36,False,False,True,추적청산,4,1.453
222800,심텍,2025-08-05,22300.0,22895.7,21887.14,4.405,0.0,0.41,1.33,False,False,True,추적청산,6,2.665
093050,LF,2025-08-05,19690.0,20240.4,19273.79,4.776,1.25,0.62,0.1,False,False,False,미돌파,0,0.0
120110,코오롱인더,2025-08-05,39600.0,40380.6,39057.32,3.277,10.0,0.67,5.04,False,False,True,추적청산,3,0.408
196170,알테오젠,2025-08-05,341636.0,348101.81,333022.6,4.332,3.13,0.82,2.74,False,False,False,미돌파,0,0.0
003160,디아이,2025-08-05,13530.0,13737.42,13359.07,2.754,7.14,0.33,1.6,False,False,False,미돌파,0,0.0
095340,ISC,2025-08-05,59400.0,60721.2,58485.36,3.682,0.0,0.57,0.17,False,False,False,미돌파,0,0.0
023530,롯데쇼핑,2025-08-05,71300.0,72444.6,70435.36,2.773,0.0,0.56,0.14,False,False,True,손절,3,-1.108
051600,한전KPS,2025-08-05,51100.0,51603.0,50261.61,2.599,0.0,0.7,3.22,False,False,True,추적청산,5,0.682
030190,NICE평가정보,2025-08-05,15610.0,15881.7,15310.54,3.596,2.22,0.63,4.29,False,False,False,미돌파,0,0.0
281820,케이씨텍,2025-08-06,29850.0,30661.2,29127.68,5.002,4.0,0.69,2.61,False,False,True,추적청산,7,1.333
030200,KT,2025-08-06,54400.0,54909.6,53927.5,1.789,0.0,1.12,0.37,False,False,False,미돌파,0,0.0
183300,코미코,2025-08-06,33614.0,33936.74,32480.53,4.291,9.02,0.51,9.22,False,False,True,추적청산,6,2.243
101490,에스앤에스텍,2025-08-06,49950.0,50049.9,48619.29,2.858,0.0,0.72,0.5,True,True,True,추적청산,4,0.517
373220,LG에너지솔루션,2025-08-06,384000.0,391782.0,377083.93,3.752,13.04,0.75,2.29,False,False,False,미돌파,0,0.0
018670,SK가스,2025-08-06,260000.0,265029.0,256414.29,3.25,7.69,0.99,2.44,False,False,False,미돌파,0,0.0
046890,서울반도체,2025-08-06,7050.0,7094.16,6926.11,2.369,0.0,0.36,2.76,False,False,True,손절,5,-1.127
078600,대주전자재료,2025-08-06,76000.0,77354.4,74442.86,3.764,4.55,0.61,1.68,True,False,False,미돌파,0,0.0
248070,솔루엠,2025-08-06,15970.0,16182.3,15801.79,2.351,11.11,0.73,5.39,False,False,False,미돌파,0,0.0
089970,브이엠,2025-08-06,10580.0,10881.72,10247.46,5.829,14.81,0.61,4.25,True,False,False,미돌파,0,0.0
140410,메지온,2025-08-06,37950.0,38376.6,37481.25,2.333,7.69,0.56,1.04,False,False,False,미돌파,0,0.0
090430,아모레퍼시픽,2025-08-06,128800.0,129759.0,126448.21,2.551,8.0,1.07,3.59,True,False,True,손절,3,-1.118
195870,해성디에스,2025-08-06,23400.0,23647.2,22904.29,3.142,9.09,0.27,8.24,True,False,True,추적청산,7,1.046
475960,토모큐브,2025-08-06,24900.0,25350.6,24440.89,3.589,14.29,0.49,-4.62,True,False,True,추적청산,3,0.416
014680,한솔케미칼,2025-08-06,173300.0,175249.8,170787.14,2.546,6.25,0.61,5.51,False,False,False,미돌파,0,0.0
388720,유일로보틱스,2025-08-06,68600.0,69538.8,67582.86,2.813,6.67,0.53,2.14,False,False,True,추적청산,5,0.537
017670,SK텔레콤,2025-08-06,56300.0,56813.4,55875.18,1.651,14.29,0.77,-0.54,True,False,False,미돌파,0,0.0
009240,한샘,2025-08-06,45700.0,46292.4,45230.71,2.293,12.5,0.89,1.51,False,False,False,미돌파,0,0.0
402340,SK스퀘어,2025-08-06,140300.0,143686.8,136302.14,5.139,6.45,0.54,5.2,True,False,False,미돌파,0,0.0
241710,코스메카코리아,2025-08-06,66600.0,68737.2,64558.57,6.079,5.56,0.97,2.06,False,False,False,미돌파,0,0.0
028670,팬오션,2025-08-06,4150.0,4208.4,4079.05,3.074,10.0,0.43,0.84,False,False,False,미돌파,0,0.0
060250,NHN KCP,2025-08-06,15070.0,15911.76,14322.25,9.99,1.48,0.52,6.92,True,False,False,미돌파,0,0.0
006280,녹십자,2025-08-06,137100.0,141482.4,134566.79,4.888,3.51,0.98,5.71,False,False,False,미돌파,0,0.0
214430,아이쓰리시스템,2025-08-06,111300.0,116031.6,106441.43,8.265,4.65,1.07,2.2,False,False,False,미돌파,0,0.0
271560,오리온,2025-08-07,111100.0,111723.0,108901.07,2.526,13.04,1.05,0.18,False,False,True,손절,3,-1.119
014680,한솔케미칼,2025-08-07,174700.0,175550.4,170997.86,2.593,12.12,0.58,4.06,False,False,True,손절,2,-1.116
058470,리노공업,2025-08-07,46100.0,46843.5,45467.5,2.937,0.0,0.55,3.35,False,False,False,미돌파,0,0.0
241710,코스메카코리아,2025-08-07,67400.0,67835.4,65274.64,3.775,10.0,0.53,0.15,False,True,True,손절,1,-1.079
039200,오스코텍,2025-08-07,31200.0,31713.3,30390.62,4.171,4.55,0.61,1.27,True,False,False,미돌파,0,0.0
000990,DB하이텍,2025-08-07,45450.0,45741.3,44600.18,2.495,11.76,0.76,0.55,False,False,True,추적청산,6,0.581
065350,신성델타테크,2025-08-07,67300.0,68637.0,66319.64,3.376,5.56,0.47,0.15,False,False,False,미돌파,0,0.0
293490,카카오게임즈,2025-08-07,16730.0,16843.62,16246.14,3.547,4.0,1.95,2.62,True,True,True,시간손절,5,-0.074
007340,DN오토모티브,2025-08-07,25900.0,26102.1,25078.21,3.923,0.0,0.83,10.69,True,False,False,미돌파,0,0.0
294870,IPARK현대산업개발,2025-08-07,24100.0,24248.4,23468.21,3.217,0.0,0.51,-2.34,True,False,False,미돌파,0,0.0
020150,롯데에너지머티리얼즈,2025-08-07,25950.0,26052.0,24346.96,6.545,0.0,0.96,-3.8,True,True,True,시간손절,5,0.598
033100,제룡전기,2025-08-07,40350.0,40731.3,39646.96,2.662,6.25,0.71,0.49,False,False,True,손절,3,-1.113
008770,호텔신라,2025-08-07,50100.0,51001.8,49151.43,3.628,0.0,0.89,-6.82,True,False,True,손절,4,-1.083
064760,티씨케이,2025-08-07,104700.0,107113.8,102531.25,4.278,8.33,0.75,2.15,False,False,True,추적청산,5,0.43
290650,엘앤씨바이오,2025-08-07,33200.0,33767.4,31800.71,5.824,9.68,0.45,-0.3,True,False,True,손절,3,-1.052
090430,아모레퍼시픽,2025-08-07,130200.0,132664.8,127946.07,3.557,2.56,1.19,3.34,False,False,False,미돌파,0,0.0
095340,ISC,2025-08-07,59400.0,59719.2,57827.14,3.168,7.14,0.5,1.82,False,True,True,추적청산,7,0.77
051600,한전KPS,2025-08-07,53500.0,53807.4,52136.96,3.104,0.0,0.96,-2.49,True,False,False,미돌파,0,0.0
009970,영원무역홀딩스,2025-08-07,135900.0,137474.4,131305.36,4.487,12.0,1.15,3.69,False,False,False,미돌파,0,0.0
329180,HD현대중공업,2025-08-07,475000.0,487723.5,467295.54,4.188,3.17,1.05,3.16,False,False,False,미돌파,0,0.0
241560,두산밥캣,2025-08-07,56700.0,57514.8,55685.54,3.181,14.29,0.97,-2.35,True,False,True,손절,4,-1.094
214430,아이쓰리시스템,2025-08-07,109800.0,111422.4,105937.14,4.923,11.11,0.79,4.52,False,False,False,미돌파,0,0.0
323410,카카오뱅크,2025-08-07,27200.0,27354.6,26353.48,3.66,12.5,1.66,3.2,True,True,False,미돌파,0,0.0
248070,솔루엠,2025-08-07,15890.0,16032.0,15591.14,2.75,9.09,0.65,3.87,True,False,False,미돌파,0,0.0
030200,KT,2025-08-07,54300.0,54609.0,53025.36,2.9,7.69,1.36,1.63,True,True,False,미돌파,0,0.0
456040,OCI,2025-08-07,58500.0,58917.6,57407.5,2.563,0.0,0.4,-1.04,True,False,True,시간손절,5,-0.195
006730,서부T&D,2025-08-07,9520.0,9699.36,9259.93,4.531,0.0,0.71,-8.8,True,False,True,추적청산,4,0.434
032830,삼성생명,2025-08-07,124200.0,125049.6,121180.71,3.094,10.0,0.62,1.35,False,False,False,미돌파,0,0.0
025540,한국단자,2025-08-07,64500.0,65130.0,63323.57,2.774,14.29,1.07,2.71,False,False,False,미돌파,0,0.0
028260,삼성물산,2025-08-07,165100.0,167935.2,162123.75,3.461,14.89,0.47,2.02,False,False,False,미돌파,0,0.0
018260,삼성에스디에스,2025-08-07,155500.0,157113.6,152264.29,3.087,13.51,0.45,2.63,False,False,False,미돌파,0,0.0
006650,대한유화,2025-08-07,99500.0,100600.8,97173.21,3.407,3.85,0.52,2.83,False,False,False,미돌파,0,0.0
086900,메디톡스,2025-08-07,146600.0,149197.8,144722.86,2.999,11.43,1.34,0.34,False,False,False,미돌파,0,0.0
475830,오름테라퓨틱,2025-08-08,23100.0,23446.8,22294.29,4.915,0.0,0.49,-11.33,True,False,False,미돌파,0,0.0
018290,브이티,2025-08-08,36850.0,37324.5,35869.64,3.898,8.7,0.65,-3.8,True,False,True,손절,3,-1.077
086450,동국제약,2025-08-08,18570.0,18847.62,18359.75,2.588,5.41,0.62,-2.82,True,False,False,미돌파,0,0.0
249420,일동제약,2025-08-08,20900.0,22044.0,20303.46,7.896,13.79,1.03,-12.06,True,False,False,미돌파,0,0.0
219130,타이거일렉,2025-08-08,17850.0,18496.92,17338.21,6.264,6.25,0.66,1.38,False,False,False,미돌파,0,0.0
081660,미스토홀딩스,2025-08-08,37450.0,37875.6,36802.68,2.833,5.88,0.94,-4.46,True,False,False,미돌파,0,0.0
005300,롯데칠성,2025-08-08,129900.0,132063.6,127389.64,3.539,13.51,0.28,0.31,True,False,False,미돌파,0,0.0
001060,JW중외제약,2025-08-08,22250.0,22545.0,22118.57,1.891,0.0,0.46,0.45,False,False,True,손절,2,-1.159
008770,호텔신라,2025-08-08,50600.0,51903.6,49339.64,4.94,13.64,1.04,-10.48,True,False,False,미돌파,0,0.0
213420,덕산네오룩스,2025-08-08,38000.0,39428.7,37232.14,5.571,2.7,0.67,2.44,False,False,True,손절,3,-1.054
319400,현대무벡스,2025-08-08,5140.0,5310.6,4955.48,6.687,12.7,1.87,-2.59,True,False,False,미돌파,0,0.0
232140,와이씨,2025-08-08,11220.0,11543.04,11054.5,4.232,2.63,0.53,-2.84,True,False,False,미돌파,0,0.0
073240,금호타이어,2025-08-08,4780.0,4839.66,4737.0,2.121,6.67,0.63,-3.13,True,False,False,미돌파,0,0.0
032350,롯데관광개발,2025-08-08,17740.0,18486.9,17449.23,5.613,1.15,1.24,-4.91,True,False,False,미돌파,0,0.0
475150,SK이터닉스,2025-08-08,24250.0,24649.2,23735.0,3.709,14.29,0.54,-3.63,True,False,True,손절,3,-1.081
030200,KT,2025-08-11,54100.0,55009.8,53516.79,2.714,0.0,1.78,0.37,False,False,True,시간손절,5,0.151
071050,한국금융지주,2025-08-11,135900.0,137073.6,131147.5,4.323,4.26,0.75,0.73,True,True,True,추적청산,2,0.431
003090,대웅,2025-08-11,22100.0,22444.8,21458.57,4.394,12.5,1.03,0.0,True,False,False,미돌파,0,0.0
122640,예스티,2025-08-11,18060.0,18476.88,17480.64,5.392,1.19,0.81,1.31,False,False,False,미돌파,0,0.0
950160,코오롱티슈진,2025-08-11,39400.0,39929.7,37638.84,5.737,10.26,0.65,0.63,False,True,True,손절,5,-1.052
028300,HLB,2025-08-11,40800.0,42134.1,39429.46,6.419,4.26,2.65,14.73,True,False,True,손절,4,-1.047
214150,클래시스,2025-08-11,59800.0,61021.8,58115.0,4.764,8.0,2.24,-8.53,True,False,False,미돌파,0,0.0
023590,다우기술,2025-08-11,32750.0,33266.4,31789.2,4.441,4.17,0.94,1.95,True,False,True,손절,5,-1.068
103590,일진전기,2025-08-11,41550.0,42534.9,40817.14,4.038,3.7,0.74,-0.24,True,False,True,손절,1,-1.074
032500,케이엠더블유,2025-08-11,12720.0,12975.9,12314.82,5.095,14.55,0.43,5.85,True,False,False,미돌파,0,0.0
004000,롯데정밀화학,2025-08-11,43050.0,43536.9,42134.64,3.221,4.55,0.86,-4.87,True,False,False,미돌파,0,0.0
055550,신한지주,2025-08-11,69400.0,70039.8,68346.43,2.418,8.33,0.51,-5.31,True,False,True,손절,4,-1.124
093320,케이아이엔엑스,2025-08-11,80700.0,81663.0,79572.14,2.56,6.25,0.66,8.3,False,False,True,시간손절,5,-0.386
047810,한국항공우주,2025-08-11,90200.0,91282.2,88179.64,3.399,13.04,0.4,2.8,False,False,False,미돌파,0,0.0
010170,대한광통신,2025-08-11,1025.0,1071.14,979.83,8.525,14.1,0.65,-2.09,True,False,False,미돌파,0,0.0
196170,알테오젠,2025-08-11,330864.0,337694.04,320950.69,4.958,5.4,0.69,0.46,True,False,True,시간손절,5,-0.606
003530,한화투자증권,2025-08-11,5650.0,5771.52,5354.0,7.234,8.11,1.14,-0.89,True,False,True,손절,5,-1.041
112040,위메이드,2025-08-11,30850.0,31062.0,30154.29,2.922,7.14,0.52,0.32,False,True,True,손절,2,-1.103
009240,한샘,2025-08-12,44950.0,45791.4,44495.18,2.831,4.76,0.88,1.32,True,False,False,미돌파,0,0.0
298040,효성중공업,2025-08-12,1207000.0,1257510.0,1178417.86,6.29,3.08,0.84,5.85,False,False,True,손절,3,-1.141
336570,원텍,2025-08-12,12900.0,13246.44,12615.25,4.765,1.92,1.2,-6.44,True,False,False,미돌파,0,0.0
009970,영원무역홀딩스,2025-08-12,128400.0,133065.6,125090.36,5.993,0.0,0.5,2.87,True,False,False,미돌파,0,0.0
025540,한국단자,2025-08-12,64100.0,64929.6,63553.57,2.119,10.0,0.42,0.31,False,False,False,미돌파,0,0.0
082640,동양생명,2025-08-12,8380.0,8506.98,8243.39,3.098,15.0,0.61,1.3,False,False,False,미돌파,0,0.0
011200,HMM,2025-08-12,22450.0,22845.6,22260.0,2.563,0.0,0.57,2.6,True,False,False,미돌파,0,0.0
196170,알테오젠,2025-08-12,334327.0,345789.2,329356.97,4.752,0.0,0.82,2.14,False,False,True,손절,2,-1.063
001430,세아베스틸지주,2025-08-12,28850.0,29358.6,28019.11,4.563,4.76,0.79,0.86,True,False,False,미돌파,0,0.0
051910,LG화학,2025-08-12,275500.0,280560.0,271566.07,3.206,7.69,0.45,7.55,False,False,False,미돌파,0,0.0
124500,아이티센글로벌,2025-08-12,18360.0,18717.36,17874.0,4.506,6.15,1.1,-9.09,True,False,False,미돌파,0,0.0
004000,롯데정밀화학,2025-08-12,42700.0,43386.6,42188.39,2.762,11.11,0.7,-2.4,True,False,False,미돌파,0,0.0
038500,삼표시멘트,2025-08-12,3360.0,3456.9,3322.27,3.895,0.0,0.5,3.31,True,False,False,미돌파,0,0.0
476060,온코닉테라퓨틱스,2025-08-12,6212.0,6337.65,6080.41,4.059,6.5,0.56,1.0,False,False,False,미돌파,0,0.0
008930,한미사이언스,2025-08-12,41800.0,43186.2,41124.64,4.774,12.9,0.54,3.91,True,False,False,미돌파,0,0.0
000880,한화,2025-08-13,83200.0,83466.6,79125.0,5.202,5.71,0.73,8.57,True,True,True,손절,3,-1.058
047810,한국항공우주,2025-08-13,89400.0,90079.8,86389.29,4.097,10.34,0.59,5.99,True,False,True,손절,4,-1.395
458870,씨어스,2025-08-13,11006.0,11028.01,10541.63,4.41,13.9,0.54,0.15,False,True,True,추적청산,10,5.037
093050,LF,2025-08-13,18220.0,18406.74,17725.21,3.703,1.85,0.56,7.84,True,False,True,추적청산,4,0.419
028260,삼성물산,2025-08-13,161400.0,162825.0,158603.04,2.593,6.25,0.52,0.92,True,False,True,추적청산,2,0.384
035420,NAVER,2025-08-13,225000.0,226452.0,220257.14,2.736,11.11,1.07,1.53,True,True,True,추적청산,2,0.233
204270,제이앤티씨,2025-08-13,17710.0,18036.0,17102.14,5.178,3.85,0.69,-5.35,True,False,False,미돌파,0,0.0
051600,한전KPS,2025-08-13,53400.0,53506.8,52129.46,2.574,0.0,0.51,-0.95,True,True,False,미돌파,0,0.0
034730,SK,2025-08-13,187700.0,190680.6,184580.71,3.199,12.5,0.59,2.44,True,False,False,미돌파,0,0.0
100090,SK오션플랜트,2025-08-13,20300.0,20841.6,19881.04,4.609,13.33,0.5,4.02,False,False,False,미돌파,0,0.0
032820,우리기술,2025-08-13,3675.0,3717.42,3572.5,3.898,4.35,0.47,1.34,False,False,False,미돌파,0,0.0
328130,루닛,2025-08-13,20577.0,20759.44,20134.6,3.01,9.55,0.79,3.3,True,False,True,손절,2,-1.1
007340,DN오토모티브,2025-08-13,25550.0,25801.5,24653.93,4.448,5.56,0.6,0.97,True,False,False,미돌파,0,0.0
282330,BGF리테일,2025-08-13,119200.0,122043.6,114919.29,5.838,3.17,0.75,1.49,False,False,False,미돌파,0,0.0
259960,크래프톤,2025-08-13,315000.0,316632.0,307497.32,2.885,7.14,1.18,1.41,True,True,True,추적청산,10,1.128
443060,HD현대마린솔루션,2025-08-13,194800.0,200400.0,190433.21,4.973,9.88,0.78,5.44,True,False,False,미돌파,0,0.0
403870,HPSP,2025-08-13,26550.0,27003.9,26048.57,3.538,7.14,0.97,1.3,False,False,True,손절,3,-1.085
248070,솔루엠,2025-08-13,15800.0,15951.84,15224.25,4.561,1.61,1.41,1.06,True,False,False,미돌파,0,0.0
023590,다우기술,2025-08-13,33600.0,33817.5,32707.41,3.283,5.88,0.52,0.3,False,False,True,손절,2,-1.091
018260,삼성에스디에스,2025-08-13,152000.0,153105.6,149622.5,2.275,0.0,0.69,1.49,True,False,True,손절,3,-1.132
000240,한국앤컴퍼니,2025-08-13,23800.0,24048.0,23255.89,3.294,0.0,0.5,0.63,False,False,True,손절,1,-1.091
454910,두산로보틱스,2025-08-13,62400.0,62524.8,60936.43,2.54,0.0,0.79,-1.63,True,True,True,손절,3,-1.118
033240,자화전자,2025-08-13,18690.0,19098.12,18231.18,4.539,1.41,0.6,2.61,True,False,False,미돌파,0,0.0
079550,LIG디펜스앤에어로스페이스,2025-08-13,502000.0,504006.0,474414.29,5.871,8.33,1.36,16.75,True,True,True,손절,4,-1.319
082270,젬백스,2025-08-13,52200.0,52805.4,49758.57,5.77,0.0,0.86,4.92,True,False,False,미돌파,0,0.0
005830,DB손해보험,2025-08-13,127900.0,129458.4,125665.71,2.93,3.45,0.98,0.23,False,False,True,추적청산,6,0.39
105560,KB금융,2025-08-13,114600.0,115931.4,112487.14,2.971,0.0,0.57,0.87,True,False,True,손절,2,-1.446
001120,LX인터내셔널,2025-08-13,29700.0,29959.8,29272.5,2.294,10.0,0.55,1.0,False,False,False,미돌파,0,0.0
225570,넥슨게임즈,2025-08-13,14010.0,14138.22,13580.93,3.942,10.42,1.21,1.2,False,False,True,추적청산,4,0.424
051910,LG화학,2025-08-13,279500.0,280059.0,267646.43,4.432,15.0,1.14,7.14,False,True,True,추적청산,9,0.672
006650,대한유화,2025-08-13,98000.0,98897.4,96256.79,2.67,10.53,0.55,1.8,True,False,True,손절,2,-1.112
011200,HMM,2025-08-13,22550.0,22695.3,22211.61,2.131,14.29,0.74,2.17,True,True,True,손절,1,-1.141
004170,신세계,2025-08-13,163700.0,166432.2,160622.14,3.491,14.89,1.42,7.46,True,False,False,미돌파,0,0.0
323280,태성,2025-08-13,30500.0,31112.1,28700.89,7.75,2.56,0.45,1.77,False,False,False,미돌파,0,0.0
001060,JW중외제약,2025-08-13,22150.0,22244.4,21788.93,2.048,14.29,0.71,0.67,True,True,True,손절,4,-1.342
010140,삼성중공업,2025-08-13,19030.0,19458.84,18762.96,3.576,3.64,0.68,2.91,False,False,False,미돌파,0,0.0
128940,한미약품,2025-08-13,281500.0,283065.0,274466.07,3.038,7.14,1.25,0.71,False,True,True,시간손절,5,-0.223
030530,원익홀딩스,2025-08-13,6280.0,6362.7,6090.61,4.276,4.76,0.3,-2.11,True,False,False,미돌파,0,0.0
460860,동국제강,2025-08-13,10290.0,10350.66,9977.46,3.606,3.57,0.5,1.81,True,True,False,미돌파,0,0.0
085620,미래에셋생명,2025-08-13,7220.0,7294.56,7028.46,3.648,15.0,0.28,0.69,False,False,True,손절,1,-1.082
007070,GS리테일,2025-08-13,16800.0,17104.14,16594.96,2.977,4.88,1.01,-3.51,True,False,False,미돌파,0,0.0
001740,SK네트웍스,2025-08-13,4505.0,4879.74,4411.95,9.586,3.41,4.71,0.77,True,False,False,미돌파,0,0.0
214430,아이쓰리시스템,2025-08-13,93200.0,93586.8,87941.79,6.032,2.17,1.42,16.26,True,True,True,손절,2,-1.05
272210,한화시스템,2025-08-13,51900.0,52705.2,49471.61,6.135,7.55,0.61,8.63,True,False,True,손절,4,-1.427
003550,LG,2025-08-13,74600.0,75150.0,73336.43,2.413,14.29,1.32,3.87,True,False,False,미돌파,0,0.0
032190,다우데이타,2025-08-13,15860.0,16072.08,15610.46,2.872,8.33,0.56,1.06,False,False,False,미돌파,0,0.0
035250,강원랜드,2025-08-13,18410.0,18486.9,18089.68,2.149,13.33,0.55,2.49,True,True,False,미돌파,0,0.0
002790,아모레퍼시픽홀딩스,2025-08-14,28000.0,28206.3,27210.98,3.529,12.5,1.26,4.44,True,False,False,미돌파,0,0.0
056080,유진로봇,2025-08-14,10450.0,10551.06,10304.57,2.336,5.56,0.8,-1.46,True,False,False,미돌파,0,0.0
030000,제일기획,2025-08-14,19900.0,20190.3,19694.71,2.455,12.5,1.55,0.75,False,False,False,미돌파,0,0.0
415640,KB발해인프라,2025-08-14,8400.0,8997.96,8252.57,8.284,1.43,14.92,-2.82,True,False,False,미돌파,0,0.0
326030,SK바이오팜,2025-08-14,100600.0,102304.2,99140.0,3.093,4.35,0.53,-1.0,True,False,False,미돌파,0,0.0
000720,현대건설,2025-08-14,63800.0,64929.6,62457.5,3.807,0.0,0.56,8.33,False,False,False,미돌파,0,0.0
033500,동성화인텍,2025-08-14,28800.0,29759.4,28197.14,5.25,8.0,0.77,1.2,False,False,False,미돌파,0,0.0
259960,크래프톤,2025-08-14,315500.0,318135.0,308013.39,3.182,6.25,0.95,3.07,True,False,False,미돌파,0,0.0
011210,현대위아,2025-08-14,50600.0,52805.4,49452.5,6.35,13.33,1.92,-1.71,True,False,False,미돌파,0,0.0
111770,영원무역,2025-08-14,58000.0,58516.8,57150.36,2.335,10.0,0.84,2.03,False,False,True,손절,1,-1.128
100840,SNT에너지,2025-08-14,49900.0,52404.6,48039.29,8.33,8.22,0.71,-1.84,True,False,False,미돌파,0,0.0
278470,에이피알,2025-08-14,213500.0,217434.0,206760.18,4.909,6.25,0.82,2.73,False,False,True,손절,3,-1.061
015750,성우하이텍,2025-08-14,6000.0,6102.18,5938.61,2.681,8.33,0.74,-1.52,True,False,False,미돌파,0,0.0
211050,인카금융서비스,2025-08-14,12110.0,12274.5,11846.43,3.487,6.25,0.48,2.42,True,False,False,미돌파,0,0.0
047040,대우건설,2025-08-14,3730.0,3782.55,3689.04,2.472,7.14,0.56,2.1,False,False,False,미돌파,0,0.0
042660,한화오션,2025-08-14,106600.0,109719.0,103635.0,5.545,2.08,0.49,8.89,False,False,True,손절,3,-1.323
001740,SK네트웍스,2025-08-14,4495.0,4584.15,4446.62,3.0,4.55,1.44,0.44,False,False,False,미돌파,0,0.0
053800,안랩,2025-08-14,62700.0,63226.2,62008.21,1.926,11.11,0.84,2.94,False,False,False,미돌파,0,0.0
241560,두산밥캣,2025-08-14,56300.0,56813.4,55405.89,2.477,10.0,0.89,0.71,True,False,True,손절,1,-1.121
267260,HD현대일렉트릭,2025-08-14,487500.0,488475.0,470987.5,3.58,10.71,0.76,2.89,False,True,False,미돌파,0,0.0
030520,한컴,2025-08-14,25500.0,26052.0,25045.18,3.865,6.25,0.7,2.3,True,False,False,미돌파,0,0.0
060370,LS마린솔루션,2025-08-14,27100.0,27454.8,26536.07,3.346,14.29,0.34,2.34,False,False,False,미돌파,0,0.0
000810,삼성화재,2025-08-14,441000.0,447894.0,430802.68,3.816,10.53,1.1,0.45,False,False,False,미돌파,0,0.0
086450,동국제약,2025-08-14,17720.0,18066.06,17517.18,3.038,11.63,0.84,4.27,False,False,False,미돌파,0,0.0
051600,한전KPS,2025-08-14,53300.0,53506.8,52131.61,2.57,0.0,0.54,0.37,True,True,True,손절,2,-1.117
271560,오리온,2025-08-14,109500.0,110320.2,107785.0,2.298,15.0,1.85,1.44,False,False,False,미돌파,0,0.0
078600,대주전자재료,2025-08-14,77400.0,79158.0,75865.0,4.16,7.41,0.73,-2.25,True,False,False,미돌파,0,0.0
028670,팬오션,2025-08-14,4100.0,4143.27,3976.68,4.021,14.29,0.93,2.38,False,True,False,미돌파,0,0.0
069620,대웅제약,2025-08-14,134000.0,136572.6,132499.64,2.982,3.33,1.23,0.3,False,False,True,손절,2,-1.101
099190,아이센스,2025-08-14,17820.0,18306.54,17615.36,3.776,14.04,0.65,1.33,False,False,False,미돌파,0,0.0
100090,SK오션플랜트,2025-08-14,20200.0,20691.3,19879.43,3.924,8.33,0.79,7.55,False,False,True,손절,3,-1.076
002380,KCC,2025-08-14,378000.0,389778.0,369675.0,5.158,5.88,0.84,1.82,False,False,False,미돌파,0,0.0
388720,유일로보틱스,2025-08-14,69300.0,70140.0,64023.93,8.72,12.5,0.68,0.57,True,True,False,미돌파,0,0.0
222080,SFA넥셀,2025-08-14,7530.0,7585.14,7364.75,2.906,11.76,0.86,2.59,False,True,True,손절,1,-1.103
192080,더블유게임즈,2025-08-14,53500.0,54408.6,52875.0,2.819,0.0,0.78,4.97,False,False,False,미돌파,0,0.0
253450,스튜디오드래곤,2025-08-14,45950.0,46492.8,45218.57,2.741,5.26,0.7,1.5,False,False,False,미돌파,0,0.0
014620,성광벤드,2025-08-14,32400.0,32665.2,30975.71,5.172,3.7,0.61,2.85,False,True,False,미돌파,0,0.0
085620,미래에셋생명,2025-08-14,7110.0,7525.02,6927.29,7.943,7.55,1.09,1.93,False,False,False,미돌파,0,0.0
248070,솔루엠,2025-08-14,15800.0,15851.64,15467.68,2.422,7.14,0.57,0.57,False,True,False,미돌파,0,0.0
376900,로킷헬스케어,2025-08-18,15850.0,16663.26,15563.86,6.598,1.05,2.32,-2.79,True,False,False,미돌파,0,0.0
352820,하이브,2025-08-18,280500.0,286572.0,275221.43,3.961,0.0,0.56,3.61,False,False,True,시간손절,5,0.535
017670,SK텔레콤,2025-08-18,55800.0,56112.0,55487.5,1.113,0.0,1.1,0.53,False,False,False,미돌파,0,0.0
032830,삼성생명,2025-08-18,127500.0,128656.8,125800.71,2.22,9.52,1.34,-3.32,True,False,True,추적청산,7,2.176
138930,BNK금융지주,2025-08-18,14610.0,14689.32,14270.32,2.852,9.09,0.82,0.34,False,False,True,손절,2,-1.105
032190,다우데이타,2025-08-18,15800.0,15911.76,15591.39,2.013,0.0,0.42,0.57,False,False,False,미돌파,0,0.0
029780,삼성카드,2025-08-18,50000.0,50801.4,48987.14,3.571,12.9,0.94,1.38,False,False,False,미돌파,0,0.0
006650,대한유화,2025-08-18,96700.0,98997.6,95495.36,3.538,7.14,0.51,1.43,True,False,False,미돌파,0,0.0
000240,한국앤컴퍼니,2025-08-18,21750.0,22444.8,21040.36,6.257,8.33,1.15,9.94,True,False,False,미돌파,0,0.0
001040,CJ,2025-08-18,149600.0,152604.6,143198.21,6.164,8.97,1.33,9.77,False,False,True,시간손절,5,-0.039
032500,케이엠더블유,2025-08-18,12020.0,12344.64,11869.96,3.845,0.0,0.7,5.95,True,False,False,미돌파,0,0.0
009240,한샘,2025-08-18,44650.0,45340.5,44346.79,2.192,0.0,0.72,2.19,False,False,False,미돌파,0,0.0
079160,CJ CGV,2025-08-18,4740.0,4864.71,4664.2,4.122,14.29,0.42,3.56,True,False,False,미돌파,0,0.0
376300,디어유,2025-08-18,51700.0,53106.0,50799.82,4.343,11.11,0.43,1.71,False,False,True,손절,2,-1.069
128940,한미약품,2025-08-18,281500.0,286071.0,278966.07,2.484,0.0,0.73,-0.9,True,False,True,손절,2,-1.121
005850,에스엘,2025-08-18,32800.0,33066.0,32162.23,2.733,0.0,0.19,1.8,False,False,True,추적청산,5,0.63
038500,삼표시멘트,2025-08-18,3330.0,3391.77,3250.34,4.17,13.04,0.43,2.63,False,False,False,미돌파,0,0.0
290650,엘앤씨바이오,2025-08-18,30900.0,31312.5,30150.89,3.71,5.88,0.41,8.98,False,False,True,손절,2,-1.383
094170,동운아나텍,2025-08-18,18450.0,18537.0,17974.18,3.036,9.09,0.52,-3.02,True,True,False,미돌파,0,0.0
003240,태광산업,2025-08-18,942000.0,953904.0,926232.14,2.901,9.52,0.81,5.23,False,False,False,미돌파,0,0.0
298040,효성중공업,2025-08-18,1177000.0,1200396.0,1137014.29,5.28,11.76,1.12,1.09,False,False,False,미돌파,0,0.0
102710,이엔에프테크놀로지,2025-08-18,40450.0,41282.4,39253.75,4.914,12.12,0.47,3.0,False,False,False,미돌파,0,0.0
004170,신세계,2025-08-18,163000.0,165931.2,161762.86,2.512,3.23,0.67,4.85,True,False,False,미돌파,0,0.0
039130,하나투어,2025-08-18,54300.0,55410.6,53772.86,2.956,7.69,0.78,1.09,False,False,False,미돌파,0,0.0
017800,현대엘리베이터,2025-08-18,82000.0,83867.4,79980.36,4.635,9.38,0.72,4.09,False,False,False,미돌파,0,0.0
007070,GS리테일,2025-08-18,16650.0,17034.0,16434.86,3.517,2.0,0.95,3.2,False,False,False,미돌파,0,0.0
008770,호텔신라,2025-08-18,49200.0,50300.4,48701.79,3.178,3.85,0.46,2.77,False,False,False,미돌파,0,0.0
100090,SK오션플랜트,2025-08-18,20500.0,21242.4,19977.5,5.955,14.29,1.08,3.53,False,False,False,미돌파,0,0.0
100840,SNT에너지,2025-08-18,48400.0,49849.5,46090.36,7.541,3.28,0.34,2.32,False,False,False,미돌파,0,0.0
323280,태성,2025-08-19,30400.0,31011.9,29202.14,5.836,10.34,5.52,7.03,False,False,False,미돌파,0,0.0
278470,에이피알,2025-08-19,217000.0,224448.0,210274.11,6.315,4.35,0.69,3.98,False,False,False,미돌파,0,0.0
003540,대신증권,2025-08-19,24700.0,25050.0,24266.88,3.126,8.33,0.4,0.8,False,False,False,미돌파,0,0.0
003530,한화투자증권,2025-08-19,5410.0,5511.0,5264.11,4.48,5.0,0.75,4.25,True,False,False,미돌파,0,0.0
121600,나노신소재,2025-08-19,57000.0,57815.4,55856.07,3.389,6.67,0.57,3.72,False,False,True,손절,1,-1.089
365340,성일하이텍,2025-08-19,38850.0,39579.0,37923.57,4.183,3.85,0.54,3.0,False,False,False,미돌파,0,0.0
090430,아모레퍼시픽,2025-08-19,122100.0,122745.0,119951.43,2.276,15.0,0.52,3.55,True,False,True,손절,1,-1.132
192080,더블유게임즈,2025-08-19,52500.0,53005.8,51884.64,2.115,12.5,0.59,1.87,False,False,False,미돌파,0,0.0
004020,현대제철,2025-08-19,32500.0,32565.0,31508.75,3.244,6.25,0.51,2.84,True,True,False,미돌파,0,0.0
006400,삼성SDI,2025-08-19,221000.0,223947.0,213809.29,4.527,6.25,0.38,1.78,False,False,True,손절,3,-1.066
003230,삼양식품,2025-08-19,1386000.0,1414824.0,1363310.71,3.641,15.0,1.01,7.72,False,False,False,미돌파,0,0.0
053800,안랩,2025-08-19,61700.0,62224.2,61026.43,1.925,11.11,0.79,1.12,True,False,False,미돌파,0,0.0
373220,LG에너지솔루션,2025-08-19,384000.0,387273.0,376066.07,2.894,0.0,0.28,1.29,True,False,False,미돌파,0,0.0
035900,JYP Ent.,2025-08-19,78900.0,81763.2,77538.57,5.167,11.43,1.12,5.05,False,False,False,미돌파,0,0.0
096770,SK이노베이션,2025-08-19,105900.0,107113.8,104183.93,2.735,4.76,0.43,1.4,False,False,False,미돌파,0,0.0
003550,LG,2025-08-19,73200.0,73446.6,72054.64,1.895,10.0,0.9,3.68,True,True,True,손절,3,-1.158
079160,CJ CGV,2025-08-19,4705.0,4754.49,4664.46,1.893,0.0,0.39,4.18,True,False,False,미돌파,0,0.0
034230,파라다이스,2025-08-19,20300.0,20591.1,19370.0,5.93,14.56,1.03,5.8,True,False,True,시간손절,5,0.161
064960,SNT모티브,2025-08-19,33650.0,34118.1,32974.82,3.351,5.56,0.59,-3.06,True,False,False,미돌파,0,0.0
225570,넥슨게임즈,2025-08-19,14480.0,14829.6,14092.25,4.972,9.23,1.52,-3.8,True,False,False,미돌파,0,0.0
112040,위메이드,2025-08-19,29750.0,30260.4,29376.25,2.922,7.14,0.68,3.57,True,False,False,미돌파,0,0.0
383220,F&F,2025-08-19,61800.0,62825.4,60698.93,3.385,11.76,0.48,2.68,True,False,True,추적청산,8,1.487
083650,비에이치아이,2025-08-19,41200.0,43486.8,40235.09,7.477,14.55,0.83,5.29,False,False,True,손절,1,-1.389
328130,루닛,2025-08-19,18281.0,19513.95,17441.65,10.62,12.38,2.71,12.06,True,False,False,미돌파,0,0.0
048410,현대바이오,2025-08-19,5080.0,5290.56,4917.05,7.06,9.52,1.3,12.11,True,False,False,미돌파,0,0.0
058470,리노공업,2025-08-19,46600.0,47544.9,46031.7,3.183,0.0,0.97,0.43,True,False,False,미돌파,0,0.0
293490,카카오게임즈,2025-08-19,16640.0,16843.62,16353.14,2.912,12.82,0.81,-1.46,True,False,False,미돌파,0,0.0
095340,ISC,2025-08-19,61000.0,61923.6,59688.57,3.609,5.88,0.5,-1.5,True,False,False,미돌파,0,0.0
006360,GS건설,2025-08-19,18590.0,18757.44,18114.79,3.426,9.43,1.01,2.47,True,False,False,미돌파,0,0.0
007070,GS리테일,2025-08-19,16730.0,16913.76,16433.57,2.839,2.63,0.98,1.76,True,False,False,미돌파,0,0.0
028300,HLB,2025-08-19,39150.0,39829.5,38306.96,3.823,13.04,1.15,4.04,True,False,False,미돌파,0,0.0
001510,SK증권,2025-08-19,1269.0,1285.57,1257.66,2.17,10.0,0.47,2.31,True,False,False,미돌파,0,0.0
002380,KCC,2025-08-20,365500.0,373245.0,353808.93,5.207,0.0,0.84,2.79,False,False,False,미돌파,0,0.0
298050,HS효성첨단소재,2025-08-20,184000.0,185370.0,179117.5,3.373,7.69,0.75,-1.71,True,False,True,추적청산,7,0.669
178920,PI첨단소재,2025-08-20,16730.0,16803.54,16319.82,2.879,7.89,0.55,3.41,True,True,True,시간손절,5,0.364
053800,안랩,2025-08-20,61900.0,62124.0,60523.21,2.577,7.69,1.04,0.16,True,True,True,손절,4,-1.116
103590,일진전기,2025-08-20,36650.0,37474.8,35283.93,5.846,2.78,1.29,8.6,True,False,False,미돌파,0,0.0
064400,LG씨엔에스,2025-08-20,68500.0,69037.8,65741.43,4.775,7.41,0.52,-1.18,True,True,False,미돌파,0,0.0
319660,피에스케이,2025-08-20,20050.0,20340.6,19657.64,3.358,0.0,1.0,5.2,False,False,True,손절,2,-1.089
035420,NAVER,2025-08-20,221500.0,224448.0,218310.71,2.734,0.0,0.56,0.67,True,False,True,손절,5,-1.11
383310,에코프로에이치엔,2025-08-20,26000.0,26252.4,25346.79,3.45,7.14,0.66,5.28,False,False,False,미돌파,0,0.0
060370,LS마린솔루션,2025-08-20,24250.0,24749.4,23323.75,5.76,4.17,1.09,10.19,True,False,False,미돌파,0,0.0
229640,LS에코에너지,2025-08-20,37000.0,38126.1,34621.25,9.193,11.48,0.82,14.25,False,False,False,미돌파,0,0.0
280360,롯데웰푸드,2025-08-20,116500.0,116833.2,110962.68,5.025,7.84,0.67,0.0,True,True,True,시간손절,5,0.105
086790,하나금융지주,2025-08-20,82700.0,83166.0,80276.43,3.474,4.17,1.16,3.16,True,True,True,시간손절,5,-0.49
060250,NHN KCP,2025-08-20,13850.0,14028.0,12995.79,7.358,12.36,0.31,4.48,True,False,True,시간손절,5,-0.378
007340,DN오토모티브,2025-08-20,23750.0,24048.0,23036.07,4.208,6.25,0.57,7.05,True,False,True,추적청산,7,1.492
316140,우리금융지주,2025-08-20,24800.0,25050.0,23947.68,4.4,10.53,1.07,1.2,False,True,True,시간손절,5,-0.068
078600,대주전자재료,2025-08-20,71300.0,72344.4,69856.43,3.439,10.53,0.62,6.92,True,False,False,미돌파,0,0.0
373220,LG에너지솔루션,2025-08-20,377500.0,384267.0,373125.0,2.9,11.76,0.39,2.83,False,False,False,미돌파,0,0.0
011070,LG이노텍,2025-08-20,159400.0,163827.0,156803.93,4.287,8.47,0.92,2.15,True,False,False,미돌파,0,0.0
160190,하이젠알앤엠,2025-08-20,28700.0,29058.0,27740.0,4.536,9.52,0.91,9.18,True,False,True,추적청산,6,2.631
036460,한국가스공사,2025-08-20,39300.0,39428.7,38045.36,3.508,13.64,0.78,2.84,True,True,True,추적청산,5,0.621
145020,휴젤,2025-08-20,308000.0,310620.0,297653.57,4.174,15.0,1.03,6.95,True,False,True,시간손절,5,0.69
000100,유한양행,2025-08-20,113300.0,114929.4,111109.82,3.323,12.9,0.72,-2.07,True,False,True,시간손절,5,0.242
222080,SFA넥셀,2025-08-20,7120.0,7204.38,6953.14,3.487,15.0,1.09,6.56,True,False,False,미돌파,0,0.0
006360,GS건설,2025-08-20,18600.0,18667.26,18000.14,3.574,5.36,1.02,1.95,True,True,True,추적청산,4,0.508
112040,위메이드,2025-08-20,29500.0,29909.7,28875.71,3.457,11.76,0.61,3.59,True,False,False,미돌파,0,0.0
036930,주성엔지니어링,2025-08-20,26800.0,27254.4,26109.11,4.202,10.53,1.27,4.11,True,False,False,미돌파,0,0.0
293490,카카오게임즈,2025-08-20,16400.0,16512.96,15980.14,3.227,2.33,0.87,1.2,True,False,True,시간손절,5,-0.155
005440,현대지에프홀딩스,2025-08-20,7490.0,7595.16,7091.18,6.636,0.0,0.76,7.64,True,False,False,미돌파,0,0.0
017670,SK텔레콤,2025-08-20,55900.0,56112.0,55501.43,1.088,0.0,1.18,0.36,False,False,True,손절,1,-1.276
214370,케어젠,2025-08-20,46550.0,46643.1,44640.0,4.295,9.68,0.32,2.72,True,True,True,추적청산,9,1.967
034730,SK,2025-08-20,181500.0,181863.0,176035.36,3.204,13.04,0.81,3.04,True,True,False,미돌파,0,0.0
005290,동진쎄미켐,2025-08-20,30150.0,30460.8,29580.18,2.891,0.0,0.52,4.89,False,False,True,시간손절,5,-0.741
267260,HD현대일렉트릭,2025-08-20,446500.0,456912.0,430714.29,5.734,11.11,1.16,5.7,True,False,True,추적청산,6,1.108
347850,디앤디파마텍,2025-08-20,32908.0,33474.82,31836.79,4.893,0.0,0.94,1.13,False,False,True,추적청산,9,1.09
124500,아이티센글로벌,2025-08-20,15390.0,15831.6,14848.21,6.212,12.66,0.96,16.18,True,False,False,미돌파,0,0.0
086450,동국제약,2025-08-20,17160.0,17234.4,16763.5,2.732,2.78,0.66,1.55,True,True,True,시간손절,5,-0.395
098460,고영,2025-08-20,13980.0,14208.36,13689.5,3.652,14.29,0.78,8.81,True,False,False,미돌파,0,0.0
038500,삼표시멘트,2025-08-20,3315.0,3336.66,3212.16,3.731,15.0,0.55,1.34,False,True,True,시간손절,5,-0.616
375500,DL이앤씨,2025-08-20,41500.0,41583.0,39924.82,3.988,8.0,0.94,1.54,True,True,True,추적청산,4,0.535
003240,태광산업,2025-08-20,910000.0,915828.0,884103.57,3.464,8.0,1.47,6.76,True,True,True,손절,5,-1.087
032500,케이엠더블유,2025-08-20,11430.0,11452.86,11013.93,3.833,0.0,1.32,7.22,True,True,True,추적청산,5,1.204
006730,서부T&D,2025-08-20,9360.0,9448.86,8976.61,4.998,7.89,0.79,5.55,False,False,True,시간손절,5,0.302
383800,LX홀딩스,2025-08-20,7530.0,7595.16,7330.54,3.484,9.09,1.11,4.92,True,False,True,시간손절,5,0.235
222800,심텍,2025-08-20,23350.0,23797.5,22535.98,5.301,5.0,0.7,13.84,False,False,False,미돌파,0,0.0
002960,한국쉘석유,2025-08-20,432000.0,436872.0,423892.86,2.971,9.52,0.92,2.59,True,False,True,손절,4,-1.101
009420,한올바이오파마,2025-08-20,28450.0,29058.0,27880.71,4.052,5.26,0.7,-4.98,True,False,False,미돌파,0,0.0
003380,하림지주,2025-08-20,8450.0,8496.96,8154.04,4.036,10.71,0.87,8.35,True,True,True,추적청산,5,0.426
278470,에이피알,2025-08-20,213000.0,219438.0,201692.68,8.087,0.0,0.67,2.96,False,False,True,시간손절,5,-0.062
248070,솔루엠,2025-08-20,15200.0,15430.8,14875.5,3.599,8.7,0.99,3.55,True,False,False,미돌파,0,0.0
006260,LS,2025-08-20,152000.0,154608.6,147567.14,4.554,1.75,1.23,10.64,True,False,False,미돌파,0,0.0
225570,넥슨게임즈,2025-08-20,14150.0,14418.78,13969.14,3.118,13.89,0.85,-1.95,True,False,True,시간손절,5,-0.316
011780,금호석유화학,2025-08-20,108700.0,109719.0,106022.68,3.369,6.67,0.55,-0.65,True,False,True,추적청산,5,0.598
000880,한화,2025-08-20,76600.0,78256.2,73489.29,6.091,10.0,0.83,7.38,True,False,True,시간손절,5,0.568
071320,지역난방공사,2025-08-20,74800.0,75250.2,70345.0,6.519,2.38,1.77,5.79,True,True,True,시간손절,5,0.474
001720,신영증권,2025-08-20,125000.0,128155.8,120404.46,6.048,5.97,0.63,4.21,False,False,True,시간손절,5,0.433
023160,태광,2025-08-20,22200.0,22745.4,21438.39,5.746,9.52,0.63,11.2,False,False,False,미돌파,0,0.0
004990,롯데지주,2025-08-20,26350.0,26452.8,25630.0,3.11,7.69,0.68,3.3,True,True,True,추적청산,6,0.979
097950,CJ제일제당,2025-08-20,231000.0,231963.0,227158.93,2.071,14.29,1.08,7.97,True,True,True,시간손절,5,-0.449
001800,오리온홀딩스,2025-08-20,19640.0,19829.58,19104.21,3.658,3.39,0.94,4.43,True,False,True,시간손절,5,-0.04
009150,삼성전기,2025-08-20,156500.0,157915.2,152975.0,3.128,13.16,0.63,0.82,False,False,False,미돌파,0,0.0
004020,현대제철,2025-08-20,32350.0,32615.1,30813.04,5.525,9.68,0.7,3.86,True,True,True,시간손절,5,-0.229
353200,대덕전자,2025-08-20,21800.0,22244.4,21090.89,5.186,10.53,0.8,6.84,False,False,False,미돌파,0,0.0
001440,대한전선,2025-08-20,15570.0,15781.5,15077.04,4.464,0.0,0.99,6.6,True,False,False,미돌파,0,0.0
017960,한국카본,2025-08-20,29550.0,30611.1,28444.46,7.078,2.7,1.1,6.04,False,False,False,미돌파,0,0.0
078930,GS,2025-08-20,43650.0,44088.0,42614.64,3.342,8.33,1.01,5.83,True,False,True,시간손절,5,-0.149
139480,이마트,2025-08-20,76900.0,77154.0,75012.14,2.776,6.25,0.89,3.88,True,True,True,손절,4,-1.108
011790,SKC,2025-08-20,90985.0,92014.66,89329.93,2.918,9.09,0.54,1.73,True,False,False,미돌파,0,0.0
010950,S-Oil,2025-08-20,60900.0,61021.8,59377.14,2.695,7.69,0.83,0.49,True,True,True,추적청산,2,0.389
006650,대한유화,2025-08-20,97100.0,99598.8,93570.71,6.052,5.66,1.97,0.41,True,False,True,추적청산,7,2.35
003530,한화투자증권,2025-08-20,5290.0,5310.6,5022.93,5.417,12.5,1.82,5.87,True,True,True,추적청산,5,0.756
456040,OCI,2025-08-20,57200.0,57615.0,55765.89,3.209,13.33,0.51,2.39,False,False,False,미돌파,0,0.0
083450,GST,2025-08-20,18450.0,18597.12,18041.57,2.987,7.32,0.85,6.06,True,False,True,추적청산,8,1.464
181710,NHN,2025-08-20,26800.0,27054.0,25766.25,4.76,0.0,0.39,3.6,True,False,True,시간손절,5,-0.61
067310,하나마이크론,2025-08-20,11580.0,11803.56,11335.0,3.97,10.81,0.34,4.06,False,False,True,추적청산,9,2.491
001060,JW중외제약,2025-08-20,21650.0,21743.4,21235.18,2.337,12.5,1.15,1.37,True,True,True,시간손절,5,-0.411
005880,대한해운,2025-08-20,1701.0,1708.41,1640.49,3.975,12.5,0.67,4.33,True,True,True,추적청산,5,0.547
361610,SK아이이테크놀로지,2025-08-20,29350.0,30160.2,28601.25,5.169,3.85,0.78,-2.26,True,False,False,미돌파,0,0.0
058610,에스피지,2025-08-20,23150.0,23547.0,22384.29,4.938,10.0,1.16,8.13,True,False,False,미돌파,0,0.0
403870,HPSP,2025-08-20,25750.0,26252.4,25275.89,3.72,6.67,0.46,0.96,False,False,False,미돌파,0,0.0
005300,롯데칠성,2025-08-20,124100.0,124648.8,119463.57,4.16,2.33,0.84,0.96,True,True,True,손절,2,-1.072
006400,삼성SDI,2025-08-20,217500.0,224448.0,214430.36,4.463,6.25,0.54,1.58,False,False,False,미돌파,0,0.0
064960,SNT모티브,2025-08-20,32500.0,33516.9,31722.68,5.353,9.68,1.61,3.27,False,False,True,시간손절,5,0.157
003550,LG,2025-08-20,73200.0,73747.2,72052.5,2.298,0.0,1.57,1.21,True,False,True,손절,2,-1.131
000070,삼양홀딩스,2025-08-20,54118.0,54694.17,52675.34,3.691,4.02,0.9,3.91,True,False,True,추적청산,9,1.02
102710,이엔에프테크놀로지,2025-08-20,37450.0,38126.1,36206.96,5.034,6.45,1.13,10.83,True,False,True,시간손절,5,0.37
100790,미래에셋벤처투자,2025-08-20,6020.0,6112.2,5864.75,4.048,5.0,1.1,4.6,True,False,False,미돌파,0,0.0
003850,보령,2025-08-20,8210.0,8306.58,8075.89,2.777,5.26,0.37,1.68,True,False,False,미돌파,0,0.0
026960,동서,2025-08-20,26500.0,26703.3,25891.25,3.041,0.0,1.1,5.86,True,False,True,추적청산,7,0.707
006800,미래에셋증권,2025-08-20,17713.0,17937.8,16917.61,5.687,2.28,1.09,4.97,True,False,True,시간손절,5,-0.029
218410,RFHIC,2025-08-20,24000.0,24549.0,22799.64,7.126,6.67,1.35,8.05,True,False,True,시간손절,5,0.559
000120,CJ대한통운,2025-08-20,83100.0,83366.4,80643.21,3.267,13.64,0.9,0.6,True,True,True,시간손절,5,-0.226
034220,LG디스플레이,2025-08-21,11430.0,11713.38,11214.07,4.263,10.26,0.5,14.0,False,False,False,미돌파,0,0.0
267250,HD현대,2025-08-21,127900.0,129358.2,125988.57,2.605,4.17,0.82,4.27,False,False,True,추적청산,8,1.252
078930,GS,2025-08-21,44050.0,44488.8,43622.14,1.948,8.33,0.81,5.47,False,False,True,추적청산,8,0.756
005880,대한해운,2025-08-21,1704.0,1724.44,1689.2,2.044,8.0,0.31,3.46,False,False,True,추적청산,4,0.361
033100,제룡전기,2025-08-21,34500.0,34769.4,33609.46,3.336,5.88,0.3,5.61,False,False,True,시간손절,5,0.195
161390,한국타이어앤테크놀로지,2025-08-21,40250.0,40831.5,39787.32,2.557,13.33,1.59,11.34,False,False,False,미돌파,0,0.0
248070,솔루엠,2025-08-21,14990.0,15220.38,14374.0,5.561,0.0,1.94,5.13,True,False,True,추적청산,4,0.446
086280,현대글로비스,2025-08-21,172000.0,175249.8,169791.79,3.114,14.63,0.4,1.04,False,False,False,미돌파,0,0.0
295310,에이치브이엠,2025-08-21,29000.0,29609.1,27990.54,5.466,0.0,0.17,3.49,False,False,True,추적청산,6,0.659
122640,예스티,2025-08-21,16800.0,17234.4,16453.21,4.533,0.0,0.41,8.2,False,False,True,시간손절,5,-0.289
007070,GS리테일,2025-08-21,16660.0,16813.56,16469.18,2.048,12.5,0.48,0.83,True,False,False,미돌파,0,0.0
285130,SK케미칼,2025-08-21,61000.0,62424.6,59920.71,4.011,15.0,0.48,1.61,True,False,False,미돌파,0,0.0
030520,한컴,2025-08-21,24450.0,24899.7,24094.64,3.233,8.33,0.47,4.49,True,False,True,시간손절,5,0.032
009520,포스코엠텍,2025-08-21,13540.0,13737.42,13276.79,3.353,8.82,0.16,5.64,True,False,True,손절,5,-1.089
000070,삼양홀딩스,2025-08-21,54652.0,55562.9,53942.63,2.916,10.58,0.82,1.91,False,False,False,미돌파,0,0.0
323280,태성,2025-08-21,29800.0,30360.6,28781.61,5.201,4.0,0.28,2.3,False,False,True,손절,5,-1.109
060250,NHN KCP,2025-08-21,13790.0,14118.18,13083.43,7.329,6.74,0.28,4.37,True,False,True,시간손절,5,-0.6
336260,두산퓨얼셀,2025-08-21,24800.0,25400.7,24022.32,5.427,4.55,0.49,0.2,True,False,True,추적청산,5,0.862
267260,HD현대일렉트릭,2025-08-21,458500.0,468936.0,451133.93,3.796,14.29,0.73,5.95,False,False,True,추적청산,5,1.055
383310,에코프로에이치엔,2025-08-21,25900.0,26252.4,25503.21,2.854,9.09,0.44,4.95,False,False,False,미돌파,0,0.0
038500,삼표시멘트,2025-08-21,3345.0,3406.8,3303.07,3.045,6.25,0.45,0.45,False,False,False,미돌파,0,0.0
417200,LS머트리얼즈,2025-08-21,9960.0,10140.24,9795.64,3.398,7.14,0.98,4.69,False,False,False,미돌파,0,0.0
062040,산일전기,2025-08-21,110700.0,111322.2,105486.43,5.242,10.87,0.6,3.66,False,True,True,추적청산,4,0.809
298380,에이비엘바이오,2025-08-21,81100.0,84067.8,79751.07,5.135,14.71,0.53,0.61,False,False,False,미돌파,0,0.0
031980,피에스케이홀딩스,2025-08-21,30900.0,31613.1,30411.43,3.801,10.53,0.8,9.65,False,False,False,미돌파,0,0.0
358570,지아이이노베이션,2025-08-21,16620.0,17023.98,15861.39,6.829,4.08,1.15,11.64,False,False,False,미돌파,0,0.0
399720,가온칩스,2025-08-21,41350.0,41683.2,40255.18,3.426,4.55,0.21,8.62,True,False,True,추적청산,7,1.136
005690,파미셀,2025-08-21,10780.0,11222.4,10559.04,5.911,0.0,0.93,8.8,False,False,False,미돌파,0,0.0
006040,동원산업,2025-08-21,43550.0,44338.5,42493.93,4.16,13.33,1.48,5.63,False,False,False,미돌파,0,0.0
000810,삼성화재,2025-08-21,442000.0,452403.0,436590.18,3.495,3.85,1.13,-0.8,True,False,False,미돌파,0,0.0
006730,서부T&D,2025-08-21,9330.0,9729.42,9175.96,5.688,10.87,0.57,3.52,True,False,False,미돌파,0,0.0
298040,효성중공업,2025-08-21,1135000.0,1151298.0,1091196.43,5.22,14.58,1.04,7.5,False,True,True,추적청산,5,0.939
348370,엔켐,2025-08-21,81800.0,84067.8,79188.93,5.803,5.13,0.46,1.45,False,False,False,미돌파,0,0.0
030190,NICE평가정보,2025-08-21,15470.0,15811.56,15221.89,3.729,14.58,0.73,0.51,False,False,True,시간손절,5,-0.304
204270,제이앤티씨,2025-08-21,16860.0,17364.66,16596.29,4.425,15.0,0.53,4.8,False,False,True,시간손절,5,0.512
102710,이엔에프테크놀로지,2025-08-21,37300.0,38827.5,36412.32,6.22,12.2,0.67,14.06,True,False,False,미돌파,0,0.0
099320,쎄트렉아이,2025-08-21,46900.0,47595.0,46071.43,3.201,4.35,0.39,1.78,False,False,True,추적청산,5,1.655
086450,동국제약,2025-08-21,17070.0,17274.48,16878.43,2.293,13.79,0.78,3.01,True,False,False,미돌파,0,0.0
000240,한국앤컴퍼니,2025-08-21,21850.0,22394.7,21497.32,4.007,14.29,0.81,8.19,False,False,False,미돌파,0,0.0
084370,유진테크,2025-08-21,49400.0,50049.9,48191.96,3.712,13.79,0.9,0.8,False,False,False,미돌파,0,0.0
241560,두산밥캣,2025-08-21,54500.0,55310.4,53513.93,3.248,14.29,0.55,2.5,False,False,False,미돌파,0,0.0
005850,에스엘,2025-08-21,33800.0,34218.3,33383.48,2.44,7.69,0.64,-1.05,True,False,True,손절,2,-1.123
012450,한화에어로스페이스,2025-08-21,834000.0,849696.0,820828.57,3.397,0.0,0.49,5.01,False,False,True,추적청산,6,1.092
124500,아이티센글로벌,2025-08-21,15200.0,15631.2,14675.86,6.112,14.47,1.03,13.44,True,False,False,미돌파,0,0.0
443060,HD현대마린솔루션,2025-08-22,188700.0,191983.2,185573.93,3.338,8.16,0.67,4.12,False,False,True,추적청산,7,1.426
036460,한국가스공사,2025-08-22,40200.0,40781.4,39834.46,2.322,14.29,0.6,0.12,False,False,True,손절,2,-1.129
267250,HD현대,2025-08-22,128400.0,130761.0,126606.43,3.177,9.09,0.61,4.54,False,False,True,추적청산,4,0.406
298380,에이비엘바이오,2025-08-22,81800.0,83466.6,79360.71,4.919,0.0,0.53,6.41,False,False,True,추적청산,5,1.49
036540,SFA반도체,2025-08-22,3220.0,3261.51,3181.71,2.447,0.0,0.47,2.72,False,False,True,추적청산,6,0.901
001430,세아베스틸지주,2025-08-22,27300.0,28857.6,26689.46,7.513,5.26,1.14,2.33,False,False,False,미돌파,0,0.0
085660,차바이오텍,2025-08-22,10770.0,10881.72,10573.5,2.832,4.17,0.54,2.8,False,False,True,손절,3,-1.106
009970,영원무역홀딩스,2025-08-22,121300.0,123747.0,119326.43,3.572,8.82,0.96,5.31,False,False,True,추적청산,8,0.693
035250,강원랜드,2025-08-22,17990.0,18216.36,17898.46,1.745,4.35,0.35,0.99,False,False,True,시간손절,5,-0.695
383310,에코프로에이치엔,2025-08-22,25850.0,26202.3,25510.71,2.639,10.0,0.46,6.34,False,False,True,손절,4,-1.114
323410,카카오뱅크,2025-08-22,25100.0,25450.8,24881.61,2.236,12.5,0.53,5.82,True,False,False,미돌파,0,0.0
050890,쏠리드,2025-08-22,6440.0,6543.06,6373.54,2.591,0.0,0.81,-1.1,True,False,True,손절,5,-1.116
003530,한화투자증권,2025-08-22,5420.0,5531.04,5356.04,3.164,7.69,0.68,4.07,False,False,True,추적청산,3,0.405
001800,오리온홀딩스,2025-08-22,19830.0,20090.1,19620.29,2.339,8.57,0.46,1.1,False,False,True,추적청산,7,0.914
023530,롯데쇼핑,2025-08-22,65900.0,66633.0,65345.0,1.933,11.11,0.54,1.49,True,False,True,시간손절,5,-0.569
008930,한미사이언스,2025-08-22,40950.0,41482.8,39958.39,3.675,12.5,0.7,2.15,True,False,True,시간손절,5,-0.366
083450,GST,2025-08-22,18320.0,18627.18,18148.96,2.567,2.94,0.37,9.31,True,False,True,추적청산,6,1.588
128940,한미약품,2025-08-22,283000.0,285069.0,279987.5,1.783,14.29,0.63,-1.25,True,False,True,추적청산,8,2.145
000810,삼성화재,2025-08-22,443000.0,449898.0,438245.54,2.59,5.56,1.49,-0.45,True,False,False,미돌파,0,0.0
402340,SK스퀘어,2025-08-22,135200.0,138075.6,132978.21,3.692,2.5,0.54,5.92,False,False,True,추적청산,3,0.441
161000,애경케미칼,2025-08-22,10970.0,11352.66,10730.86,5.477,9.26,1.01,4.94,False,False,False,미돌파,0,0.0
284740,쿠쿠홈시스,2025-08-22,27400.0,27504.9,26690.09,2.962,8.33,0.31,4.86,False,True,False,미돌파,0,0.0
023160,태광,2025-08-22,22500.0,23246.4,22051.79,5.139,5.26,0.51,7.98,False,False,True,추적청산,10,1.782
035720,카카오,2025-08-22,63600.0,64829.4,62626.43,3.398,12.5,0.6,1.24,False,False,True,손절,5,-1.088
069260,TKG휴켐스,2025-08-22,17300.0,17504.94,17108.23,2.266,6.67,0.83,1.14,False,False,True,시간손절,5,0.107
290650,엘앤씨바이오,2025-08-22,30450.0,31062.0,29937.86,3.619,0.0,0.4,3.03,False,False,True,추적청산,2,0.367
229640,LS에코에너지,2025-08-22,38300.0,39579.0,37521.25,5.199,9.38,0.85,8.7,False,False,True,시간손절,5,-0.047
026960,동서,2025-08-22,27200.0,27605.1,26943.39,2.397,0.0,0.55,0.18,False,False,True,시간손절,5,-0.662
001060,JW중외제약,2025-08-22,21700.0,21943.8,21441.61,2.289,12.5,0.55,2.69,False,False,True,손절,5,-1.131
078930,GS,2025-08-22,44100.0,44764.35,43538.48,2.738,5.13,0.73,3.92,False,False,False,미돌파,0,0.0
006800,미래에셋증권,2025-08-22,17713.0,18097.12,17525.17,3.16,4.57,0.53,5.42,False,False,True,추적청산,2,0.405
102710,이엔에프테크놀로지,2025-08-22,37500.0,38076.0,36525.71,4.072,8.33,0.36,8.54,True,False,True,시간손절,5,0.071
001720,신영증권,2025-08-22,127600.0,129658.8,124353.75,4.092,0.0,0.52,1.09,False,False,True,추적청산,7,1.788
358570,지아이이노베이션,2025-08-22,16730.0,17044.02,16026.43,5.97,2.38,0.49,11.99,False,False,True,추적청산,4,0.453
006400,삼성SDI,2025-08-22,216000.0,219438.0,212098.57,3.345,9.09,0.56,3.57,False,False,True,손절,5,-1.09
121600,나노신소재,2025-08-22,56400.0,57114.0,55383.93,3.029,7.69,0.56,4.08,True,False,True,손절,3,-1.099
039030,이오테크닉스,2025-08-22,209000.0,213426.0,204845.71,4.02,7.69,0.42,11.06,False,False,True,손절,5,-1.075
030000,제일기획,2025-08-22,19570.0,19749.42,19437.46,1.58,0.0,0.76,1.66,True,False,False,미돌파,0,0.0
214320,이노션,2025-08-22,18620.0,18837.6,18456.07,2.025,3.33,1.34,1.53,False,False,False,미돌파,0,0.0
001450,현대해상,2025-08-22,27550.0,28256.4,27268.21,3.497,6.25,0.59,0.9,False,False,False,미돌파,0,0.0
183300,코미코,2025-08-22,37689.0,38529.91,36847.96,4.365,3.85,0.31,4.76,True,False,True,추적청산,5,1.423
307950,현대오토에버,2025-08-22,151300.0,153807.0,150188.93,2.352,3.57,0.43,0.72,False,False,True,추적청산,7,2.196
000080,하이트진로,2025-08-22,19100.0,19228.38,18972.07,1.333,0.0,0.67,2.0,True,False,False,미돌파,0,0.0
316140,우리금융지주,2025-08-22,24900.0,25350.6,24708.39,2.533,0.0,0.7,2.16,True,False,False,미돌파,0,0.0
011070,LG이노텍,2025-08-22,158700.0,161422.2,157261.79,2.577,6.45,0.53,4.91,True,False,True,추적청산,6,0.778
089860,롯데렌탈,2025-08-22,29250.0,29609.1,28997.14,2.067,11.11,0.8,1.02,False,False,False,미돌파,0,0.0
192080,더블유게임즈,2025-08-25,52300.0,53106.0,51483.57,3.055,0.0,1.06,0.19,False,False,False,미돌파,0,0.0
003240,태광산업,2025-08-25,904000.0,915828.0,894950.0,2.28,6.67,0.55,4.03,False,False,True,손절,2,-1.132
097230,HJ중공업,2025-08-25,14150.0,14488.92,13181.89,9.021,13.33,0.41,1.39,False,False,True,추적청산,12,5.004
316140,우리금융지주,2025-08-25,25000.0,25200.3,24765.89,1.724,0.0,0.55,-1.21,True,False,False,미돌파,0,0.0
034230,파라다이스,2025-08-25,20550.0,20941.8,20201.5,3.535,9.09,0.36,0.48,False,False,True,손절,3,-1.222
062040,산일전기,2025-08-25,117300.0,119238.0,114649.64,3.848,2.94,0.51,-1.82,True,False,False,미돌파,0,0.0
011210,현대위아,2025-08-25,50600.0,51001.8,49664.11,2.623,9.52,0.65,-1.91,True,False,False,미돌파,0,0.0
377300,카카오페이,2025-08-25,63400.0,63627.0,61297.5,3.661,11.76,0.45,3.06,False,True,False,미돌파,0,0.0
336370,솔루스첨단소재,2025-08-25,8900.0,8987.94,8709.38,3.099,14.29,0.54,1.11,True,False,True,손절,1,-1.097
140860,파크시스템스,2025-08-25,245500.0,250500.0,241526.79,3.582,7.14,0.74,1.01,False,False,True,추적청산,6,0.416
089860,롯데렌탈,2025-08-25,29200.0,29458.8,28953.04,1.717,14.29,0.58,1.02,False,False,False,미돌파,0,0.0
489790,한화비전,2025-08-25,55300.0,55811.4,54081.79,3.099,0.0,0.23,1.25,False,False,False,미돌파,0,0.0
008930,한미사이언스,2025-08-25,41050.0,41683.2,40066.43,3.879,11.54,0.46,4.2,True,False,True,시간손절,5,-0.5
000370,한화손해보험,2025-08-25,5380.0,5591.16,5277.11,5.617,7.41,0.91,3.58,False,False,False,미돌파,0,0.0
039200,오스코텍,2025-08-25,33200.0,33967.8,32558.48,4.149,13.04,0.8,1.34,False,False,True,추적청산,5,1.344
030000,제일기획,2025-08-25,19630.0,19759.44,19054.46,3.568,4.84,0.69,0.15,True,True,False,미돌파,0,0.0
068760,셀트리온제약,2025-08-25,52658.0,53549.89,52196.96,2.526,9.08,0.78,0.0,True,False,False,미돌파,0,0.0
086520,에코프로,2025-08-25,55200.0,56011.8,54005.71,3.582,6.67,0.48,1.6,False,False,False,미돌파,0,0.0
009420,한올바이오파마,2025-08-25,29500.0,30060.0,29035.54,3.408,12.5,0.86,0.67,False,False,True,손절,1,-1.088
000150,두산,2025-08-25,573000.0,586170.0,558200.0,4.772,4.55,1.03,-0.88,True,False,False,미돌파,0,0.0
077970,STX엔진,2025-08-25,34850.0,35170.2,32962.86,6.276,2.94,0.59,9.72,False,True,True,추적청산,7,2.113
034220,LG디스플레이,2025-08-25,11660.0,11823.6,11423.43,3.385,10.34,0.49,2.35,False,False,True,시간손절,5,-0.497
484870,엠앤씨솔루션,2025-08-25,51033.0,51335.47,49350.25,3.867,13.63,0.5,4.79,False,True,True,손절,1,-1.078
000270,기아,2025-08-25,104700.0,105510.6,102921.96,2.453,14.29,0.49,-2.45,True,True,False,미돌파,0,0.0
138930,BNK금융지주,2025-08-25,14300.0,14438.82,14163.96,1.904,10.53,0.72,2.12,False,False,False,미돌파,0,0.0
127120,제이에스링크,2025-08-25,17250.0,17725.38,16874.04,4.803,13.24,0.63,0.29,False,False,False,미돌파,0,0.0
225570,넥슨게임즈,2025-08-25,14440.0,14679.3,14231.07,3.053,2.78,1.22,0.48,False,False,False,미돌파,0,0.0
112040,위메이드,2025-08-25,29200.0,29609.1,28791.79,2.76,0.0,0.59,1.85,True,False,False,미돌파,0,0.0
185750,종근당,2025-08-25,81100.0,82464.6,80583.57,2.281,6.67,0.29,1.34,False,False,False,미돌파,0,0.0
023590,다우기술,2025-08-25,32350.0,32815.5,31744.11,3.265,5.88,0.49,0.77,False,False,True,추적청산,5,0.658
006120,SK디스커버리,2025-08-25,51600.0,52404.6,50407.5,3.811,6.25,0.56,0.39,False,False,False,미돌파,0,0.0
009540,HD한국조선해양,2025-08-25,368000.0,371241.0,350616.07,5.556,2.86,0.81,0.41,False,True,True,손절,1,-1.054
137310,에스디바이오센서,2025-08-26,10140.0,10350.66,10033.61,3.063,8.0,0.8,1.74,False,False,False,미돌파,0,0.0
204270,제이앤티씨,2025-08-26,16920.0,17374.68,16637.68,4.242,12.28,0.67,3.86,False,False,True,시간손절,5,-0.091
005830,DB손해보험,2025-08-26,130700.0,131562.6,127533.21,3.063,12.5,1.26,-1.16,True,False,True,추적청산,7,0.953
029780,삼성카드,2025-08-26,50100.0,50601.0,49797.86,1.587,0.0,0.56,-0.2,True,False,False,미돌파,0,0.0
006110,삼아알미늄,2025-08-26,23300.0,24048.0,22782.5,5.262,0.0,0.2,2.31,True,False,False,미돌파,0,0.0
003690,코리안리,2025-08-26,10540.0,10601.16,10365.18,2.226,5.56,0.79,1.68,False,False,True,추적청산,7,0.892
064760,티씨케이,2025-08-26,110700.0,112725.0,107553.21,4.588,14.29,0.44,1.34,True,False,False,미돌파,0,0.0
476060,온코닉테라퓨틱스,2025-08-26,6175.0,6399.77,5974.32,6.648,7.14,0.74,11.15,False,False,True,시간손절,5,0.336
225570,넥슨게임즈,2025-08-26,14220.0,14348.64,14019.89,2.291,8.33,0.88,1.8,True,False,True,손절,3,-1.131
181710,NHN,2025-08-26,26800.0,27254.4,26156.96,4.027,0.0,1.41,1.47,False,False,False,미돌파,0,0.0
096770,SK이노베이션,2025-08-26,104900.0,106412.4,103689.64,2.559,4.76,1.02,0.94,False,False,False,미돌파,0,0.0
001530,DI동일,2025-08-26,39429.0,39699.24,37062.96,6.641,6.0,0.53,-0.98,True,True,True,손절,5,-1.045
030190,NICE평가정보,2025-08-26,15760.0,16021.98,15482.64,3.366,9.3,0.57,-2.87,True,False,False,미돌파,0,0.0
004800,효성,2025-08-26,83000.0,83466.6,81206.79,2.707,0.0,0.65,3.04,False,False,False,미돌파,0,0.0
005690,파미셀,2025-08-26,11020.0,11943.84,10496.11,12.121,13.43,3.24,2.3,False,False,False,미돌파,0,0.0
017960,한국카본,2025-08-26,30300.0,30711.3,29075.0,5.328,3.7,0.73,0.66,False,False,True,추적청산,8,1.006
087010,펩트론,2025-08-26,313500.0,323646.0,305178.57,5.706,10.34,0.62,-4.15,True,False,True,손절,3,-1.053
295310,에이치브이엠,2025-08-26,30050.0,30611.1,29585.18,3.351,13.33,0.2,-1.35,True,False,True,추적청산,2,0.41
102710,이엔에프테크놀로지,2025-08-26,38550.0,39027.9,37422.5,4.113,4.0,0.53,0.52,False,False,True,손절,4,-1.336
298020,효성티앤씨,2025-08-26,224000.0,229458.0,221212.5,3.593,7.14,0.6,0.67,False,False,False,미돌파,0,0.0
226950,올릭스,2025-08-26,55500.0,56913.6,53711.25,5.627,4.0,0.46,2.46,False,False,True,추적청산,2,0.447
094170,동운아나텍,2025-08-26,17970.0,18216.36,17737.71,2.628,5.56,0.82,0.61,True,False,False,미돌파,0,0.0
326030,SK바이오팜,2025-08-27,100800.0,101502.6,99571.07,1.903,14.29,0.26,-3.92,True,False,True,손절,2,-1.158
028260,삼성물산,2025-08-27,163400.0,165630.6,162146.43,2.104,12.0,0.62,-2.77,True,False,True,추적청산,3,0.357
006040,동원산업,2025-08-27,42400.0,43086.0,41947.5,2.642,0.0,0.5,2.08,True,False,True,손절,3,-1.114
003030,세아제강지주,2025-08-27,183900.0,185670.6,180266.07,2.911,2.5,0.52,0.81,True,False,True,손절,3,-1.103
094170,동운아나텍,2025-08-27,18000.0,18246.42,17837.93,2.239,13.79,0.63,-2.16,True,False,False,미돌파,0,0.0
082920,비츠로셀,2025-08-27,14358.0,14715.37,14077.99,4.331,9.9,0.68,0.35,True,False,False,미돌파,0,0.0
005300,롯데칠성,2025-08-27,119900.0,121642.8,119135.0,2.062,0.0,0.29,3.38,False,False,False,미돌파,0,0.0
376900,로킷헬스케어,2025-08-27,14850.0,14959.86,14504.0,3.047,12.12,0.35,1.13,True,True,True,손절,3,-1.098
006260,LS,2025-08-27,167600.0,169538.4,164421.79,3.018,2.63,0.88,-10.26,True,False,True,추적청산,4,0.885
086450,동국제약,2025-08-27,17100.0,17294.52,17003.96,1.68,0.0,0.43,0.35,False,False,False,미돌파,0,0.0
077970,STX엔진,2025-08-27,35750.0,37274.4,34187.68,8.281,3.92,1.45,0.42,False,False,True,손절,1,-1.036
035760,CJ ENM,2025-08-27,76000.0,76953.6,74111.43,3.693,4.55,1.44,3.8,False,False,False,미돌파,0,0.0
096530,씨젠,2025-08-27,25850.0,26052.0,25357.5,2.666,0.0,0.5,3.18,True,False,False,미돌파,0,0.0
011210,현대위아,2025-08-27,50000.0,50500.8,49411.43,2.157,12.5,0.6,0.6,True,False,True,추적청산,3,0.361
042700,한미반도체,2025-08-28,88400.0,89779.2,86132.86,4.061,3.33,0.5,-1.73,True,False,False,미돌파,0,0.0
035420,NAVER,2025-08-28,217500.0,218937.0,214094.64,2.212,0.0,0.82,2.47,True,False,False,미돌파,0,0.0
114090,GKL,2025-08-28,16330.0,16432.8,15921.39,3.112,0.0,0.64,0.79,False,False,True,손절,3,-1.096
064760,티씨케이,2025-08-28,110400.0,112424.4,108265.0,3.7,12.5,0.41,-0.64,True,False,False,미돌파,0,0.0
460860,동국제강,2025-08-28,9310.0,9358.68,9138.75,2.35,0.0,0.42,0.85,True,False,True,손절,2,-1.128
087010,펩트론,2025-08-28,317500.0,322644.0,306732.14,4.932,8.33,0.48,1.09,True,False,True,손절,1,-1.061
257720,실리콘투,2025-08-28,45700.0,46743.3,44658.93,4.459,12.5,0.45,3.69,False,False,False,미돌파,0,0.0
084370,유진테크,2025-08-28,47750.0,48947.7,47102.68,3.769,3.45,0.81,3.34,False,False,False,미돌파,0,0.0
352820,하이브,2025-08-28,290000.0,292083.0,281355.36,3.673,0.0,0.81,0.51,False,False,False,미돌파,0,0.0
024110,기업은행,2025-08-28,19190.0,19388.7,19047.25,1.761,7.69,0.9,0.42,False,False,False,미돌파,0,0.0
005300,롯데칠성,2025-08-28,119400.0,121843.2,118335.0,2.879,0.0,0.56,2.77,True,False,False,미돌파,0,0.0
005290,동진쎄미켐,2025-08-28,29750.0,30110.1,29427.32,2.268,10.0,0.6,0.34,False,False,True,추적청산,2,-0.262
036460,한국가스공사,2025-08-28,39600.0,39879.6,38902.14,2.451,0.0,0.64,1.0,False,False,False,미돌파,0,0.0
035760,CJ ENM,2025-08-28,73800.0,74849.4,72517.86,3.115,11.76,1.16,3.78,True,False,False,미돌파,0,0.0
039130,하나투어,2025-08-28,52100.0,52504.8,51121.07,2.635,9.09,0.56,2.62,True,False,False,미돌파,0,0.0
456040,OCI,2025-08-28,54600.0,55110.0,54100.18,1.832,14.29,0.34,3.87,True,False,False,미돌파,0,0.0
112040,위메이드,2025-08-28,28700.0,28957.8,27891.25,3.683,5.56,0.72,2.21,True,False,False,미돌파,0,0.0
069620,대웅제약,2025-08-28,137500.0,138476.4,134899.64,2.583,14.29,0.63,-2.61,True,True,True,손절,2,-1.116
124500,아이티센글로벌,2025-08-28,14900.0,15330.6,14355.93,6.358,2.53,0.39,1.97,True,False,False,미돌파,0,0.0
060370,LS마린솔루션,2025-08-28,23550.0,24248.4,23039.82,4.984,15.0,1.46,2.69,True,False,False,미돌파,0,0.0
323280,태성,2025-08-28,28600.0,29358.6,28163.75,4.07,11.11,0.41,4.03,True,False,False,미돌파,0,0.0
007070,GS리테일,2025-08-28,16400.0,16583.1,16076.57,3.054,9.76,0.92,1.56,False,False,False,미돌파,0,0.0
052020,에스티큐브,2025-08-28,7650.0,7705.38,7346.54,4.657,13.79,0.79,-7.75,True,True,True,손절,2,-1.064
039030,이오테크닉스,2025-08-28,209000.0,212424.0,204617.86,3.675,0.0,0.7,0.95,False,False,False,미돌파,0,0.0
000500,가온전선,2025-08-28,33674.0,34075.01,32996.8,3.164,7.2,0.47,0.33,False,False,True,손절,2,-1.188
161000,애경케미칼,2025-08-28,10560.0,10731.42,10445.57,2.664,0.0,0.91,3.74,True,False,False,미돌파,0,0.0
001740,SK네트웍스,2025-08-28,4430.0,4458.9,4360.0,2.218,13.33,0.56,1.77,True,False,True,손절,2,-1.135
090430,아모레퍼시픽,2025-08-29,120300.0,121242.0,119140.0,1.734,13.33,0.72,1.55,True,False,False,미돌파,0,0.0
144960,뉴파워프라즈마,2025-08-29,5100.0,5140.26,4998.04,2.767,0.0,0.79,0.0,True,False,False,미돌파,0,0.0
004020,현대제철,2025-08-29,32100.0,32214.3,31360.71,2.65,0.0,1.33,1.53,False,True,True,손절,1,-1.113
214450,파마리서치,2025-08-29,680000.0,698394.0,655585.71,6.13,10.81,1.06,2.86,True,False,False,미돌파,0,0.0
161890,한국콜마,2025-08-29,77800.0,78657.0,76622.86,2.586,13.33,0.42,1.64,False,False,False,미돌파,0,0.0
011780,금호석유화학,2025-08-29,109600.0,111121.8,108271.43,2.565,4.55,0.66,0.36,False,False,False,미돌파,0,0.0
180640,한진칼,2025-08-29,111800.0,113226.0,109255.0,3.507,3.23,0.62,0.45,False,False,False,미돌파,0,0.0
094170,동운아나텍,2025-08-29,17910.0,18146.22,17749.96,2.184,3.57,0.79,-2.17,True,False,False,미돌파,0,0.0
214320,이노션,2025-08-29,18360.0,18416.76,18211.75,1.113,7.69,0.47,1.4,False,False,True,추적청산,3,0.23
038500,삼표시멘트,2025-08-29,3290.0,3336.66,3251.66,2.547,7.69,0.52,1.35,False,False,False,미돌파,0,0.0
060250,NHN KCP,2025-08-29,13560.0,13827.6,13179.46,4.687,0.0,0.48,1.53,False,False,False,미돌파,0,0.0
003030,세아제강지주,2025-08-29,184300.0,187474.2,179956.43,4.01,8.2,1.12,0.91,True,False,False,미돌파,0,0.0
358570,지아이이노베이션,2025-08-29,16690.0,17184.3,16082.07,6.414,13.19,0.78,0.24,False,False,False,미돌파,0,0.0
071050,한국금융지주,2025-08-29,134400.0,136773.0,132129.64,3.395,11.11,0.84,-5.66,True,False,False,미돌파,0,0.0
196170,알테오젠,2025-08-29,337404.0,344247.12,328547.38,4.561,6.06,1.41,-3.91,True,False,True,추적청산,10,1.184
086450,동국제약,2025-08-29,16970.0,17234.4,16836.75,2.307,12.9,0.54,1.16,True,False,False,미돌파,0,0.0
284740,쿠쿠홈시스,2025-08-29,27050.0,27254.4,26524.91,2.677,9.09,0.49,1.28,False,False,False,미돌파,0,0.0
251970,펌텍코리아,2025-08-29,65900.0,66532.8,64637.86,2.848,7.14,0.78,3.09,False,False,False,미돌파,0,0.0
225570,넥슨게임즈,2025-09-01,13820.0,14007.96,13548.18,3.282,0.0,0.85,4.29,True,False,False,미돌파,0,0.0
021240,코웨이,2025-09-01,104900.0,107514.6,102953.57,4.242,7.89,0.76,1.59,False,False,False,미돌파,0,0.0
088350,한화생명,2025-09-01,3125.0,3151.29,3065.59,2.72,7.69,0.64,0.48,False,False,True,시간손절,5,-0.534
035760,CJ ENM,2025-09-01,74200.0,77154.0,72608.21,5.892,2.56,1.53,4.38,True,False,False,미돌파,0,0.0
247540,에코프로비엠,2025-09-01,119900.0,123045.6,118587.5,3.623,0.0,0.32,9.03,False,False,False,미돌파,0,0.0
032350,롯데관광개발,2025-09-01,16020.0,16332.6,15650.79,4.175,9.09,1.07,2.32,True,False,True,손절,1,-1.072
005380,현대차,2025-09-01,220500.0,223446.0,218373.21,2.27,0.0,1.01,0.68,False,False,False,미돌파,0,0.0
089860,롯데렌탈,2025-09-01,28750.0,29058.0,28329.29,2.508,8.33,1.24,1.54,True,False,False,미돌파,0,0.0
124500,아이티센글로벌,2025-09-01,14240.0,14769.48,13846.32,6.25,0.0,0.75,9.82,True,False,True,추적청산,9,2.337
065350,신성델타테크,2025-09-01,59300.0,66432.6,57648.57,13.222,3.61,5.85,1.98,True,False,False,미돌파,0,0.0
007310,오뚜기,2025-09-01,394000.0,398295.0,387637.5,2.676,5.56,3.13,-2.87,True,False,False,미돌파,0,0.0
237690,에스티팜,2025-09-01,92800.0,93386.4,90668.75,2.91,14.29,0.82,-0.11,True,False,True,추적청산,4,1.154
278470,에이피알,2025-09-01,225500.0,227955.0,215789.46,5.337,0.0,0.64,0.22,True,False,False,미돌파,0,0.0
023590,다우기술,2025-09-01,33900.0,34418.7,33171.61,3.623,10.0,0.71,-4.79,True,False,False,미돌파,0,0.0
000500,가온전선,2025-09-01,32674.0,34075.01,32157.85,5.626,13.78,1.07,4.39,False,False,False,미돌파,0,0.0
402340,SK스퀘어,2025-09-01,145000.0,149298.0,141804.64,5.019,0.0,0.57,-0.14,True,False,False,미돌파,0,0.0
052690,한전기술,2025-09-01,89900.0,92584.8,87975.36,4.979,8.57,0.47,11.17,False,False,False,미돌파,0,0.0
950160,코오롱티슈진,2025-09-01,36700.0,37474.8,36008.39,3.913,0.0,0.6,0.14,False,False,True,추적청산,7,1.983
015750,성우하이텍,2025-09-01,6020.0,6112.2,5935.89,2.885,7.14,0.69,2.43,True,False,False,미돌파,0,0.0
006400,삼성SDI,2025-09-01,203000.0,206913.0,200436.61,3.13,10.0,0.57,8.35,False,False,False,미돌파,0,0.0
052400,코나아이,2025-09-01,50200.0,50901.6,49151.96,3.437,0.0,1.07,4.38,False,False,False,미돌파,0,0.0
003690,코리안리,2025-09-01,10960.0,11011.98,10664.32,3.157,10.34,0.99,-3.79,True,True,True,시간손절,5,-0.129
011200,HMM,2025-09-01,22400.0,22645.2,21941.79,3.106,0.0,0.57,0.22,False,False,False,미돌파,0,0.0
028670,팬오션,2025-09-01,3895.0,3912.81,3847.68,1.665,0.0,0.77,2.62,True,False,False,미돌파,0,0.0
294870,IPARK현대산업개발,2025-09-01,19570.0,19839.6,19189.21,3.278,2.0,0.83,4.3,True,False,True,추적청산,13,1.108
121600,나노신소재,2025-09-01,52200.0,53005.8,51225.71,3.358,0.0,0.86,8.58,True,False,False,미돌파,0,0.0
009970,영원무역홀딩스,2025-09-01,132900.0,135069.6,125622.5,6.994,8.43,1.19,-8.58,True,False,False,미돌파,0,0.0
082270,젬백스,2025-09-01,43200.0,44739.3,41234.64,7.834,12.07,2.62,13.17,True,False,False,미돌파,0,0.0
003490,대한항공,2025-09-01,23600.0,23847.6,23351.43,2.081,14.29,0.48,7.81,False,False,False,미돌파,0,0.0
041510,에스엠,2025-09-01,140400.0,144087.6,138048.21,4.191,2.04,0.67,2.57,False,False,False,미돌파,0,0.0
099190,아이센스,2025-09-02,17140.0,17535.0,16803.25,4.173,1.67,1.12,1.83,False,False,False,미돌파,0,0.0
033240,자화전자,2025-09-02,18440.0,18677.28,17373.36,6.981,4.39,0.73,2.18,True,True,True,시간손절,5,0.105
034020,두산에너빌리티,2025-09-02,60400.0,61422.6,59116.79,3.754,5.88,0.37,4.58,False,False,True,추적청산,3,0.42
247540,에코프로비엠,2025-09-02,119700.0,120690.9,116659.82,3.34,9.52,0.46,8.49,False,True,False,미돌파,0,0.0
011780,금호석유화학,2025-09-02,106700.0,107414.4,105060.71,2.191,0.0,0.67,4.56,True,False,False,미돌파,0,0.0
460860,동국제강,2025-09-02,9080.0,9488.94,8764.14,7.638,10.61,1.07,3.71,True,False,False,미돌파,0,0.0
005300,롯데칠성,2025-09-02,119000.0,120841.2,117865.0,2.463,8.7,0.44,0.83,True,False,False,미돌파,0,0.0
033100,제룡전기,2025-09-02,33800.0,34368.6,33322.68,3.043,0.0,0.45,2.87,True,False,False,미돌파,0,0.0
180640,한진칼,2025-09-02,109500.0,112023.6,107677.5,3.88,11.43,0.54,4.7,False,False,False,미돌파,0,0.0
280360,롯데웰푸드,2025-09-02,114900.0,115931.4,112978.04,2.548,8.33,0.48,2.38,False,False,False,미돌파,0,0.0
071050,한국금융지주,2025-09-02,128900.0,130059.6,126261.79,2.92,14.29,0.45,0.69,False,False,True,추적청산,12,3.733
003530,한화투자증권,2025-09-02,5380.0,5430.84,5264.21,3.068,0.0,0.58,3.58,False,False,False,미돌파,0,0.0
086900,메디톡스,2025-09-02,119600.0,121242.0,117908.93,2.749,0.0,0.52,1.16,False,False,False,미돌파,0,0.0
365340,성일하이텍,2025-09-02,35200.0,35420.7,34287.86,3.198,5.88,0.31,9.63,True,True,True,추적청산,7,0.971
035900,JYP Ent.,2025-09-02,74400.0,75250.2,72722.14,3.36,5.26,0.38,2.75,False,False,False,미돌파,0,0.0
124500,아이티센글로벌,2025-09-02,14480.0,14919.78,14088.79,5.57,12.12,0.77,4.36,False,False,True,추적청산,8,2.45
003030,세아제강지주,2025-09-02,176000.0,178857.0,173852.14,2.798,0.0,0.58,4.76,True,False,True,시간손절,5,-0.179
033790,피노,2025-09-02,4105.0,4143.27,4003.05,3.384,14.29,0.05,0.12,False,True,True,추적청산,2,0.411
098460,고영,2025-09-02,14200.0,14338.62,13729.39,4.249,9.8,0.94,3.73,False,True,True,추적청산,11,1.292
084370,유진테크,2025-09-02,45450.0,46092.0,44548.75,3.348,8.33,0.88,6.19,False,False,True,손절,1,-1.09
000210,DL,2025-09-02,37800.0,38426.7,36944.82,3.856,0.0,0.85,3.94,False,False,False,미돌파,0,0.0
005290,동진쎄미켐,2025-09-02,28200.0,28506.9,27824.11,2.395,10.0,0.69,6.0,True,False,False,미돌파,0,0.0
454910,두산로보틱스,2025-09-02,62000.0,62925.6,59967.86,4.7,0.0,1.1,4.02,False,False,False,미돌파,0,0.0
293490,카카오게임즈,2025-09-02,15700.0,16052.04,15531.39,3.243,9.3,0.57,5.02,True,False,False,미돌파,0,0.0
050890,쏠리드,2025-09-02,6170.0,6262.5,6066.54,3.129,12.5,1.4,5.08,True,False,False,미돌파,0,0.0
377300,카카오페이,2025-09-02,57800.0,59118.0,55266.07,6.516,9.09,0.69,4.3,True,False,False,미돌파,0,0.0
251270,넷마블,2025-09-02,58900.0,59719.2,57940.71,2.978,7.14,0.32,5.31,False,False,True,추적청산,7,1.04
229640,LS에코에너지,2025-09-02,38400.0,39528.9,37748.75,4.503,13.79,0.27,4.0,False,False,False,미돌파,0,0.0
010060,OCI홀딩스,2025-09-02,87000.0,87875.4,84331.43,4.033,0.0,0.44,2.25,True,False,True,추적청산,7,1.459
090430,아모레퍼시픽,2025-09-02,118100.0,118737.0,115876.43,2.409,0.0,1.05,3.43,True,False,False,미돌파,0,0.0
035250,강원랜드,2025-09-02,17860.0,18086.1,17746.18,1.879,0.0,1.13,1.92,False,False,False,미돌파,0,0.0
001530,DI동일,2025-09-02,38048.0,38553.95,35185.54,8.737,7.69,2.24,3.5,True,True,False,미돌파,0,0.0
093050,LF,2025-09-02,18280.0,18657.24,17923.0,3.935,11.48,0.63,2.82,False,False,False,미돌파,0,0.0
290650,엘앤씨바이오,2025-09-02,30300.0,30661.2,28996.96,5.428,7.14,0.64,0.82,True,False,True,추적청산,8,5.684
064760,티씨케이,2025-09-02,102200.0,104608.8,100962.86,3.485,14.81,0.86,7.68,True,False,True,추적청산,18,7.599
373220,LG에너지솔루션,2025-09-02,350000.0,352203.0,343430.36,2.491,7.69,0.69,8.14,True,False,True,추적청산,3,0.282
000080,하이트진로,2025-09-02,19180.0,19248.42,19057.75,0.991,8.33,0.44,0.05,False,False,False,미돌파,0,0.0
183300,코미코,2025-09-02,40796.0,41694.22,40220.42,3.535,13.65,0.51,3.73,False,False,False,미돌파,0,0.0
139480,이마트,2025-09-02,71600.0,72043.8,70433.21,2.236,0.0,0.83,3.24,True,False,True,추적청산,7,1.594
222800,심텍,2025-09-02,24500.0,25050.0,24224.82,3.294,0.0,0.25,1.21,False,False,False,미돌파,0,0.0
005690,파미셀,2025-09-02,10550.0,10721.4,10287.96,4.043,12.5,0.53,4.26,True,False,False,미돌파,0,0.0
003490,대한항공,2025-09-03,23450.0,23797.5,23264.29,2.241,12.5,0.53,2.9,True,False,False,미돌파,0,0.0
005300,롯데칠성,2025-09-03,117900.0,119338.2,116580.0,2.311,9.52,0.84,1.67,True,False,False,미돌파,0,0.0
294870,IPARK현대산업개발,2025-09-03,19650.0,19939.8,19469.32,2.359,0.0,0.46,2.96,False,False,True,추적청산,11,1.234
006800,미래에셋증권,2025-09-03,18440.0,18656.24,18197.62,2.458,8.81,0.65,-2.66,True,False,True,추적청산,7,3.92
402340,SK스퀘어,2025-09-03,143900.0,145791.0,140557.14,3.59,7.5,0.56,-2.86,True,False,True,추적청산,11,5.337
357780,솔브레인,2025-09-03,202000.0,205410.0,198682.14,3.275,0.0,0.58,6.05,True,False,False,미돌파,0,0.0
060250,NHN KCP,2025-09-03,12930.0,13116.18,12522.57,4.526,8.33,0.76,5.48,True,False,False,미돌파,0,0.0
051910,LG화학,2025-09-03,270000.0,273546.0,267182.14,2.326,11.11,0.39,5.76,False,False,True,추적청산,9,1.507
281820,케이씨텍,2025-09-03,31400.0,31613.1,30664.64,3.0,14.29,0.59,4.41,False,False,True,추적청산,2,0.4
097950,CJ제일제당,2025-09-03,230000.0,231963.0,227942.86,1.733,0.0,0.74,0.22,False,False,True,시간손절,5,0.458
050890,쏠리드,2025-09-03,6140.0,6222.42,6076.54,2.344,0.0,0.83,5.83,True,False,True,추적청산,6,1.632
127120,제이에스링크,2025-09-03,17680.0,18036.0,17207.32,4.595,1.49,0.41,3.81,False,False,True,손절,1,-1.065
026960,동서,2025-09-03,27100.0,27504.9,26746.07,2.759,8.33,0.86,1.28,False,False,True,시간손절,5,0.28
211050,인카금융서비스,2025-09-03,11950.0,12244.44,11759.75,3.958,2.63,0.65,-5.1,True,False,False,미돌파,0,0.0
029780,삼성카드,2025-09-03,50700.0,51202.2,50044.11,2.262,0.0,0.95,-1.91,True,False,False,미돌파,0,0.0
090430,아모레퍼시픽,2025-09-03,117300.0,118236.0,115991.43,1.898,5.88,0.99,2.74,True,False,True,추적청산,13,1.849
204270,제이앤티씨,2025-09-03,17750.0,18326.58,17430.0,4.892,4.05,1.15,-2.9,True,False,True,추적청산,14,2.655
137400,피엔티,2025-09-03,37300.0,38176.2,36605.45,4.114,4.0,0.59,7.33,False,False,True,시간손절,5,-0.121
011780,금호석유화학,2025-09-03,106600.0,107514.6,105276.79,2.081,6.25,0.86,3.96,True,False,False,미돌파,0,0.0
081660,미스토홀딩스,2025-09-03,40300.0,41082.0,39759.82,3.218,0.0,0.56,4.39,False,False,False,미돌파,0,0.0
006110,삼아알미늄,2025-09-03,22150.0,22745.4,21763.57,4.317,6.67,0.4,5.14,True,False,True,시간손절,5,0.292
009830,한화솔루션,2025-09-03,26693.0,26935.76,26275.62,2.451,0.0,0.39,1.22,False,False,True,추적청산,5,0.622
028050,삼성E&A,2025-09-03,28650.0,29007.9,28273.04,2.533,0.0,0.74,4.5,True,False,False,미돌파,0,0.0
010140,삼성중공업,2025-09-03,21050.0,21392.7,20727.75,3.108,0.0,0.46,4.32,False,False,False,미돌파,0,0.0
457190,이수스페셜티케미컬,2025-09-03,44200.0,44589.0,43229.46,3.049,5.0,0.35,6.85,False,False,True,시간손절,5,0.241
000640,동아쏘시오홀딩스,2025-09-04,106736.0,108603.77,105044.79,3.277,10.02,0.77,2.83,False,False,True,시간손절,5,-0.944
068270,셀트리온,2025-09-04,162228.0,163890.13,161066.68,1.723,13.64,0.69,1.28,False,False,False,미돌파,0,0.0
183300,코미코,2025-09-04,41458.0,42510.85,40475.42,4.788,12.14,0.56,2.28,False,False,True,추적청산,9,1.73
067310,하나마이크론,2025-09-04,13560.0,14148.24,13287.82,6.081,1.33,0.81,1.95,False,False,False,미돌파,0,0.0
257720,실리콘투,2025-09-04,43100.0,43837.5,42466.96,3.126,4.76,0.41,5.69,False,False,False,미돌파,0,0.0
016360,삼성증권,2025-09-04,68300.0,68837.4,67582.5,1.823,0.0,0.82,1.44,False,False,True,추적청산,9,2.552
000500,가온전선,2025-09-04,32896.0,33407.68,32302.2,3.309,6.71,0.93,2.31,False,False,False,미돌파,0,0.0
034230,파라다이스,2025-09-04,21150.0,21843.6,20654.77,5.442,10.0,1.17,-3.68,True,False,False,미돌파,0,0.0
007660,이수페타시스,2025-09-04,64200.0,65230.2,61728.57,5.368,0.0,0.95,1.68,True,False,True,추적청산,6,1.311
204270,제이앤티씨,2025-09-04,17760.0,18376.68,17527.11,4.623,0.0,0.6,0.28,True,False,False,미돌파,0,0.0
460860,동국제강,2025-09-04,9270.0,9378.72,9105.54,2.913,4.76,0.71,0.43,False,False,True,추적청산,6,0.875
475150,SK이터닉스,2025-09-04,20400.0,21016.95,20069.77,4.507,0.0,0.78,0.73,False,False,False,미돌파,0,0.0
361610,SK아이이테크놀로지,2025-09-04,27650.0,27905.7,27051.61,3.061,7.69,0.65,1.95,False,False,False,미돌파,0,0.0
336570,원텍,2025-09-04,9780.0,9959.88,9659.32,3.018,13.04,0.4,1.11,True,False,True,추적청산,5,1.349
059090,미코,2025-09-04,15830.0,16212.36,15568.11,3.974,4.17,0.33,3.42,False,False,True,손절,1,-1.075
060370,LS마린솔루션,2025-09-04,22950.0,23296.5,22437.14,3.689,7.69,0.91,2.55,True,False,True,추적청산,9,0.624
035250,강원랜드,2025-09-04,17830.0,18015.96,17749.07,1.481,5.26,0.75,1.11,False,False,False,미돌파,0,0.0
139130,iM금융지주,2025-09-04,13570.0,13787.52,13455.32,2.409,3.85,1.15,3.35,True,False,False,미돌파,0,0.0
195940,HK이노엔,2025-09-04,46250.0,46743.3,45300.98,3.086,4.35,0.56,4.93,False,False,True,시간손절,5,-0.647
039030,이오테크닉스,2025-09-04,200500.0,205911.0,195835.0,4.893,9.64,0.92,4.07,False,False,False,미돌파,0,0.0
298020,효성티앤씨,2025-09-04,216500.0,218937.0,214308.93,2.114,14.29,0.85,1.59,True,False,False,미돌파,0,0.0
323410,카카오뱅크,2025-09-04,23800.0,24048.0,23559.46,2.032,14.29,0.76,5.37,True,False,False,미돌파,0,0.0
009520,포스코엠텍,2025-09-04,12820.0,12965.88,12653.96,2.406,8.7,0.42,3.32,False,False,True,손절,2,-1.125
010120,LS ELECTRIC,2025-09-04,58200.0,59017.8,57120.71,3.214,0.0,0.79,-2.65,True,False,True,손절,2,-1.093
001510,SK증권,2025-09-04,1265.0,1273.54,1250.24,1.829,0.0,0.43,2.77,False,False,False,미돌파,0,0.0
010140,삼성중공업,2025-09-04,20950.0,21242.4,20576.68,3.134,0.0,0.55,2.1,False,False,True,손절,1,-1.096
036460,한국가스공사,2025-09-04,39300.0,39579.0,38874.11,1.781,10.0,1.18,0.76,False,False,False,미돌파,0,0.0
272210,한화시스템,2025-09-04,53300.0,53907.6,51915.36,3.696,6.67,0.54,-3.7,True,False,False,미돌파,0,0.0
131970,두산테스나,2025-09-04,34350.0,34969.8,33603.39,3.907,13.64,0.29,4.18,False,False,True,추적청산,9,1.788
102710,이엔에프테크놀로지,2025-09-04,37150.0,38025.9,36587.5,3.783,9.09,0.46,4.38,False,False,False,미돌파,0,0.0
161390,한국타이어앤테크놀로지,2025-09-04,39600.0,39879.6,39178.66,1.758,0.0,0.54,3.06,False,False,False,미돌파,0,0.0
100840,SNT에너지,2025-09-05,60500.0,62324.4,59315.0,4.829,13.04,0.67,1.47,False,False,False,미돌파,0,0.0
071050,한국금융지주,2025-09-05,131200.0,133165.8,128801.43,3.277,0.0,0.62,2.38,False,False,True,추적청산,9,2.956
039490,키움증권,2025-09-05,206500.0,209919.0,204018.57,2.811,11.11,0.55,-0.49,True,False,True,추적청산,13,5.527
000080,하이트진로,2025-09-05,19090.0,19208.34,19033.21,0.912,9.09,0.84,0.05,False,False,False,미돌파,0,0.0
067160,SOOP,2025-09-05,77300.0,78156.0,76296.43,2.379,0.0,0.46,0.77,False,False,True,시간손절,5,0.166
071320,지역난방공사,2025-09-05,80000.0,81462.6,78586.43,3.531,13.04,0.46,-4.03,True,False,True,시간손절,5,-0.246
319660,피에스케이,2025-09-05,23800.0,24098.1,23406.11,2.872,10.0,0.94,2.86,False,False,False,미돌파,0,0.0
064960,SNT모티브,2025-09-05,36200.0,36773.4,35616.25,3.147,0.0,0.73,2.69,False,False,False,미돌파,0,0.0
001680,대상,2025-09-05,22400.0,22695.3,22226.61,2.065,14.29,0.54,0.88,False,False,False,미돌파,0,0.0
195940,HK이노엔,2025-09-05,46800.0,47845.5,46395.09,3.031,0.0,0.49,2.7,True,False,True,손절,4,-1.099
096770,SK이노베이션,2025-09-05,105400.0,106813.2,104734.64,1.946,6.67,0.92,-4.46,True,False,False,미돌파,0,0.0
035250,강원랜드,2025-09-05,17800.0,17955.84,17730.14,1.257,13.33,0.7,1.39,False,False,False,미돌파,0,0.0
214320,이노션,2025-09-05,18300.0,18436.8,18201.96,1.274,12.5,0.96,0.33,False,False,False,미돌파,0,0.0
001800,오리온홀딩스,2025-09-05,20600.0,20941.8,20431.86,2.435,12.5,0.56,0.72,False,False,False,미돌파,0,0.0
005810,풍산홀딩스,2025-09-05,40350.0,40480.8,39701.61,1.925,0.0,0.6,-0.75,True,True,False,미돌파,0,0.0
036460,한국가스공사,2025-09-05,39300.0,39629.1,38675.18,2.407,0.0,1.01,0.63,False,False,True,추적청산,6,0.596
356860,티엘비,2025-09-05,14303.0,15048.04,13989.8,7.032,2.58,1.53,1.64,False,False,False,미돌파,0,0.0
093050,LF,2025-09-05,18400.0,18637.2,18233.29,2.167,3.45,0.47,2.85,False,False,True,손절,1,-1.138
307950,현대오토에버,2025-09-05,166200.0,167033.4,162111.79,2.946,5.41,0.66,5.35,False,True,True,추적청산,4,0.567
099190,아이센스,2025-09-05,16890.0,17044.02,16508.93,3.139,2.44,2.88,4.03,True,False,True,추적청산,15,2.84
032640,LG유플러스,2025-09-05,14370.0,14408.76,13970.54,3.041,14.29,1.33,3.23,False,True,True,추적청산,7,0.859
064400,LG씨엔에스,2025-09-05,67800.0,68136.0,66595.18,2.261,0.0,0.4,0.29,False,False,True,추적청산,7,1.362
137400,피엔티,2025-09-05,38100.0,39027.9,37364.02,4.263,3.7,0.5,0.91,False,False,False,미돌파,0,0.0
316140,우리금융지주,2025-09-05,24300.0,24498.9,23980.89,2.114,12.5,0.71,2.02,True,False,False,미돌파,0,0.0
020150,롯데에너지머티리얼즈,2025-09-05,24350.0,24749.4,24003.75,3.013,9.09,0.58,6.17,False,False,False,미돌파,0,0.0
024110,기업은행,2025-09-08,19000.0,19098.12,18793.89,1.593,8.7,1.05,-0.42,True,False,True,추적청산,7,1.482
000720,현대건설,2025-09-08,60100.0,61422.6,59440.54,3.227,6.67,0.5,0.83,False,False,False,미돌파,0,0.0
192080,더블유게임즈,2025-09-08,53200.0,53707.2,52516.79,2.216,0.0,0.74,-2.11,True,False,True,추적청산,6,0.95
029780,삼성카드,2025-09-08,50800.0,51402.6,50460.71,1.832,0.0,0.79,-0.4,True,False,True,추적청산,8,1.131
251970,펌텍코리아,2025-09-08,62700.0,63627.0,61583.93,3.211,12.5,1.26,1.88,False,False,True,손절,4,-1.093
003160,디아이,2025-09-08,13580.0,13727.4,13220.0,3.696,7.14,1.1,-6.85,True,False,True,추적청산,7,1.279
005940,NH투자증권,2025-09-08,19350.0,19569.06,19095.61,2.419,2.7,0.63,-1.2,True,False,True,추적청산,7,1.676
018290,브이티,2025-09-08,31850.0,32414.7,31264.29,3.549,5.88,1.41,4.64,True,False,False,미돌파,0,0.0
348370,엔켐,2025-09-08,71100.0,72845.4,69790.36,4.194,13.04,0.41,0.42,False,False,False,미돌파,0,0.0
001680,대상,2025-09-08,22550.0,22695.3,22225.0,2.072,14.29,0.48,0.66,True,False,True,추적청산,7,0.998
073240,금호타이어,2025-09-08,4890.0,4924.83,4824.36,2.04,13.33,0.48,1.11,False,False,False,미돌파,0,0.0
052020,에스티큐브,2025-09-08,7690.0,7715.4,7415.89,3.882,0.0,0.56,0.13,True,True,True,추적청산,5,1.298
011200,HMM,2025-09-08,23050.0,23146.2,22512.14,2.739,10.0,0.82,-2.9,True,True,True,추적청산,6,0.63
096770,SK이노베이션,2025-09-08,105800.0,106713.0,104438.93,2.131,5.88,0.59,-5.59,True,False,True,추적청산,5,0.359
316140,우리금융지주,2025-09-08,24250.0,24398.7,23678.21,2.953,8.33,0.99,1.02,True,False,True,추적청산,8,1.579
009830,한화솔루션,2025-09-08,27495.0,27833.56,27148.87,2.46,0.0,0.64,-6.0,True,False,False,미돌파,0,0.0
329180,HD현대중공업,2025-09-08,511000.0,514026.0,483132.14,6.01,3.85,0.49,-0.2,True,True,False,미돌파,0,0.0
101490,에스앤에스텍,2025-09-08,49450.0,49749.3,47668.39,4.183,6.06,0.77,8.43,True,True,True,추적청산,3,0.428
071970,HD현대마린엔진,2025-09-08,90900.0,91482.6,88227.14,3.559,4.17,0.54,1.3,False,False,True,손절,1,-1.084
005850,에스엘,2025-09-08,33300.0,33466.8,32525.45,2.813,13.33,1.13,1.48,False,True,True,추적청산,5,1.155
055550,신한지주,2025-09-08,64400.0,64729.2,63482.5,1.926,11.11,0.56,-0.62,True,True,True,추적청산,8,2.137
185750,종근당,2025-09-08,81400.0,82464.6,80781.43,2.041,7.69,0.77,-3.17,True,False,False,미돌파,0,0.0
001530,DI동일,2025-09-08,33286.0,33686.24,32713.12,2.889,13.31,0.39,12.73,True,False,True,추적청산,7,1.071
004800,효성,2025-09-08,84500.0,84769.2,82150.0,3.09,5.0,0.38,2.87,False,True,True,추적청산,8,1.726
000370,한화손해보험,2025-09-08,5470.0,5511.0,5342.04,3.066,7.69,0.97,3.19,False,False,True,추적청산,8,2.056
071320,지역난방공사,2025-09-08,81400.0,82364.4,79691.79,3.245,0.0,0.61,1.69,False,False,False,미돌파,0,0.0
066970,엘앤에프,2025-09-08,62400.0,64829.4,60633.57,6.472,11.76,0.68,2.5,False,False,False,미돌파,0,0.0
295310,에이치브이엠,2025-09-08,26050.0,26252.4,25358.75,3.404,7.69,0.8,6.46,True,False,True,추적청산,4,0.412
161390,한국타이어앤테크놀로지,2025-09-08,39300.0,39478.8,38792.59,1.738,10.0,0.45,2.6,False,True,True,추적청산,5,0.327
005690,파미셀,2025-09-08,11380.0,11743.44,11132.46,5.203,6.0,1.34,-8.8,True,False,False,미돌파,0,0.0
064960,SNT모티브,2025-09-08,35950.0,36272.4,35116.25,3.187,5.56,1.28,0.96,False,False,True,추적청산,8,0.937
353200,대덕전자,2025-09-08,23650.0,23897.7,23210.18,2.877,10.0,0.92,-0.21,True,False,True,추적청산,7,2.07
103140,풍산,2025-09-09,120700.0,122143.8,117840.71,3.523,2.86,0.81,-0.08,True,False,True,추적청산,7,1.676
214320,이노션,2025-09-09,18370.0,18416.76,18205.71,1.146,14.29,0.67,0.97,False,True,True,추적청산,6,0.459
141080,리가켐바이오,2025-09-09,151500.0,153105.6,146072.14,4.594,12.07,1.1,-3.13,True,False,True,시간손절,5,-0.45
336260,두산퓨얼셀,2025-09-09,25200.0,25851.6,24547.95,5.043,5.0,0.46,2.89,False,False,True,추적청산,8,2.722
249420,일동제약,2025-09-09,21650.0,23146.2,20973.57,9.387,0.0,0.93,5.04,False,False,True,추적청산,2,0.468
033240,자화전자,2025-09-09,18870.0,19228.38,18592.43,3.307,14.29,0.48,-2.33,True,False,False,미돌파,0,0.0
093370,후성,2025-09-09,5550.0,5651.28,5487.21,2.903,8.33,0.38,4.15,False,False,True,추적청산,7,2.191
031210,서울보증보험,2025-09-09,44300.0,44839.5,43754.29,2.42,5.88,1.01,1.23,False,False,True,추적청산,9,3.859
001680,대상,2025-09-09,22650.0,22745.4,22277.68,2.056,14.29,0.98,-0.89,True,True,True,추적청산,6,0.947
259960,크래프톤,2025-09-09,322500.0,324648.0,315853.57,2.709,7.14,1.12,2.27,False,True,True,시간손절,5,-0.81
161390,한국타이어앤테크놀로지,2025-09-09,39400.0,39679.2,39098.48,1.464,12.5,0.42,2.11,False,False,False,미돌파,0,0.0
000270,기아,2025-09-09,105500.0,106111.8,104423.04,1.591,0.0,1.04,1.59,True,False,True,손절,4,-1.189
204320,HL만도,2025-09-09,34550.0,34819.5,34082.14,2.118,9.09,0.83,1.85,False,False,True,추적청산,4,0.481
460860,동국제강,2025-09-09,9700.0,9849.66,9468.21,3.873,12.5,1.06,-6.83,True,False,True,시간손절,5,-0.68
005690,파미셀,2025-09-09,11440.0,11523.0,11098.36,3.685,9.38,0.67,-8.44,True,False,True,추적청산,7,1.698
161580,필옵틱스,2025-09-09,31550.0,31713.3,30752.14,3.031,0.0,0.72,-5.52,True,True,True,추적청산,11,2.865
000640,동아쏘시오홀딩스,2025-09-09,107805.0,108506.58,106036.6,2.276,5.31,0.99,-1.93,True,False,True,손절,2,-1.132
302440,SK바이오사이언스,2025-09-10,48850.0,49298.4,48225.27,2.177,0.0,0.7,0.61,True,False,True,추적청산,5,0.922
237690,에스티팜,2025-09-10,93700.0,96793.2,92482.5,4.454,0.0,1.39,5.07,True,False,False,미돌파,0,0.0
141080,리가켐바이오,2025-09-10,151600.0,154708.8,148259.29,4.169,5.77,0.84,-0.13,True,False,True,손절,5,-1.072
087010,펩트론,2025-09-10,295000.0,298095.0,287819.64,3.447,6.67,0.6,3.12,False,False,True,추적청산,4,0.652
030200,KT,2025-09-10,51100.0,51603.0,50141.43,2.832,8.33,2.86,2.29,True,False,True,시간손절,5,-0.518
018670,SK가스,2025-09-10,241000.0,244488.0,237308.04,2.937,9.09,1.49,2.03,False,False,False,미돌파,0,0.0
032350,롯데관광개발,2025-09-10,16390.0,16823.58,16124.43,4.156,14.04,1.01,-5.27,True,False,True,추적청산,10,2.342
041830,인바디,2025-09-10,26650.0,26803.5,25878.93,3.449,13.33,0.53,1.66,True,True,True,추적청산,4,0.654
086520,에코프로,2025-09-10,49200.0,49649.1,48077.14,3.166,12.0,1.42,1.4,True,False,False,미돌파,0,0.0
352820,하이브,2025-09-10,291500.0,292584.0,285757.14,2.333,10.0,0.89,-3.55,True,True,False,미돌파,0,0.0
295310,에이치브이엠,2025-09-10,26400.0,26853.6,25272.68,5.887,3.7,1.82,-0.57,True,False,True,손절,5,-1.051
060370,LS마린솔루션,2025-09-10,23350.0,23496.9,22494.64,4.265,0.0,1.75,-2.86,True,True,True,추적청산,5,0.506
462870,시프트업,2025-09-10,41450.0,42033.9,40844.29,2.83,11.11,0.82,-2.35,True,False,False,미돌파,0,0.0
033780,KT&G,2025-09-10,131400.0,133266.0,130480.0,2.091,14.29,1.07,3.03,True,False,True,손절,1,-1.144
280360,롯데웰푸드,2025-09-10,112100.0,113125.8,111206.43,1.697,7.14,4.69,1.67,True,False,False,미돌파,0,0.0
044490,태웅,2025-09-10,35500.0,36122.1,34495.71,4.502,8.0,0.81,6.58,False,False,True,손절,1,-1.067
079550,LIG디펜스앤에어로스페이스,2025-09-11,503000.0,512022.0,492976.79,3.72,12.9,1.12,-1.82,True,False,False,미돌파,0,0.0
053800,안랩,2025-09-11,61800.0,62324.4,60959.64,2.19,9.09,1.69,-1.64,True,False,True,손절,3,-1.137
014680,한솔케미칼,2025-09-11,173700.0,175750.8,167604.29,4.635,7.25,1.11,-4.95,True,False,True,추적청산,9,2.046
051600,한전KPS,2025-09-11,51200.0,51803.4,50241.96,3.014,0.0,0.97,0.78,False,False,False,미돌파,0,0.0
000500,가온전선,2025-09-11,34285.0,34577.02,33241.8,3.862,14.93,1.13,-4.22,True,False,False,미돌파,0,0.0
499790,GS피앤엘,2025-09-11,54000.0,54609.0,52329.11,4.175,5.88,1.12,3.91,False,False,False,미돌파,0,0.0
066570,LG전자,2025-09-11,75900.0,76753.2,75421.07,1.736,0.0,1.39,-0.8,True,False,True,추적청산,7,1.546
010060,OCI홀딩스,2025-09-11,95500.0,96292.2,92982.5,3.437,11.54,0.89,-8.15,True,False,True,추적청산,6,0.761
015750,성우하이텍,2025-09-11,6120.0,6222.42,6049.64,2.777,7.14,1.6,-1.83,True,False,False,미돌파,0,0.0
285130,SK케미칼,2025-09-11,60500.0,61122.0,59741.79,2.258,10.0,1.24,1.47,False,False,True,추적청산,8,1.084
033240,자화전자,2025-09-11,18520.0,18817.56,18091.68,3.857,13.79,0.7,2.88,False,False,True,추적청산,8,2.167
006280,녹십자,2025-09-11,133300.0,133867.2,131108.93,2.06,9.52,1.38,-1.06,True,True,True,손절,4,-1.146
018670,SK가스,2025-09-11,242000.0,242985.0,237326.79,2.329,12.5,0.84,1.22,False,True,True,추적청산,4,0.371
161890,한국콜마,2025-09-11,79000.0,79959.6,77855.71,2.631,5.88,1.34,-4.08,True,False,False,미돌파,0,0.0
089970,브이엠,2025-09-11,13790.0,14298.54,13315.11,6.878,2.35,1.07,0.43,False,False,True,추적청산,9,1.865
450080,에코프로머티,2025-09-11,49000.0,49348.5,48056.79,2.618,0.0,1.38,1.8,True,False,True,추적청산,4,0.909
294870,IPARK현대산업개발,2025-09-11,20650.0,20691.3,20226.93,2.244,0.0,0.94,-1.47,True,True,True,추적청산,4,0.366
003690,코리안리,2025-09-11,11200.0,11252.46,10865.07,3.443,6.06,2.38,-3.13,True,True,True,손절,4,-1.087
139480,이마트,2025-09-12,76900.0,77655.0,76203.21,1.87,10.0,0.67,1.41,False,False,True,추적청산,6,0.527
499790,GS피앤엘,2025-09-12,53100.0,54508.8,51640.89,5.261,8.7,1.18,4.67,False,False,False,미돌파,0,0.0
000720,현대건설,2025-09-12,59400.0,59719.2,56851.43,4.802,12.0,0.91,0.34,False,True,True,추적청산,3,0.438
020150,롯데에너지머티리얼즈,2025-09-12,24100.0,24549.0,23773.04,3.161,8.33,1.61,1.03,True,False,True,손절,2,-1.095
002790,아모레퍼시픽홀딩스,2025-09-12,27500.0,27655.2,27061.61,2.146,11.11,1.27,-1.85,True,False,True,손절,2,-1.14
033780,KT&G,2025-09-12,133700.0,136572.6,132136.07,3.248,5.41,0.94,1.11,False,False,True,추적청산,8,1.008
052690,한전기술,2025-09-12,89700.0,89879.4,86048.21,4.263,6.45,0.68,1.32,False,True,False,미돌파,0,0.0
214320,이노션,2025-09-12,18520.0,18607.14,18428.39,0.961,9.09,1.37,-1.2,True,False,True,손절,3,-1.312
111770,영원무역,2025-09-12,59600.0,60621.0,59038.57,2.61,0.0,0.96,0.33,False,False,True,손절,1,-1.329
067160,SOOP,2025-09-12,78700.0,79358.4,78097.5,1.589,0.0,1.0,-1.81,True,False,False,미돌파,0,0.0
457190,이수스페셜티케미컬,2025-09-12,45650.0,46492.8,45144.29,2.9,4.76,0.89,-3.28,True,False,False,미돌파,0,0.0
003090,대웅,2025-09-12,24050.0,24198.3,23435.54,3.152,9.09,0.68,1.43,False,True,True,추적청산,4,0.603
122870,와이지엔터테인먼트,2025-09-12,98200.0,99198.0,96538.21,2.681,15.0,0.96,1.31,True,False,False,미돌파,0,0.0
022100,포스코DX,2025-09-12,22900.0,23196.3,22724.46,2.034,14.29,1.32,-4.81,True,False,True,손절,3,-1.147
161000,애경케미칼,2025-09-15,10440.0,10871.7,10314.68,5.124,12.24,1.63,3.15,False,False,False,미돌파,0,0.0
039130,하나투어,2025-09-15,52800.0,53005.8,51967.14,1.96,0.0,0.74,-1.15,True,True,True,손절,4,-1.153
096530,씨젠,2025-09-15,26050.0,26202.3,25783.57,1.598,0.0,0.56,-0.97,True,False,True,손절,2,-1.188
036460,한국가스공사,2025-09-15,40300.0,40430.7,39711.61,1.779,9.09,0.87,-1.64,True,True,True,추적청산,2,0.331
298020,효성티앤씨,2025-09-15,222500.0,226452.0,220400.0,2.673,10.0,0.99,-3.73,True,False,False,미돌파,0,0.0
082640,동양생명,2025-09-15,7790.0,7965.9,7617.36,4.375,3.45,0.68,-4.56,True,False,False,미돌파,0,0.0
278470,에이피알,2025-09-15,215500.0,220941.0,211446.43,4.297,6.67,1.09,3.36,False,False,False,미돌파,0,0.0
450080,에코프로머티,2025-09-15,51100.0,51603.0,50477.14,2.182,12.5,1.09,-3.44,True,False,True,손절,2,-1.138
499790,GS피앤엘,2025-09-15,53100.0,53406.6,50354.29,5.715,8.0,1.08,2.57,True,True,True,추적청산,5,0.774
067160,SOOP,2025-09-15,77900.0,78657.0,77296.43,1.73,10.0,0.75,0.51,False,False,False,미돌파,0,0.0
090430,아모레퍼시픽,2025-09-15,122500.0,123646.8,120116.07,2.855,13.33,1.97,-2.77,True,False,False,미돌파,0,0.0
021240,코웨이,2025-09-15,98400.0,99198.0,96731.79,2.486,5.56,0.89,3.53,False,False,True,추적청산,6,1.252
019170,신풍제약,2025-09-15,13010.0,13126.2,12684.39,3.366,13.89,1.28,-3.09,True,False,False,미돌파,0,0.0
041510,에스엠,2025-09-15,141600.0,143185.8,138721.79,3.118,5.71,0.58,0.84,False,False,True,추적청산,6,0.652
005300,롯데칠성,2025-09-16,121000.0,121843.2,119547.5,1.884,5.88,1.14,-2.8,True,False,True,손절,2,-1.159
052400,코나아이,2025-09-16,50200.0,50701.2,48725.89,3.896,6.45,1.64,2.52,False,False,False,미돌파,0,0.0
082270,젬백스,2025-09-16,49050.0,50901.6,46760.36,8.136,1.47,0.88,13.19,False,False,True,추적청산,9,0.97
012330,현대모비스,2025-09-16,309000.0,310620.0,303123.21,2.413,9.09,0.78,2.06,False,False,True,손절,3,-1.124
004000,롯데정밀화학,2025-09-16,45900.0,47094.0,45471.61,3.445,3.7,0.86,0.22,False,False,False,미돌파,0,0.0
028300,HLB,2025-09-16,38800.0,39478.8,38302.5,2.98,0.0,0.63,-2.11,True,False,False,미돌파,0,0.0
214450,파마리서치,2025-09-16,628000.0,635268.0,610141.07,3.955,10.53,0.84,6.55,True,False,False,미돌파,0,0.0
241560,두산밥캣,2025-09-16,53700.0,54007.8,53037.14,1.797,14.29,1.28,0.74,False,False,True,손절,1,-1.167
069620,대웅제약,2025-09-16,141500.0,143185.8,139492.5,2.579,7.14,1.08,1.26,True,False,False,미돌파,0,0.0
032640,LG유플러스,2025-09-16,14790.0,14979.9,14612.25,2.454,7.14,0.83,-2.99,True,False,False,미돌파,0,0.0
213420,덕산네오룩스,2025-09-16,47250.0,47845.5,46208.57,3.421,8.0,0.57,3.96,False,False,False,미돌파,0,0.0
082740,한화엔진,2025-09-16,44600.0,46242.3,43792.86,5.297,7.69,0.77,-4.08,True,False,False,미돌파,0,0.0
012330,현대모비스,2025-09-17,311000.0,313626.0,307166.07,2.06,11.11,0.54,2.51,False,False,True,손절,2,-1.146
032820,우리기술,2025-09-17,3935.0,4058.1,3856.41,4.97,9.38,0.48,3.91,True,False,False,미돌파,0,0.0
009520,포스코엠텍,2025-09-17,12830.0,13015.98,12690.25,2.503,3.85,0.89,0.54,False,False,True,손절,4,-1.12
082640,동양생명,2025-09-17,7700.0,7775.52,7524.54,3.228,15.0,0.46,-1.05,True,True,False,미돌파,0,0.0
005490,POSCO홀딩스,2025-09-17,283500.0,286572.0,280482.14,2.125,11.11,0.91,0.18,False,False,False,미돌파,0,0.0
003030,세아제강지주,2025-09-17,170500.0,172744.8,168007.86,2.742,2.7,1.48,6.42,True,False,False,미돌파,0,0.0
307950,현대오토에버,2025-09-17,170700.0,173646.6,168815.71,2.782,0.0,0.36,0.29,False,False,False,미돌파,0,0.0
112040,위메이드,2025-09-17,27950.0,28256.4,27706.25,1.947,12.5,1.13,0.53,False,False,True,추적청산,3,0.346
001430,세아베스틸지주,2025-09-17,26450.0,26553.0,25815.0,2.779,0.0,1.03,3.47,True,True,True,손절,3,-1.108
011200,HMM,2025-09-17,23500.0,23947.8,23295.27,2.725,10.0,0.83,1.05,False,False,False,미돌파,0,0.0
161890,한국콜마,2025-09-17,78900.0,79859.4,77841.79,2.526,0.0,0.89,-0.64,True,False,True,시간손절,5,-0.594
329180,HD현대중공업,2025-09-17,506000.0,509016.0,497025.0,2.356,0.0,0.51,-0.4,True,False,True,손절,1,-1.127
005300,롯데칠성,2025-09-17,120700.0,122244.0,119656.07,2.117,10.0,0.82,-2.81,True,False,False,미돌파,0,0.0
086280,현대글로비스,2025-09-17,184500.0,186171.6,181225.71,2.657,5.41,1.09,1.6,True,False,True,손절,2,-1.113
003530,한화투자증권,2025-09-17,6100.0,6132.24,5968.61,2.668,8.33,0.5,0.97,False,True,True,손절,3,-1.112
281740,레이크머티리얼즈,2025-09-17,12410.0,12665.28,12170.93,3.903,0.0,1.48,-2.82,True,False,True,추적청산,6,0.762
081660,미스토홀딩스,2025-09-17,41500.0,42033.9,41009.29,2.438,13.33,0.76,0.95,True,False,False,미돌파,0,0.0
213420,덕산네오룩스,2025-09-17,47000.0,47394.6,45963.39,3.02,9.52,0.54,2.39,True,False,True,손절,2,-1.099
041510,에스엠,2025-09-17,143500.0,146692.8,142049.64,3.165,0.0,0.62,-0.56,True,False,True,추적청산,3,0.405
457190,이수스페셜티케미컬,2025-09-17,46400.0,47144.1,45304.46,3.902,12.9,1.51,-3.0,True,False,False,미돌파,0,0.0
030530,원익홀딩스,2025-09-17,10850.0,11342.64,10244.04,9.686,4.26,0.5,7.97,False,False,False,미돌파,0,0.0
241710,코스메카코리아,2025-09-17,64400.0,65430.6,63299.29,3.257,6.25,0.52,1.98,False,False,True,추적청산,6,0.94
259960,크래프톤,2025-09-18,319500.0,320640.0,315089.29,1.731,12.5,0.93,1.54,True,True,False,미돌파,0,0.0
051900,LG생활건강,2025-09-18,292500.0,294588.0,290496.43,1.389,0.0,0.88,0.51,True,False,False,미돌파,0,0.0
141080,리가켐바이오,2025-09-18,147700.0,152404.2,144222.86,5.368,14.49,0.87,4.15,False,False,True,추적청산,5,0.554
009420,한올바이오파마,2025-09-18,32350.0,32815.5,31585.45,3.748,5.26,0.52,3.14,True,False,True,추적청산,4,0.42
083650,비에이치아이,2025-09-18,46950.0,47745.3,45182.86,5.367,2.5,0.78,7.76,True,False,True,손절,2,-1.056
415640,KB발해인프라,2025-09-18,8810.0,8867.7,8476.43,4.412,5.71,1.47,0.23,False,True,True,시간손절,5,-0.318
096770,SK이노베이션,2025-09-18,106700.0,106913.4,104785.0,1.991,12.5,0.82,1.66,True,True,False,미돌파,0,0.0
011210,현대위아,2025-09-18,51200.0,51603.0,50175.0,2.767,9.09,0.68,3.58,False,False,False,미돌파,0,0.0
000210,DL,2025-09-18,38100.0,38577.0,37763.12,2.11,0.0,0.53,1.55,False,False,False,미돌파,0,0.0
096530,씨젠,2025-09-18,26000.0,26152.2,25687.86,1.776,0.0,0.82,-1.96,True,False,True,추적청산,3,0.331
003230,삼양식품,2025-09-18,1585000.0,1608210.0,1559332.14,3.039,10.0,0.78,2.76,False,False,False,미돌파,0,0.0
082920,비츠로셀,2025-09-18,14610.0,15119.18,14255.22,5.714,10.04,2.14,-1.23,True,False,False,미돌파,0,0.0
032830,삼성생명,2025-09-18,154900.0,156111.6,150591.07,3.536,0.0,0.9,3.73,True,False,False,미돌파,0,0.0
010950,S-Oil,2025-09-18,58700.0,58917.6,58050.0,1.473,0.0,0.93,3.61,True,False,False,미돌파,0,0.0
000500,가온전선,2025-09-18,33118.0,33797.46,32738.81,3.132,6.71,1.2,3.4,False,False,False,미돌파,0,0.0
323280,태성,2025-09-18,26300.0,26853.6,25596.96,4.68,15.0,0.73,8.2,True,False,False,미돌파,0,0.0
079900,전진건설로봇,2025-09-18,48000.0,48546.9,47623.04,1.903,0.0,0.71,0.21,True,False,False,미돌파,0,0.0
006280,녹십자,2025-09-18,131800.0,132965.4,130878.57,1.569,13.33,1.26,1.13,False,False,True,추적청산,4,1.491
009450,경동나비엔,2025-09-18,78200.0,79158.0,76952.86,2.786,0.0,0.68,2.01,False,False,False,미돌파,0,0.0
326030,SK바이오팜,2025-09-18,107900.0,109218.0,106837.14,2.18,11.76,0.69,2.35,False,False,True,추적청산,3,0.362
003690,코리안리,2025-09-18,10880.0,10971.9,10752.39,2.001,12.5,0.63,2.86,False,False,True,추적청산,5,0.756
282330,BGF리테일,2025-09-18,109300.0,111222.0,108260.36,2.663,4.17,0.98,0.73,False,False,False,미돌파,0,0.0
001720,신영증권,2025-09-18,146000.0,147594.6,142628.21,3.365,10.81,0.46,2.28,True,False,False,미돌파,0,0.0
192080,더블유게임즈,2025-09-18,54500.0,55110.0,53924.29,2.152,11.11,0.64,3.02,False,False,False,미돌파,0,0.0
103590,일진전기,2025-09-18,36250.0,37023.9,35859.29,3.146,5.56,0.72,6.57,False,False,False,미돌파,0,0.0
000100,유한양행,2025-09-18,117000.0,118336.2,115913.21,2.048,11.11,0.69,1.6,False,False,True,추적청산,5,0.614
105560,KB금융,2025-09-18,117400.0,118536.6,115179.46,2.832,14.81,0.87,0.17,False,False,False,미돌파,0,0.0
161000,애경케미칼,2025-09-18,10100.0,10180.32,9954.09,2.222,12.5,0.86,2.32,True,False,True,손절,4,-1.135
067160,SOOP,2025-09-18,77100.0,77855.4,76393.21,1.878,9.09,1.16,1.78,False,False,False,미돌파,0,0.0
950160,코오롱티슈진,2025-09-18,45000.0,46041.9,43216.07,6.138,2.17,0.87,0.44,False,False,True,추적청산,6,0.904
005880,대한해운,2025-09-18,1809.0,1822.64,1776.02,2.558,2.7,0.64,1.15,False,False,False,미돌파,0,0.0
950160,코오롱티슈진,2025-09-19,45100.0,46593.0,43652.68,6.311,4.17,0.7,9.16,False,False,True,추적청산,5,0.794
112610,씨에스윈드,2025-09-19,44550.0,44839.5,43957.5,1.967,0.0,0.88,1.33,False,False,False,미돌파,0,0.0
082920,비츠로셀,2025-09-19,14534.0,14841.62,14382.57,3.093,7.06,1.09,0.86,True,False,False,미돌파,0,0.0
383220,F&F,2025-09-19,67500.0,68837.4,65698.93,4.559,14.81,0.88,3.16,False,False,False,미돌파,0,0.0
302440,SK바이오사이언스,2025-09-19,49450.0,50400.6,49013.75,2.752,14.29,0.73,5.63,True,False,False,미돌파,0,0.0
039130,하나투어,2025-09-19,52300.0,52905.6,51366.07,2.91,0.0,2.21,0.95,False,False,False,미돌파,0,0.0
003670,포스코퓨처엠,2025-09-19,141300.0,146692.8,136899.29,6.676,14.77,2.15,-5.84,True,False,False,미돌파,0,0.0
017960,한국카본,2025-09-19,32750.0,33015.9,31739.11,3.867,10.53,0.56,0.76,False,False,False,미돌파,0,0.0
207940,삼성바이오로직스,2025-09-19,1507066.0,1518927.79,1497804.48,1.391,10.0,1.49,1.35,True,False,False,미돌파,0,0.0
460930,현대힘스,2025-09-19,27250.0,27605.1,26185.0,5.144,14.29,0.26,7.63,False,True,False,미돌파,0,0.0
087010,펩트론,2025-09-19,289500.0,296091.0,285357.14,3.625,6.25,0.88,5.7,True,False,True,손절,1,-1.083
376300,디어유,2025-09-19,46750.0,47945.7,45762.14,4.554,5.41,0.89,2.6,False,False,False,미돌파,0,0.0
259960,크래프톤,2025-09-19,316500.0,319638.0,311110.71,2.668,14.29,1.83,1.86,True,False,False,미돌파,0,0.0
103590,일진전기,2025-09-19,36150.0,36773.4,35815.18,2.606,14.29,1.46,5.37,False,False,False,미돌파,0,0.0
028300,HLB,2025-09-19,39550.0,39979.8,38683.57,3.242,0.0,0.89,-1.28,True,False,False,미돌파,0,0.0
082740,한화엔진,2025-09-19,42850.0,43987.8,42103.93,4.283,3.45,0.5,4.03,False,False,True,손절,1,-1.07
001430,세아베스틸지주,2025-09-19,26100.0,26553.0,25775.18,2.929,0.0,1.21,2.25,True,False,False,미돌파,0,0.0
030520,한컴,2025-09-19,26600.0,27154.2,26240.18,3.366,6.67,1.32,0.56,False,False,False,미돌파,0,0.0
000080,하이트진로,2025-09-19,19160.0,19218.36,19090.78,0.664,14.29,1.39,1.49,False,True,False,미돌파,0,0.0
052400,코나아이,2025-09-19,50000.0,51202.2,49385.0,3.549,14.29,0.83,6.54,False,False,False,미돌파,0,0.0
018260,삼성에스디에스,2025-09-22,164500.0,165730.8,162305.36,2.067,12.0,0.66,1.85,False,False,True,추적청산,2,0.355
225570,넥슨게임즈,2025-09-22,14580.0,14749.44,14339.71,2.778,0.0,1.03,0.27,False,False,True,손절,1,-1.108
004490,세방전지,2025-09-22,63500.0,64027.8,62859.11,1.825,11.11,0.87,0.0,True,False,True,손절,4,-1.164
004800,효성,2025-09-22,89600.0,90180.0,88095.0,2.312,13.33,0.58,4.68,False,True,True,손절,2,-1.13
009420,한올바이오파마,2025-09-22,33100.0,33316.5,31939.73,4.132,4.55,0.63,0.9,True,True,True,손절,2,-1.073
278470,에이피알,2025-09-22,225000.0,230460.0,217521.43,5.614,13.64,1.08,-4.41,True,False,False,미돌파,0,0.0
015760,한국전력,2025-09-22,35900.0,36422.7,35505.36,2.519,14.29,0.74,2.45,False,False,True,시간손절,5,0.401
003380,하림지주,2025-09-22,7940.0,8056.08,7849.14,2.569,6.25,1.31,4.8,False,False,False,미돌파,0,0.0
009830,한화솔루션,2025-09-22,28014.0,28447.78,27760.31,2.417,0.0,0.55,3.1,False,False,True,손절,2,-1.124
001530,DI동일,2025-09-22,34905.0,35308.48,33841.84,4.154,11.55,0.74,1.48,False,False,False,미돌파,0,0.0
006650,대한유화,2025-09-22,114200.0,114829.2,110762.5,3.542,12.5,0.75,3.87,True,True,True,손절,2,-1.085
457190,이수스페셜티케미컬,2025-09-22,45600.0,46843.5,45161.96,3.59,14.29,0.8,-0.66,True,False,True,추적청산,4,0.998
207940,삼성바이오로직스,2025-09-22,1510009.0,1520402.74,1493389.48,1.777,0.0,0.83,1.35,False,False,True,손절,4,-1.425
003540,대신증권,2025-09-22,28150.0,28356.6,27675.98,2.4,0.0,0.74,1.75,True,False,False,미돌파,0,0.0
161000,애경케미칼,2025-09-22,10220.0,10290.54,10003.02,2.794,9.09,0.69,2.11,True,True,False,미돌파,0,0.0
005940,NH투자증권,2025-09-22,20650.0,20891.7,20357.86,2.555,12.5,0.66,4.62,False,False,False,미돌파,0,0.0
078600,대주전자재료,2025-09-22,69600.0,71242.2,69000.71,3.146,10.53,1.17,-0.72,True,False,False,미돌파,0,0.0
086280,현대글로비스,2025-09-22,177700.0,179758.8,174462.14,2.947,12.2,0.84,3.06,False,False,False,미돌파,0,0.0
185750,종근당,2025-09-22,83100.0,83867.4,81455.0,2.876,0.0,1.01,-0.61,True,False,True,손절,4,-1.104
001720,신영증권,2025-09-22,146000.0,148797.0,142513.93,4.223,1.96,0.52,4.33,True,False,False,미돌파,0,0.0
071050,한국금융지주,2025-09-22,158000.0,160320.0,154240.71,3.792,14.29,0.64,0.63,False,False,False,미돌파,0,0.0
029780,삼성카드,2025-09-22,51800.0,52705.2,51414.64,2.449,10.0,0.92,2.81,True,False,False,미돌파,0,0.0
006260,LS,2025-09-22,186000.0,189378.0,183925.89,2.879,0.0,0.73,0.96,False,False,True,손절,1,-1.104
030610,교보증권,2025-09-22,9640.0,9739.44,9437.46,3.101,0.0,0.67,3.6,False,False,False,미돌파,0,0.0
082740,한화엔진,2025-09-22,42900.0,44088.0,41463.04,5.954,2.27,0.53,3.81,False,False,True,손절,4,-1.05
034730,SK,2025-09-22,228500.0,231462.0,223826.79,3.299,8.33,0.38,1.93,False,False,False,미돌파,0,0.0
439260,대한조선,2025-09-22,81200.0,85170.0,78910.36,7.35,5.36,1.86,0.61,False,False,False,미돌파,0,0.0
015750,성우하이텍,2025-09-22,5810.0,5861.7,5753.61,1.844,0.0,0.58,1.53,True,False,False,미돌파,0,0.0
003030,세아제강지주,2025-09-23,163200.0,167133.6,161294.64,3.494,14.29,0.96,4.95,True,False,False,미돌파,0,0.0
009830,한화솔루션,2025-09-23,28250.0,28967.82,27991.77,3.369,11.72,1.14,0.33,False,False,False,미돌파,0,0.0
383310,에코프로에이치엔,2025-09-23,24150.0,24298.5,23656.25,2.643,10.0,0.98,2.82,True,False,True,손절,1,-1.114
003090,대웅,2025-09-23,25100.0,25350.6,24506.96,3.328,0.0,0.73,0.2,False,False,False,미돌파,0,0.0
007390,네이처셀,2025-09-23,20850.0,21317.55,20418.66,4.217,14.81,0.66,3.25,False,False,False,미돌파,0,0.0
052020,에스티큐브,2025-09-23,7410.0,7675.32,7106.18,7.415,6.25,1.14,10.51,True,False,False,미돌파,0,0.0
029780,삼성카드,2025-09-23,51500.0,52605.0,51012.5,3.027,0.0,1.03,4.28,False,False,False,미돌파,0,0.0
348370,엔켐,2025-09-23,77200.0,78456.6,76122.14,2.975,5.88,0.44,3.86,False,False,True,손절,1,-1.101
001800,오리온홀딩스,2025-09-23,20800.0,21142.2,20614.29,2.497,12.5,0.58,4.37,False,False,False,미돌파,0,0.0
085660,차바이오텍,2025-09-23,11090.0,11182.32,10954.3,2.039,12.5,0.76,2.2,True,False,False,미돌파,0,0.0
088350,한화생명,2025-09-23,3250.0,3316.62,3190.21,3.811,4.76,0.96,5.8,False,False,False,미돌파,0,0.0
100840,SNT에너지,2025-09-23,55600.0,58015.8,53740.36,7.369,5.41,0.81,6.87,True,False,False,미돌파,0,0.0
484870,엠앤씨솔루션,2025-09-23,68166.0,70473.67,66418.57,5.754,5.01,0.59,6.19,True,False,True,추적청산,7,0.739
014620,성광벤드,2025-09-23,31850.0,32815.5,31286.96,4.658,8.33,0.43,2.45,True,False,True,추적청산,2,0.436
010060,OCI홀딩스,2025-09-23,97300.0,100200.0,95865.36,4.326,13.89,0.83,1.82,False,False,False,미돌파,0,0.0
139480,이마트,2025-09-23,77200.0,77454.6,75528.93,2.486,13.33,1.02,0.26,True,True,False,미돌파,0,0.0
161390,한국타이어앤테크놀로지,2025-09-23,38550.0,39027.9,38301.96,1.86,0.0,0.54,1.41,False,False,False,미돌파,0,0.0
011780,금호석유화학,2025-09-23,105400.0,106612.8,104776.43,1.722,7.69,0.8,3.66,True,False,False,미돌파,0,0.0
005300,롯데칠성,2025-09-23,118400.0,119538.6,117577.5,1.641,7.14,0.59,2.15,False,False,False,미돌파,0,0.0
417200,LS머트리얼즈,2025-09-23,10130.0,10260.48,9964.75,2.882,12.5,1.45,2.22,False,False,False,미돌파,0,0.0
192400,쿠쿠홀딩스,2025-09-23,32400.0,32715.3,31196.43,4.643,8.0,1.7,4.57,False,False,False,미돌파,0,0.0
300720,한일시멘트,2025-09-23,19750.0,19959.84,19488.71,2.36,14.71,0.72,1.0,False,False,False,미돌파,0,0.0
009540,HD한국조선해양,2025-09-23,399500.0,405309.0,392550.0,3.148,10.0,0.42,3.97,False,False,True,손절,3,-1.095
012450,한화에어로스페이스,2025-09-23,1004000.0,1026048.0,994167.86,3.107,4.0,0.8,3.55,False,False,True,추적청산,3,0.403
298050,HS효성첨단소재,2025-09-23,188600.0,189578.4,186613.93,1.564,5.0,0.84,1.92,True,False,False,미돌파,0,0.0
329180,HD현대중공업,2025-09-23,494500.0,499998.0,488792.86,2.241,6.25,0.49,1.69,False,False,True,추적청산,3,0.366
005690,파미셀,2025-09-23,12650.0,12925.8,12387.82,4.162,15.0,0.73,2.69,False,False,False,미돌파,0,0.0
004800,효성,2025-09-23,89900.0,91683.0,88792.86,3.152,4.35,0.79,3.02,False,False,False,미돌파,0,0.0
010170,대한광통신,2025-09-24,1453.0,1534.06,1400.58,8.702,14.41,1.01,7.1,False,False,True,손절,1,-1.034
033240,자화전자,2025-09-24,21300.0,21442.8,19844.32,7.455,3.57,1.25,4.91,True,True,True,시간손절,5,-0.755
103140,풍산,2025-09-24,124900.0,126753.0,122672.86,3.219,0.0,0.67,5.45,True,False,True,추적청산,2,0.407
322000,HD현대에너지솔루션,2025-09-24,51100.0,52204.2,49628.75,4.933,14.29,0.56,0.2,False,False,True,손절,2,-1.061
213420,덕산네오룩스,2025-09-24,47750.0,48947.7,46357.68,5.291,11.63,0.6,-1.6,True,False,False,미돌파,0,0.0
093370,후성,2025-09-24,6160.0,6272.52,6037.46,3.747,11.11,0.37,0.48,False,False,False,미돌파,0,0.0
489790,한화비전,2025-09-24,57700.0,58216.2,56252.86,3.373,6.67,0.83,6.18,False,False,False,미돌파,0,0.0
064960,SNT모티브,2025-09-24,35400.0,35771.4,34693.75,3.013,6.25,0.45,6.1,False,False,False,미돌파,0,0.0
051900,LG생활건강,2025-09-24,285500.0,286572.0,281448.21,1.788,12.5,0.72,2.06,True,True,False,미돌파,0,0.0
079940,가비아,2025-09-24,27350.0,30060.0,25651.96,14.664,7.32,1.37,7.76,False,False,False,미돌파,0,0.0
119850,지엔씨에너지,2025-09-24,32650.0,34569.0,31353.75,9.301,12.28,2.51,3.55,True,False,False,미돌파,0,0.0
122870,와이지엔터테인먼트,2025-09-24,97800.0,98596.8,94823.93,3.827,9.38,1.16,0.0,True,True,False,미돌파,0,0.0
052400,코나아이,2025-09-24,48550.0,49498.8,47973.57,3.081,8.7,0.55,2.12,True,False,True,손절,1,-1.097
028670,팬오션,2025-09-24,3950.0,3967.92,3884.75,2.096,8.33,0.8,3.89,False,True,True,손절,2,-1.143
295310,에이치브이엠,2025-09-24,24750.0,25250.4,24351.61,3.56,7.14,0.5,3.32,True,False,False,미돌파,0,0.0
028670,팬오션,2025-09-25,3955.0,3987.96,3899.97,2.206,0.0,0.73,4.93,False,False,False,미돌파,0,0.0
229640,LS에코에너지,2025-09-25,38900.0,39228.3,38192.14,2.641,0.0,0.79,0.89,False,False,False,미돌파,0,0.0
035760,CJ ENM,2025-09-25,75500.0,76152.0,73927.14,2.922,5.88,0.92,1.95,True,False,True,손절,1,-1.103
056190,SFA,2025-09-25,24900.0,25450.8,24570.89,3.457,14.29,1.68,4.78,False,False,False,미돌파,0,0.0
006800,미래에셋증권,2025-09-25,20311.0,20850.62,19737.66,5.338,5.41,0.91,9.74,False,False,True,추적청산,4,0.582
000120,CJ대한통운,2025-09-25,83000.0,83266.2,81892.14,1.65,0.0,0.59,2.92,False,True,False,미돌파,0,0.0
004800,효성,2025-09-25,86300.0,86673.0,83571.43,3.578,8.0,0.54,4.85,False,True,True,시간손절,5,-0.301
029780,삼성카드,2025-09-25,51500.0,52104.0,50805.0,2.493,0.0,0.78,3.2,False,False,False,미돌파,0,0.0
204320,HL만도,2025-09-25,34750.0,34969.8,34384.82,1.673,12.5,0.47,2.25,False,False,False,미돌파,0,0.0
003550,LG,2025-09-25,74500.0,75250.2,73979.29,1.689,0.0,0.77,3.25,True,False,False,미돌파,0,0.0
058610,에스피지,2025-09-25,27200.0,28256.4,26564.11,5.989,13.79,1.03,3.37,False,False,False,미돌파,0,0.0
000990,DB하이텍,2025-09-25,57100.0,57815.4,54891.25,5.058,0.0,1.14,0.17,False,False,False,미돌파,0,0.0
383220,F&F,2025-09-25,65300.0,65831.4,64327.86,2.284,0.0,0.96,4.95,False,False,False,미돌파,0,0.0
078600,대주전자재료,2025-09-25,68800.0,69338.4,67993.21,1.94,10.0,1.38,2.96,False,False,False,미돌파,0,0.0
085660,차바이오텍,2025-09-25,10930.0,11022.0,10745.59,2.508,0.0,0.82,1.97,False,False,True,추적청산,2,0.38
098460,고영,2025-09-25,15320.0,15721.38,15142.43,3.683,0.0,0.59,1.61,True,False,False,미돌파,0,0.0
022100,포스코DX,2025-09-25,22150.0,22344.6,21775.0,2.549,11.11,1.05,3.49,False,False,False,미돌파,0,0.0
007660,이수페타시스,2025-09-25,75300.0,77955.6,74162.5,4.866,10.0,0.57,3.59,False,False,False,미돌파,0,0.0
298020,효성티앤씨,2025-09-25,218000.0,219939.0,215298.21,2.11,0.0,0.88,2.24,False,False,False,미돌파,0,0.0
035900,JYP Ent.,2025-09-25,74200.0,75450.6,73743.93,2.262,0.0,0.75,3.76,False,False,True,추적청산,2,0.367
214370,케어젠,2025-09-25,60800.0,62825.4,58556.43,6.795,2.94,1.01,5.59,True,False,False,미돌파,0,0.0
348370,엔켐,2025-09-25,76200.0,77755.2,75024.29,3.512,14.29,0.64,5.34,True,False,False,미돌파,0,0.0
065350,신성델타테크,2025-09-25,58700.0,59318.4,58194.29,1.895,0.0,0.53,2.98,False,False,False,미돌파,0,0.0
388720,유일로보틱스,2025-09-25,72100.0,76552.8,70700.71,7.645,7.69,2.05,5.01,False,False,False,미돌파,0,0.0
071050,한국금융지주,2025-09-25,147000.0,149899.2,145172.14,3.153,8.57,0.84,6.73,True,False,False,미돌파,0,0.0
034730,SK,2025-09-25,209500.0,213426.0,204660.71,4.107,7.14,0.83,8.91,False,False,True,손절,1,-1.073
328130,루닛,2025-09-25,19570.0,19796.51,19183.02,3.099,4.9,0.56,2.79,False,False,False,미돌파,0,0.0
094170,동운아나텍,2025-09-25,18100.0,18306.54,17903.11,2.204,12.9,1.09,0.88,False,False,False,미돌파,0,0.0
006730,서부T&D,2025-09-25,10520.0,10721.4,10243.7,4.456,0.0,0.6,6.82,True,False,False,미돌파,0,0.0
039030,이오테크닉스,2025-09-25,235000.0,239979.0,230392.86,3.995,0.0,0.54,4.28,False,False,False,미돌파,0,0.0
005380,현대차,2025-09-25,217000.0,217935.0,214953.57,1.368,0.0,0.9,0.69,False,False,False,미돌파,0,0.0
213420,덕산네오룩스,2025-09-25,47150.0,48396.6,46306.07,4.32,6.06,0.69,-0.11,True,False,False,미돌파,0,0.0
222080,SFA넥셀,2025-09-25,6820.0,6903.78,6759.11,2.096,9.09,0.71,0.15,False,False,False,미돌파,0,0.0
048410,현대바이오,2025-09-25,5570.0,5631.24,5481.93,2.651,9.09,0.39,0.71,False,False,False,미돌파,0,0.0
090460,비에이치,2025-09-25,18630.0,19158.24,18351.71,4.21,0.0,0.44,-5.49,True,False,False,미돌파,0,0.0
033240,자화전자,2025-09-25,21050.0,21543.0,20591.64,4.416,6.67,0.74,3.44,False,False,False,미돌파,0,0.0
183300,코미코,2025-09-26,48334.0,48838.48,46801.83,4.17,6.46,1.03,6.32,False,False,True,추적청산,4,0.567
004800,효성,2025-09-26,85600.0,88075.8,83551.07,5.137,12.82,0.84,4.36,False,False,False,미돌파,0,0.0
000990,DB하이텍,2025-09-26,56300.0,57815.4,55276.79,4.391,15.0,1.02,3.6,False,False,False,미돌파,0,0.0
294870,IPARK현대산업개발,2025-09-26,20250.0,20440.8,19980.36,2.253,14.29,0.46,3.34,False,False,True,손절,4,-1.133
055550,신한지주,2025-09-26,69200.0,70039.8,68550.36,2.127,0.0,1.23,0.86,False,False,True,추적청산,6,0.614
044490,태웅,2025-09-26,31000.0,31412.7,30093.39,4.2,0.0,0.45,2.05,True,False,False,미돌파,0,0.0
499790,GS피앤엘,2025-09-26,50800.0,51803.4,48945.0,5.518,0.0,0.89,9.61,False,False,True,손절,3,-1.054
267250,HD현대,2025-09-26,150600.0,154207.8,147310.36,4.473,10.34,0.92,6.63,False,False,True,추적청산,6,0.635
001430,세아베스틸지주,2025-09-26,24950.0,25350.6,24344.46,3.969,11.76,0.56,4.41,True,False,False,미돌파,0,0.0
145020,휴젤,2025-09-26,294500.0,295590.0,287505.36,2.735,0.0,0.75,6.06,True,True,True,손절,4,-1.11
099320,쎄트렉아이,2025-09-26,69900.0,71943.6,67652.86,5.964,8.57,0.81,1.41,False,False,False,미돌파,0,0.0
192080,더블유게임즈,2025-09-26,52600.0,53607.0,52021.07,2.958,0.0,1.08,3.31,False,False,False,미돌파,0,0.0
003230,삼양식품,2025-09-26,1466000.0,1499994.0,1423260.71,5.116,14.93,1.28,5.66,True,False,True,추적청산,5,0.383
028260,삼성물산,2025-09-26,187900.0,189678.6,184968.93,2.483,14.71,0.78,4.33,True,False,True,손절,2,-1.121
021240,코웨이,2025-09-26,100000.0,102103.8,98762.14,3.273,11.54,0.74,5.3,False,False,False,미돌파,0,0.0
175330,JB금융지주,2025-09-26,22900.0,23196.3,22555.18,2.764,10.0,0.59,5.18,True,False,True,손절,2,-1.429
475830,오름테라퓨틱,2025-09-26,31800.0,32665.2,30966.07,5.202,11.11,0.94,11.67,False,False,True,추적청산,7,0.879
300720,한일시멘트,2025-09-26,19190.0,19428.78,18951.25,2.458,11.11,0.62,3.86,False,False,True,손절,4,-1.122
241560,두산밥캣,2025-09-26,54400.0,55310.4,53403.93,3.447,0.0,1.8,3.2,False,False,False,미돌파,0,0.0
041510,에스엠,2025-09-26,131700.0,135270.0,129641.43,4.161,2.17,0.95,13.92,True,False,False,미돌파,0,0.0
001120,LX인터내셔널,2025-09-26,31800.0,31963.8,31313.21,2.035,0.0,1.18,0.93,False,False,True,손절,3,-1.147
004490,세방전지,2025-09-26,63300.0,63727.2,62453.75,1.998,10.0,2.17,0.16,False,False,True,추적청산,3,0.35
005830,DB손해보험,2025-09-26,138800.0,142083.6,136916.07,3.637,9.3,0.9,1.42,False,False,True,손절,3,-1.082
039030,이오테크닉스,2025-09-26,231000.0,236472.0,223887.5,5.322,0.0,0.66,5.13,False,False,True,추적청산,7,0.862
087010,펩트론,2025-09-26,277500.0,283566.0,269466.07,4.972,0.0,0.6,4.15,True,False,True,추적청산,5,0.81
064760,티씨케이,2025-09-26,156900.0,159618.6,150586.43,5.659,1.35,1.33,1.51,False,False,True,추적청산,7,1.68
007390,네이처셀,2025-09-26,20200.0,20440.8,19590.62,4.159,7.69,0.64,3.58,True,False,True,시간손절,5,0.056
004000,롯데정밀화학,2025-09-26,47000.0,48196.2,46379.82,3.769,10.0,0.67,4.86,False,False,False,미돌파,0,0.0
131970,두산테스나,2025-09-29,39950.0,40831.5,39237.5,3.904,8.0,0.38,3.5,False,False,True,추적청산,6,1.731
090360,로보스타,2025-09-29,45650.0,47645.1,44489.82,6.622,6.12,0.68,7.22,False,False,False,미돌파,0,0.0
069960,현대백화점,2025-09-29,89200.0,90079.8,87399.29,2.976,14.29,0.66,0.34,False,False,False,미돌파,0,0.0
101490,에스앤에스텍,2025-09-29,49850.0,50701.2,49062.5,3.232,8.33,0.49,7.86,False,False,False,미돌파,0,0.0
475830,오름테라퓨틱,2025-09-29,32550.0,33266.4,31911.79,4.072,5.0,0.41,5.79,True,False,True,추적청산,3,0.426
047040,대우건설,2025-09-29,3600.0,3632.25,3565.89,1.827,0.0,0.46,2.31,False,False,False,미돌파,0,0.0
140410,메지온,2025-09-29,66000.0,66733.2,63518.21,4.818,12.0,0.38,0.6,False,True,False,미돌파,0,0.0
004170,신세계,2025-09-29,189400.0,192384.0,186176.43,3.227,2.04,0.73,5.54,False,False,False,미돌파,0,0.0
034020,두산에너빌리티,2025-09-29,62900.0,64328.4,61699.29,4.087,9.52,0.64,-0.8,True,False,False,미돌파,0,0.0
039200,오스코텍,2025-09-29,42950.0,43587.0,40789.46,6.418,10.64,0.98,1.94,False,False,True,추적청산,4,0.768
267260,HD현대일렉트릭,2025-09-29,578000.0,582162.0,563528.57,3.201,14.29,0.67,1.2,False,False,True,추적청산,6,2.066
094170,동운아나텍,2025-09-29,17720.0,17845.62,17431.82,2.319,9.38,1.22,1.56,True,False,False,미돌파,0,0.0
192820,코스맥스,2025-09-29,228000.0,232965.0,225321.43,3.281,8.33,0.68,6.37,False,False,False,미돌파,0,0.0
093370,후성,2025-09-29,5870.0,5991.96,5785.54,3.445,13.33,0.28,3.93,False,False,False,미돌파,0,0.0
403870,HPSP,2025-09-29,34100.0,34569.0,32988.57,4.572,8.0,0.55,0.44,False,False,False,미돌파,0,0.0
298380,에이비엘바이오,2025-09-29,93300.0,94087.8,90288.93,4.038,0.0,0.36,13.85,False,False,False,미돌파,0,0.0
085660,차바이오텍,2025-09-29,11080.0,11292.54,10955.38,2.986,7.41,0.68,0.27,True,False,False,미돌파,0,0.0
035250,강원랜드,2025-09-29,18080.0,18276.48,17912.93,1.989,10.34,0.66,-0.06,True,False,True,손절,4,-1.151
347700,스피어,2025-09-29,10090.0,10130.22,9436.54,6.848,6.78,0.72,4.72,True,True,True,추적청산,2,0.456
006400,삼성SDI,2025-09-29,206000.0,208416.0,203633.21,2.295,14.29,0.51,0.72,True,False,True,손절,2,-1.131
000270,기아,2025-09-29,100700.0,101402.4,99748.21,1.631,8.33,0.73,1.18,True,False,True,추적청산,4,0.225
358570,지아이이노베이션,2025-09-29,18950.0,19288.5,18062.54,6.356,2.94,1.09,4.29,False,False,True,시간손절,5,-0.274
086790,하나금융지주,2025-09-29,88800.0,89478.6,87877.5,1.789,9.09,0.9,1.77,False,False,False,미돌파,0,0.0
443060,HD현대마린솔루션,2025-09-29,205000.0,207414.0,199893.75,3.626,8.33,0.54,-0.74,True,False,True,추적청산,8,1.786
005940,NH투자증권,2025-09-29,19590.0,19949.82,19404.05,2.736,0.0,0.96,5.13,False,False,False,미돌파,0,0.0
293490,카카오게임즈,2025-09-29,15860.0,16132.2,15752.54,2.353,3.33,0.66,2.4,False,False,False,미돌파,0,0.0
214320,이노션,2025-09-29,18180.0,18316.56,18087.64,1.25,12.5,0.68,0.49,True,False,False,미돌파,0,0.0
080220,제주반도체,2025-09-29,18380.0,18897.72,17940.36,5.066,7.59,0.52,7.27,False,False,False,미돌파,0,0.0
088350,한화생명,2025-09-29,3145.0,3196.38,3120.27,2.381,9.09,0.52,3.82,False,False,False,미돌파,0,0.0
048410,현대바이오,2025-09-29,5450.0,5531.04,5392.14,2.511,10.0,0.32,7.47,False,False,False,미돌파,0,0.0
310210,보로노이,2025-09-29,156500.0,158316.0,149733.93,5.421,8.7,0.47,5.84,True,False,True,추적청산,5,0.601
001720,신영증권,2025-09-29,132800.0,135570.6,128127.14,5.49,1.61,0.43,9.04,True,False,False,미돌파,0,0.0
030610,교보증권,2025-09-29,9100.0,9338.64,8931.0,4.365,14.29,0.56,5.6,False,False,False,미돌파,0,0.0
028670,팬오션,2025-09-29,3915.0,3957.9,3829.43,3.246,14.29,1.23,2.61,False,False,False,미돌파,0,0.0
211050,인카금융서비스,2025-09-29,12790.0,12915.78,12217.89,5.403,0.0,1.02,2.59,False,False,False,미돌파,0,0.0
207940,삼성바이오로직스,2025-09-29,1476159.0,1489433.92,1466566.38,1.535,9.09,0.91,2.24,False,False,False,미돌파,0,0.0
108320,LX세미콘,2025-09-29,55500.0,56412.6,54378.21,3.606,0.0,0.6,0.36,False,False,False,미돌파,0,0.0
000370,한화손해보험,2025-09-29,5700.0,5781.54,5556.82,3.887,11.76,0.53,5.16,False,False,False,미돌파,0,0.0
237690,에스티팜,2025-09-29,89600.0,90180.0,87568.21,2.896,5.0,0.29,5.49,True,False,False,미돌파,0,0.0
225570,넥슨게임즈,2025-09-29,13970.0,14248.44,13834.82,2.903,12.12,0.77,4.18,False,False,True,추적청산,2,0.084
011790,SKC,2025-09-29,93241.0,94840.3,91403.3,3.624,10.34,0.67,5.79,False,False,True,추적청산,5,0.417
024110,기업은행,2025-09-29,19500.0,19709.34,19403.48,1.552,4.76,0.85,1.32,True,False,False,미돌파,0,0.0
218410,RFHIC,2025-09-29,29250.0,30009.9,28721.61,4.293,14.29,0.51,9.02,False,False,False,미돌파,0,0.0
259960,크래프톤,2025-09-29,298000.0,302103.0,296041.07,2.007,0.0,0.75,3.56,False,False,False,미돌파,0,0.0
007340,DN오토모티브,2025-09-29,22700.0,23446.8,22282.68,4.965,10.0,1.03,2.78,False,False,False,미돌파,0,0.0
004800,효성,2025-09-29,85000.0,85871.4,83768.21,2.449,6.67,0.41,5.13,False,False,False,미돌파,0,0.0
098460,고영,2025-09-29,14700.0,14929.8,14541.14,2.603,10.71,0.39,5.59,False,False,False,미돌파,0,0.0
101160,월덱스,2025-09-29,23150.0,23647.2,22741.96,3.828,7.14,1.24,5.12,False,False,True,추적청산,6,1.473
000250,삼천당제약,2025-09-29,220000.0,222444.0,211980.36,4.704,12.5,0.71,14.4,True,True,False,미돌파,0,0.0
122870,와이지엔터테인먼트,2025-09-29,100400.0,101302.2,98363.93,2.901,13.04,0.75,-1.31,True,False,False,미돌파,0,0.0
082920,비츠로셀,2025-09-29,14887.0,15321.58,14633.79,4.489,4.5,0.55,-2.78,True,False,False,미돌파,0,0.0
007810,코리아써키트,2025-09-29,16580.0,16903.74,16158.04,4.411,3.51,0.59,9.65,False,False,True,추적청산,5,1.509
383800,LX홀딩스,2025-09-29,7710.0,7795.56,7656.43,1.785,10.0,0.53,3.87,False,False,False,미돌파,0,0.0
009450,경동나비엔,2025-09-29,73000.0,73346.4,71750.36,2.176,8.33,0.97,4.45,True,True,True,손절,5,-1.138
307950,현대오토에버,2025-09-29,152700.0,154308.0,149071.43,3.394,11.9,1.13,7.17,True,False,True,손절,5,-1.121
241560,두산밥캣,2025-09-29,54900.0,55410.6,54302.86,1.999,12.5,0.66,1.44,True,False,True,추적청산,6,0.481
079900,전진건설로봇,2025-09-29,45100.0,45490.8,44229.46,2.773,9.52,0.6,5.75,True,False,True,손절,3,-1.108
126340,비나텍,2025-09-30,47320.0,48972.75,45915.2,6.243,4.16,0.53,16.18,False,False,True,추적청산,3,0.643
298040,효성중공업,2025-09-30,1340000.0,1355706.0,1318671.43,2.732,11.11,0.64,4.08,False,False,True,추적청산,21,12.653
440110,파두,2025-09-30,22100.0,23697.3,21387.5,9.747,2.5,1.5,11.42,False,False,False,미돌파,0,0.0
226950,올릭스,2025-09-30,95000.0,98296.2,92092.86,6.311,12.0,0.39,10.12,False,False,True,손절,2,-1.048
005440,현대지에프홀딩스,2025-09-30,8030.0,8126.22,7741.29,4.737,6.45,0.62,3.72,False,False,True,손절,3,-1.063
018670,SK가스,2025-09-30,231500.0,233466.0,228083.93,2.305,12.5,0.67,1.7,False,False,True,추적청산,4,0.28
079900,전진건설로봇,2025-09-30,45350.0,45791.4,44875.18,2.001,7.14,0.62,4.53,False,False,False,미돌파,0,0.0
095610,테스,2025-09-30,43200.0,44288.4,41729.82,5.777,14.29,0.54,2.48,False,False,False,미돌파,0,0.0
081660,미스토홀딩스,2025-09-30,38550.0,39278.4,38073.21,3.068,5.26,0.63,2.65,True,False,False,미돌파,0,0.0
302440,SK바이오사이언스,2025-09-30,46800.0,47444.7,46359.82,2.287,12.5,0.5,5.26,True,False,True,손절,3,-1.131
017800,현대엘리베이터,2025-09-30,80000.0,81562.8,77635.18,4.815,5.88,1.19,3.03,False,False,True,손절,2,-1.062
005290,동진쎄미켐,2025-09-30,41150.0,42033.9,40707.32,3.156,5.0,0.59,0.48,False,False,True,추적청산,5,1.41
100840,SNT에너지,2025-09-30,54400.0,56011.8,52103.93,6.977,12.12,0.6,2.16,False,False,False,미돌파,0,0.0
475960,토모큐브,2025-09-30,48600.0,50701.2,47006.25,7.288,3.28,0.69,-3.18,True,False,True,추적청산,2,0.459
290650,엘앤씨바이오,2025-09-30,54000.0,56713.2,51634.64,8.955,10.0,0.38,6.09,True,False,False,미돌파,0,0.0
204320,HL만도,2025-09-30,33600.0,34017.9,33393.39,1.836,11.11,0.53,4.68,True,False,False,미돌파,0,0.0
005490,POSCO홀딩스,2025-09-30,276000.0,278556.0,274750.0,1.366,0.0,0.55,0.9,False,False,False,미돌파,0,0.0
004990,롯데지주,2025-09-30,28950.0,29208.3,28387.68,2.81,8.33,0.57,5.7,True,False,False,미돌파,0,0.0
001430,세아베스틸지주,2025-09-30,25200.0,25350.6,24799.82,2.173,12.5,0.48,1.56,False,True,False,미돌파,0,0.0
030520,한컴,2025-09-30,25600.0,25951.8,24919.29,3.979,11.76,0.81,6.06,False,False,True,손절,5,-1.075
232140,와이씨,2025-09-30,13500.0,13707.36,13158.75,4.002,4.76,0.39,2.32,False,False,True,추적청산,4,1.02
005300,롯데칠성,2025-09-30,115300.0,116532.6,114166.79,2.03,0.0,0.83,2.62,True,False,False,미돌파,0,0.0
003530,한화투자증권,2025-09-30,6370.0,6703.38,5892.96,12.09,5.33,6.18,-9.45,True,False,False,미돌파,0,0.0
010060,OCI홀딩스,2025-09-30,88400.0,90881.4,87228.57,4.019,13.33,0.67,9.15,False,False,False,미돌파,0,0.0
000640,동아쏘시오홀딩스,2025-09-30,112466.0,113859.26,111283.36,2.262,0.0,0.44,0.09,False,False,False,미돌파,0,0.0
122640,예스티,2025-09-30,18750.0,19178.28,18346.46,4.337,1.56,0.5,8.76,False,False,False,미돌파,0,0.0
071320,지역난방공사,2025-09-30,90300.0,92083.8,87984.29,4.452,2.86,1.24,1.42,False,False,False,미돌파,0,0.0
267250,HD현대,2025-09-30,155400.0,156813.0,152226.43,2.925,5.71,0.88,1.96,True,False,True,추적청산,3,0.397
078930,GS,2025-09-30,45950.0,46643.1,45628.57,2.175,6.67,0.68,-1.1,True,False,False,미돌파,0,0.0
031330,에스에이엠티,2025-09-30,3355.0,3376.74,3292.09,2.507,7.69,0.99,0.59,False,False,True,추적청산,5,1.256
052400,코나아이,2025-09-30,47850.0,49047.9,47215.54,3.736,13.79,0.62,1.64,True,False,False,미돌파,0,0.0
000150,두산,2025-09-30,541000.0,547092.0,526003.57,3.855,12.5,0.86,8.31,False,False,True,추적청산,5,1.108
017670,SK텔레콤,2025-09-30,54300.0,54809.4,54118.57,1.26,0.0,1.45,1.27,False,False,False,미돌파,0,0.0
383800,LX홀딩스,2025-09-30,7720.0,7775.52,7636.86,1.783,10.0,0.61,3.02,True,False,False,미돌파,0,0.0
064960,SNT모티브,2025-09-30,34350.0,35220.3,33615.89,4.555,11.54,0.82,3.78,False,False,True,손절,3,-1.066
071050,한국금융지주,2025-09-30,145000.0,146893.2,142769.64,2.807,13.33,0.47,5.84,False,False,False,미돌파,0,0.0
252990,샘씨엔에스,2025-09-30,6920.0,7064.1,6676.2,5.491,6.45,0.92,6.74,False,False,True,추적청산,4,0.582
041960,코미팜,2025-09-30,6300.0,6402.78,6109.71,4.577,0.0,0.74,6.53,True,False,True,시간손절,5,-0.826
001040,CJ,2025-09-30,183500.0,186271.8,180580.71,3.055,12.2,0.35,6.95,False,False,True,손절,1,-1.098
085660,차바이오텍,2025-09-30,11080.0,11142.24,10885.59,2.303,10.53,0.52,0.09,False,False,True,추적청산,3,0.37
079160,CJ CGV,2025-09-30,4900.0,4944.87,4767.8,3.581,11.11,0.37,6.84,False,True,True,추적청산,7,1.024
062040,산일전기,2025-09-30,110100.0,111222.0,106731.07,4.038,11.76,0.49,9.9,False,False,True,손절,2,-1.074
099320,쎄트렉아이,2025-09-30,68900.0,69639.0,66022.86,5.193,0.0,0.41,1.43,False,False,True,손절,2,-1.058
003030,세아제강지주,2025-09-30,158700.0,160921.2,155306.79,3.489,10.87,0.8,2.76,False,False,False,미돌파,0,0.0
005940,NH투자증권,2025-09-30,19420.0,19619.16,19178.66,2.245,3.23,0.6,3.62,False,False,False,미돌파,0,0.0
267270,HD건설기계,2025-09-30,92900.0,93787.2,91209.29,2.749,10.53,0.48,5.3,False,False,True,손절,2,-1.109
145020,휴젤,2025-10-01,297500.0,303606.0,294037.5,3.152,13.33,1.26,3.09,False,False,False,미돌파,0,0.0
214320,이노션,2025-10-01,18210.0,18336.6,18158.93,0.969,0.0,0.67,0.55,False,False,False,미돌파,0,0.0
112040,위메이드,2025-10-01,26800.0,27104.1,25885.36,4.497,14.29,0.48,0.0,True,False,True,손절,3,-1.067
017670,SK텔레콤,2025-10-01,54400.0,54709.2,54220.71,0.893,0.0,0.73,1.27,False,False,True,손절,2,-1.583
002790,아모레퍼시픽홀딩스,2025-10-01,26600.0,26853.6,26307.86,2.032,12.5,0.79,0.19,False,False,True,손절,2,-1.254
267270,HD건설기계,2025-10-01,93000.0,94689.0,91411.43,3.461,3.85,0.74,5.58,False,False,True,손절,1,-1.087
086450,동국제약,2025-10-01,19120.0,19178.28,18405.75,4.028,7.94,0.46,1.24,False,True,True,손절,3,-1.074
036810,에프에스티,2025-10-01,29750.0,30554.99,29124.59,4.681,4.49,0.47,7.83,False,False,True,추적청산,8,1.663
086900,메디톡스,2025-10-01,119400.0,120741.0,117712.5,2.508,0.0,0.77,3.48,True,False,True,손절,3,-1.124
001270,부국증권,2025-10-01,65100.0,66833.4,63335.36,5.234,10.71,0.13,0.15,True,False,True,손절,2,-1.057
087010,펩트론,2025-10-01,299000.0,305109.0,291557.14,4.442,9.52,0.6,-3.1,True,False,True,손절,2,-1.068
006360,GS건설,2025-10-01,18500.0,18787.5,18348.41,2.337,2.86,0.99,1.49,False,False,False,미돌파,0,0.0
011790,SKC,2025-10-01,95967.0,98136.88,94483.14,3.723,6.45,0.81,0.29,True,False,True,손절,3,-1.081
000100,유한양행,2025-10-01,119800.0,122344.2,118095.89,3.472,2.86,0.82,0.25,True,False,False,미돌파,0,0.0
124500,아이티센글로벌,2025-10-01,17710.0,18216.36,17115.18,6.045,9.09,0.68,1.45,False,False,True,추적청산,5,2.032
373220,LG에너지솔루션,2025-10-01,347500.0,351702.0,339575.0,3.448,15.0,0.67,0.14,False,False,True,추적청산,16,5.93
032820,우리기술,2025-10-01,4000.0,4168.32,3927.61,5.775,12.82,0.31,12.09,False,False,False,미돌파,0,0.0
009540,HD한국조선해양,2025-10-01,414500.0,424347.0,409216.07,3.566,0.0,1.07,-1.72,True,False,False,미돌파,0,0.0
041960,코미팜,2025-10-01,6450.0,6533.04,6260.68,4.169,0.0,0.28,5.98,False,False,True,손절,3,-1.072
067160,SOOP,2025-10-01,74700.0,75350.4,73797.5,2.061,0.0,0.7,-0.27,True,False,False,미돌파,0,0.0
326030,SK바이오팜,2025-10-01,103200.0,105610.8,102056.79,3.365,3.57,0.62,3.82,False,False,False,미돌파,0,0.0
031980,피에스케이홀딩스,2025-10-01,45750.0,46542.9,44365.71,4.678,11.43,0.58,6.63,False,False,True,추적청산,4,0.885
042660,한화오션,2025-10-01,110400.0,112224.0,108496.43,3.322,6.67,0.44,0.18,False,False,False,미돌파,0,0.0
007660,이수페타시스,2025-10-01,71800.0,73446.6,70783.57,3.626,5.0,0.46,5.03,False,False,True,추적청산,3,0.315
009420,한올바이오파마,2025-10-01,33350.0,33817.5,32562.5,3.711,5.0,0.59,-4.55,True,False,True,추적청산,4,0.651
009450,경동나비엔,2025-10-01,72700.0,73647.0,71958.93,2.292,7.69,1.07,4.22,True,False,False,미돌파,0,0.0
108320,LX세미콘,2025-10-01,55000.0,55611.0,52253.57,6.037,0.0,0.76,2.65,False,False,True,추적청산,4,0.761
000210,DL,2025-10-01,35400.0,36021.9,35022.5,2.774,6.25,0.9,3.01,True,False,True,추적청산,2,0.392
005380,현대차,2025-10-01,215500.0,217434.0,214485.71,1.356,0.0,0.55,0.92,False,False,True,추적청산,2,0.279
000270,기아,2025-10-01,100600.0,101703.0,99954.64,1.719,7.69,0.65,2.33,True,False,True,추적청산,2,0.153
026960,동서,2025-10-01,27000.0,27504.9,26739.64,2.782,0.0,0.66,0.74,True,False,False,미돌파,0,0.0
068270,셀트리온,2025-10-01,166899.0,168760.85,165315.87,2.041,3.83,0.65,1.02,False,False,False,미돌파,0,0.0
316140,우리금융지주,2025-10-01,26050.0,26202.3,25555.71,2.468,0.0,0.47,2.25,False,False,True,손절,2,-1.122
083450,GST,2025-10-01,23400.0,23697.3,22955.36,3.131,0.0,0.68,1.68,False,False,True,추적청산,4,1.451
005250,녹십자홀딩스,2025-10-01,15630.0,15891.72,15507.25,2.419,0.0,0.6,4.7,False,False,True,손절,2,-1.124
030520,한컴,2025-10-01,25650.0,26302.5,25369.29,3.548,13.33,0.49,2.47,False,False,True,손절,3,-1.266
180640,한진칼,2025-10-02,99600.0,101903.4,95040.0,6.735,1.67,1.49,1.87,True,False,False,미돌파,0,0.0
139480,이마트,2025-10-02,74800.0,76051.8,73645.0,3.165,10.0,1.32,2.73,True,False,False,미돌파,0,0.0
139130,iM금융지주,2025-10-02,13640.0,13847.64,13500.18,2.509,11.11,1.11,0.37,False,False,False,미돌파,0,0.0
298050,HS효성첨단소재,2025-10-02,181900.0,183967.2,180496.43,1.887,7.69,1.37,2.05,False,False,False,미돌파,0,0.0
048410,현대바이오,2025-10-02,5300.0,5511.0,5210.86,5.446,3.85,1.13,4.85,True,False,True,손절,2,-1.055
023590,다우기술,2025-10-02,35900.0,36823.5,35002.86,4.944,12.9,0.75,2.97,False,False,False,미돌파,0,0.0
267270,HD건설기계,2025-10-02,93400.0,95691.0,90593.21,5.327,4.55,0.79,3.61,True,False,True,손절,3,-1.056
009450,경동나비엔,2025-10-02,72800.0,73546.8,72061.07,2.02,9.09,0.56,2.15,True,False,True,손절,2,-1.149
103140,풍산,2025-10-02,130400.0,133165.8,124727.14,6.337,4.17,1.08,-1.16,True,False,False,미돌파,0,0.0
120110,코오롱인더,2025-10-02,34700.0,35320.5,34212.86,3.136,5.56,1.39,3.21,False,False,False,미돌파,0,0.0
211050,인카금융서비스,2025-10-02,12590.0,12775.5,12267.93,3.973,2.5,1.09,2.18,False,False,False,미돌파,0,0.0
079900,전진건설로봇,2025-10-02,44900.0,45090.0,44022.5,2.367,11.76,0.95,2.92,True,True,True,추적청산,3,0.565
052690,한전기술,2025-10-02,85900.0,86172.0,83859.29,2.684,5.56,0.88,1.04,False,True,True,추적청산,7,2.448
001270,부국증권,2025-10-02,64700.0,67234.2,63445.0,5.636,12.9,0.46,-0.15,True,False,False,미돌파,0,0.0
105560,KB금융,2025-10-02,116800.0,119538.6,114915.36,3.868,5.0,1.45,-2.19,True,False,False,미돌파,0,0.0
005690,파미셀,2025-10-02,12250.0,12755.46,11636.54,8.772,10.2,0.85,0.49,False,False,False,미돌파,0,0.0
012330,현대모비스,2025-10-02,297000.0,301602.0,294506.25,2.353,0.0,1.31,1.33,False,False,True,손절,2,-1.128
000250,삼천당제약,2025-10-02,215500.0,219939.0,209039.29,4.956,0.0,0.62,4.65,False,False,False,미돌파,0,0.0
028300,HLB,2025-10-02,38000.0,38827.5,37645.71,3.044,10.53,0.74,4.16,False,False,False,미돌파,0,0.0
017670,SK텔레콤,2025-10-02,54400.0,54909.6,54220.71,1.255,0.0,1.76,1.45,False,False,False,미돌파,0,0.0
052400,코나아이,2025-10-02,47900.0,48496.8,47047.68,2.988,9.09,0.62,3.04,True,False,False,미돌파,0,0.0
460860,동국제강,2025-10-02,9140.0,9248.46,9048.82,2.159,6.67,0.86,0.44,True,False,False,미돌파,0,0.0
026960,동서,2025-10-02,27250.0,27555.0,26746.07,2.936,7.69,1.34,0.91,True,False,False,미돌파,0,0.0
082920,비츠로셀,2025-10-02,14786.0,15017.98,14203.73,5.422,3.67,1.1,3.94,False,False,True,손절,3,-1.055
222080,SFA넥셀,2025-10-02,6390.0,6472.92,6335.68,2.12,0.0,0.95,6.3,True,False,False,미돌파,0,0.0
214370,케어젠,2025-10-02,63200.0,65130.0,61875.36,4.997,12.0,0.54,-3.95,True,False,False,미돌파,0,0.0
036530,SNT홀딩스,2025-10-02,72400.0,74248.2,68443.93,7.817,3.92,0.78,2.43,False,False,False,미돌파,0,0.0
036460,한국가스공사,2025-10-02,38800.0,39278.4,38133.75,2.914,5.26,1.28,0.89,True,False,False,미돌파,0,0.0
383220,F&F,2025-10-02,64700.0,65831.4,64120.36,2.599,0.0,1.41,0.92,False,False,False,미돌파,0,0.0
060250,NHN KCP,2025-10-02,18070.0,18506.94,17246.89,6.809,0.99,0.71,2.74,False,False,True,손절,3,-1.044
005850,에스엘,2025-10-02,34450.0,35220.3,34026.96,3.388,5.26,0.7,2.13,False,False,False,미돌파,0,0.0
004800,효성,2025-10-02,86000.0,87374.4,84488.57,3.303,0.0,0.61,0.35,False,False,True,추적청산,8,2.753
024110,기업은행,2025-10-02,19350.0,19679.28,19232.48,2.27,2.78,1.4,1.02,False,False,False,미돌파,0,0.0
001800,오리온홀딩스,2025-10-02,20050.0,20440.8,19824.93,3.013,10.2,0.91,2.91,True,False,False,미돌파,0,0.0
003550,LG,2025-10-02,72000.0,72745.2,70962.14,2.451,0.0,1.99,3.36,True,False,True,손절,2,-1.122
307950,현대오토에버,2025-10-02,153300.0,154107.6,150826.07,2.129,13.04,0.79,2.11,False,True,False,미돌파,0,0.0
009240,한샘,2025-10-02,44000.0,44438.7,43504.29,2.103,0.0,1.27,2.87,False,False,True,추적청산,2,0.357
010140,삼성중공업,2025-10-02,21850.0,22044.0,21361.88,3.094,9.09,1.24,0.46,True,False,True,손절,3,-1.097
004000,롯데정밀화학,2025-10-02,46000.0,46793.4,45469.11,2.83,0.0,1.06,3.87,False,False,False,미돌파,0,0.0
051600,한전KPS,2025-10-02,48000.0,48396.6,47391.96,2.076,13.33,1.08,1.64,False,False,True,추적청산,7,1.029
071050,한국금융지주,2025-10-02,144700.0,150300.0,142057.86,5.484,1.41,1.2,1.56,False,False,False,미돌파,0,0.0
336570,원텍,2025-10-02,9210.0,9388.74,9043.18,3.681,0.0,0.66,6.4,True,False,False,미돌파,0,0.0
003380,하림지주,2025-10-02,7270.0,7434.84,7178.5,3.448,0.0,0.77,4.59,True,False,False,미돌파,0,0.0
302440,SK바이오사이언스,2025-10-02,47300.0,47895.6,46589.82,2.726,4.76,1.0,2.57,True,False,False,미돌파,0,0.0
456160,지투지바이오,2025-10-02,66869.0,70177.07,64231.72,8.472,10.79,0.77,4.07,True,False,False,미돌파,0,0.0
011790,SKC,2025-10-02,97001.0,100397.39,95798.14,4.581,4.88,1.3,-1.98,True,False,False,미돌파,0,0.0
161890,한국콜마,2025-10-02,77300.0,77955.6,75419.29,3.254,4.76,1.72,1.28,True,False,False,미돌파,0,0.0
099320,쎄트렉아이,2025-10-02,68600.0,69138.0,64744.29,6.355,11.11,0.53,3.92,False,True,True,시간손절,5,-0.147
361610,SK아이이테크놀로지,2025-10-02,26850.0,27304.5,26373.57,3.409,0.0,1.17,6.45,True,False,False,미돌파,0,0.0
012750,에스원,2025-10-02,83100.0,84468.6,82061.79,2.849,11.11,1.05,3.6,True,False,False,미돌파,0,0.0
192080,더블유게임즈,2025-10-02,51500.0,52504.8,51018.93,2.83,8.33,1.03,3.56,True,False,False,미돌파,0,0.0
000120,CJ대한통운,2025-10-02,83900.0,85370.4,83356.79,2.359,6.25,1.48,-1.08,True,False,False,미돌파,0,0.0
068270,셀트리온,2025-10-02,167185.0,169047.42,165499.74,2.099,0.0,1.07,1.41,False,False,True,손절,1,-1.143
281740,레이크머티리얼즈,2025-10-10,12840.0,13156.26,12436.43,5.471,0.0,1.29,-4.65,True,False,True,손절,1,-1.055
383220,F&F,2025-10-10,63400.0,65330.4,62115.0,4.922,3.57,2.17,0.31,False,False,False,미돌파,0,0.0
323280,태성,2025-10-10,25550.0,25751.4,24571.61,4.581,5.26,0.73,3.95,False,False,True,손절,1,-1.065
128940,한미약품,2025-10-10,354500.0,362724.0,343962.5,5.172,3.33,0.58,5.97,False,False,False,미돌파,0,0.0
036830,솔브레인홀딩스,2025-10-10,43700.0,44839.5,42784.29,4.583,2.94,0.74,-4.17,True,False,False,미돌파,0,0.0
010060,OCI홀딩스,2025-10-10,86500.0,87374.4,84747.86,3.006,0.0,0.68,4.53,True,False,False,미돌파,0,0.0
099320,쎄트렉아이,2025-10-10,68500.0,70641.0,65323.93,7.527,13.33,0.67,2.0,False,False,True,손절,5,-1.04
082640,동양생명,2025-10-10,7990.0,8036.04,7841.64,2.419,7.14,0.73,2.56,True,True,False,미돌파,0,0.0
322000,HD현대에너지솔루션,2025-10-10,46900.0,48045.9,45988.21,4.283,9.09,0.63,1.88,False,False,False,미돌파,0,0.0
032830,삼성생명,2025-10-10,160000.0,161322.0,155813.21,3.415,6.67,1.51,-5.26,True,False,False,미돌파,0,0.0
348370,엔켐,2025-10-10,68200.0,69639.0,64793.93,6.957,4.65,1.03,5.67,True,False,True,추적청산,13,2.93
010170,대한광통신,2025-10-10,1321.0,1390.78,1270.06,8.679,10.68,0.55,4.07,False,False,False,미돌파,0,0.0
022100,포스코DX,2025-10-10,20950.0,21142.2,20310.0,3.936,14.29,1.3,2.1,True,True,True,추적청산,13,4.214
005070,코스모신소재,2025-10-10,39900.0,40230.3,38231.07,4.969,3.03,0.72,3.39,False,False,True,추적청산,14,5.084
114090,GKL,2025-10-10,15320.0,15591.12,14780.04,5.202,13.24,1.27,2.61,True,False,True,추적청산,8,1.04
001450,현대해상,2025-10-10,27900.0,28306.5,27476.79,2.931,7.69,0.83,5.1,False,False,False,미돌파,0,0.0
078930,GS,2025-10-10,45050.0,45791.4,44345.18,3.158,12.5,1.25,0.22,True,False,False,미돌파,0,0.0
214450,파마리서치,2025-10-10,542000.0,548094.0,523725.0,4.446,5.26,0.92,6.23,True,False,True,추적청산,8,0.759
047810,한국항공우주,2025-10-10,107000.0,108817.2,104292.14,4.158,2.86,0.73,0.09,True,False,False,미돌파,0,0.0
030000,제일기획,2025-10-10,20400.0,20766.45,20234.27,2.563,11.76,1.96,0.0,True,False,False,미돌파,0,0.0
111770,영원무역,2025-10-10,62100.0,63827.4,61136.79,4.215,0.0,1.65,1.11,True,False,False,미돌파,0,0.0
307950,현대오토에버,2025-10-10,152000.0,154007.4,150163.57,2.496,10.34,1.01,-0.2,True,False,False,미돌파,0,0.0
457190,이수스페셜티케미컬,2025-10-10,48000.0,48647.1,46294.64,4.836,10.26,0.7,-2.02,True,False,True,추적청산,7,1.639
222080,SFA넥셀,2025-10-10,6390.0,6442.86,6215.36,3.531,0.0,1.32,3.77,True,False,True,추적청산,13,3.683
039200,오스코텍,2025-10-10,45300.0,45691.2,43448.75,4.908,5.71,0.54,-1.8,True,True,False,미돌파,0,0.0
377300,카카오페이,2025-10-10,52800.0,54007.8,51917.14,3.871,5.88,0.86,0.38,False,False,False,미돌파,0,0.0
004170,신세계,2025-10-13,179100.0,180259.8,173044.29,4.003,5.08,0.79,5.44,False,True,False,미돌파,0,0.0
032350,롯데관광개발,2025-10-13,16880.0,17665.26,16551.32,6.306,6.52,0.65,3.38,False,False,False,미돌파,0,0.0
030200,KT,2025-10-13,49850.0,50200.2,49180.0,2.032,6.25,0.69,1.29,True,False,False,미돌파,0,0.0
008930,한미사이언스,2025-10-13,36550.0,37074.0,35973.39,2.969,0.0,1.02,5.68,True,False,False,미돌파,0,0.0
001450,현대해상,2025-10-13,27650.0,27855.6,26974.64,3.163,14.29,0.91,5.31,True,False,False,미돌파,0,0.0
000640,동아쏘시오홀딩스,2025-10-13,106056.0,108409.39,103191.18,4.813,4.34,0.66,5.45,True,False,False,미돌파,0,0.0
004490,세방전지,2025-10-13,62900.0,63025.8,60956.25,3.284,5.88,0.9,3.23,True,True,True,추적청산,8,0.765
082270,젬백스,2025-10-13,45750.0,47945.7,44328.3,7.545,0.0,0.62,19.6,True,False,False,미돌파,0,0.0
329180,HD현대중공업,2025-10-13,517000.0,529056.0,504316.07,4.676,14.29,0.9,-5.19,True,False,False,미돌파,0,0.0
000270,기아,2025-10-13,101100.0,101903.4,99828.93,2.036,12.5,0.57,-0.4,True,False,True,추적청산,8,3.557
128940,한미약품,2025-10-13,349000.0,355209.0,339144.64,4.523,8.0,0.45,6.31,True,False,False,미돌파,0,0.0
003090,대웅,2025-10-13,21450.0,21492.9,20870.36,2.897,11.11,0.56,3.38,True,True,False,미돌파,0,0.0
009970,영원무역홀딩스,2025-10-13,134600.0,134869.2,128746.79,4.54,3.92,0.74,2.82,True,True,True,시간손절,5,0.119
322000,HD현대에너지솔루션,2025-10-13,45200.0,45991.8,44176.43,3.947,14.29,0.76,3.11,True,False,True,추적청산,5,0.908
023530,롯데쇼핑,2025-10-13,66900.0,67334.4,65953.57,2.051,10.0,1.51,5.24,True,False,False,미돌파,0,0.0
138930,BNK금융지주,2025-10-13,14100.0,14198.34,13697.93,3.524,0.0,0.83,2.89,True,False,False,미돌파,0,0.0
082920,비츠로셀,2025-10-13,14610.0,15321.58,14382.9,6.127,3.1,1.36,1.86,False,False,False,미돌파,0,0.0
003570,SNT다이내믹스,2025-10-13,67400.0,69138.0,65533.57,5.213,14.29,0.43,7.67,False,False,False,미돌파,0,0.0
000120,CJ대한통운,2025-10-13,82600.0,83366.4,81275.0,2.509,11.76,0.87,3.05,True,False,True,손절,3,-1.12
067160,SOOP,2025-10-13,73600.0,74047.8,72277.14,2.391,14.29,0.86,2.0,True,True,True,손절,1,-1.125
456160,지투지바이오,2025-10-13,63267.0,66501.74,61611.43,7.354,2.7,0.39,8.8,False,False,False,미돌파,0,0.0
204320,HL만도,2025-10-13,32850.0,33116.1,32043.93,3.238,5.56,0.79,2.81,True,False,True,추적청산,8,2.032
175330,JB금융지주,2025-10-13,22600.0,22795.5,21900.89,3.924,13.33,0.82,1.31,True,False,False,미돌파,0,0.0
099190,아이센스,2025-10-13,19730.0,20040.0,18974.21,5.318,14.44,0.58,-1.18,True,False,False,미돌파,0,0.0
030610,교보증권,2025-10-13,9000.0,9098.16,8795.34,3.328,8.0,0.54,1.1,True,False,True,추적청산,4,0.41
005440,현대지에프홀딩스,2025-10-13,7720.0,7825.62,7579.93,3.14,10.53,0.91,3.02,True,False,True,손절,1,-1.096
484870,엠앤씨솔루션,2025-10-13,65733.0,68637.0,64398.22,6.176,1.91,0.79,9.95,True,False,False,미돌파,0,0.0
039200,오스코텍,2025-10-13,44200.0,45340.5,43347.68,4.395,6.67,0.48,-2.91,True,False,True,손절,2,-1.068
007390,네이처셀,2025-10-13,20100.0,20490.9,17944.73,12.426,2.08,1.43,0.5,True,True,False,미돌파,0,0.0
140860,파크시스템스,2025-10-13,259500.0,264528.0,255296.43,3.49,7.14,0.7,1.7,False,False,True,손절,1,-1.086
003230,삼양식품,2025-10-13,1429000.0,1465926.0,1412585.71,3.639,2.33,0.95,4.67,True,False,False,미돌파,0,0.0
053800,안랩,2025-10-13,60100.0,60821.4,59532.86,2.119,10.0,0.6,1.31,True,False,False,미돌파,0,0.0
021240,코웨이,2025-10-13,93300.0,95190.0,91567.5,3.806,0.0,1.91,6.7,True,False,False,미돌파,0,0.0
010060,OCI홀딩스,2025-10-13,85900.0,86472.6,82939.29,4.086,6.9,0.9,3.48,True,True,True,추적청산,7,2.1
192080,더블유게임즈,2025-10-13,50500.0,50801.4,49666.25,2.234,11.76,0.81,4.54,True,True,False,미돌파,0,0.0
006650,대한유화,2025-10-13,108000.0,109117.8,104488.21,4.243,5.26,0.94,6.09,True,False,True,추적청산,6,1.81
088350,한화생명,2025-10-13,3085.0,3096.18,2998.27,3.162,6.25,0.73,1.91,True,True,True,추적청산,4,0.552
241710,코스메카코리아,2025-10-13,66200.0,67635.0,65118.93,3.72,5.26,0.59,11.02,False,False,False,미돌파,0,0.0
010170,대한광통신,2025-10-13,1308.0,1342.68,1202.75,10.421,3.28,0.27,7.04,True,False,False,미돌파,0,0.0
005810,풍산홀딩스,2025-10-13,40050.0,40330.5,38802.32,3.789,4.0,0.75,0.0,True,False,True,추적청산,4,0.615
012630,HDC,2025-10-13,17500.0,17725.38,16706.18,5.75,14.77,1.18,1.46,False,False,True,시간손절,5,-0.175
253450,스튜디오드래곤,2025-10-13,43550.0,43887.6,42750.54,2.591,5.56,0.89,4.39,True,False,False,미돌파,0,0.0
192080,더블유게임즈,2025-10-14,50000.0,50601.0,49370.0,2.433,0.0,1.38,3.85,True,False,True,시간손절,5,-0.612
026960,동서,2025-10-14,25950.0,26252.4,25692.32,2.133,12.5,1.03,3.53,False,False,True,추적청산,7,1.339
316140,우리금융지주,2025-10-14,24850.0,25350.6,24554.64,3.14,7.69,0.76,4.24,True,False,True,추적청산,7,0.624
068270,셀트리온,2025-10-14,161752.0,164367.08,159905.37,2.714,11.1,1.0,2.13,True,False,True,추적청산,7,0.887
086790,하나금융지주,2025-10-14,84400.0,85871.4,83712.86,2.514,5.88,0.84,3.21,True,False,True,추적청산,7,0.665
145020,휴젤,2025-10-14,266000.0,268536.0,258607.14,3.697,6.25,1.89,11.92,True,False,True,손절,3,-1.081
214320,이노션,2025-10-14,17760.0,17955.84,17657.32,1.663,8.7,1.47,2.42,False,False,False,미돌파,0,0.0
307950,현대오토에버,2025-10-14,149500.0,152704.8,147545.36,3.379,11.9,0.68,2.1,True,False,False,미돌파,0,0.0
062040,산일전기,2025-10-14,109000.0,115530.6,106756.43,7.595,2.61,1.37,1.0,False,False,True,추적청산,5,1.336
417200,LS머트리얼즈,2025-10-14,9550.0,9869.7,9382.61,4.935,9.3,1.19,0.42,False,False,False,미돌파,0,0.0
300720,한일시멘트,2025-10-14,18120.0,18537.0,17939.57,3.223,4.0,1.04,5.38,False,False,False,미돌파,0,0.0
006040,동원산업,2025-10-14,42300.0,42885.6,41661.96,2.853,10.53,0.75,6.93,True,False,True,시간손절,5,-0.911
088980,맥쿼리인프라,2025-10-14,11440.0,11462.88,11358.54,0.91,0.0,1.15,0.61,False,True,True,손절,3,-1.33
267250,HD현대,2025-10-14,153300.0,156913.2,148293.21,5.493,12.0,1.06,1.35,False,False,False,미돌파,0,0.0
030000,제일기획,2025-10-14,20500.0,20691.3,20281.27,1.982,0.0,1.51,-0.99,True,False,False,미돌파,0,0.0
302440,SK바이오사이언스,2025-10-14,45800.0,46593.0,45493.04,2.361,11.76,0.63,2.14,False,False,False,미돌파,0,0.0
005300,롯데칠성,2025-10-14,112000.0,113326.2,110906.43,2.135,10.53,1.33,2.86,True,False,True,추적청산,4,0.359
069960,현대백화점,2025-10-14,81300.0,85170.0,78118.93,8.279,0.0,1.23,8.14,False,False,False,미돌파,0,0.0
036460,한국가스공사,2025-10-14,38900.0,39478.8,38633.75,2.141,0.0,1.37,0.51,False,False,True,추적청산,4,0.609
006280,녹십자,2025-10-14,128700.0,131061.6,127461.07,2.747,10.71,0.96,0.39,True,False,False,미돌파,0,0.0
171090,선익시스템,2025-10-14,45700.0,46793.4,44129.11,5.694,4.44,0.9,2.04,False,False,True,추적청산,7,0.467
161000,애경케미칼,2025-10-14,10220.0,10500.96,10095.86,3.858,5.88,1.22,-2.2,True,False,False,미돌파,0,0.0
034730,SK,2025-10-14,222000.0,228456.0,217580.36,4.76,11.11,0.72,-5.71,True,False,True,손절,2,-1.063
000810,삼성화재,2025-10-14,445000.0,451902.0,438048.21,3.066,8.7,0.83,1.44,True,False,False,미돌파,0,0.0
950160,코오롱티슈진,2025-10-14,44700.0,45290.4,43136.79,4.755,5.88,0.42,6.58,False,False,True,손절,2,-1.063
029780,삼성카드,2025-10-14,49050.0,49649.1,48678.04,1.956,7.14,0.77,6.21,True,False,False,미돌파,0,0.0
024110,기업은행,2025-10-14,18790.0,18987.9,18609.48,1.993,6.9,0.92,3.44,True,False,True,추적청산,4,0.524
032640,LG유플러스,2025-10-14,14750.0,15009.96,14506.61,3.353,11.63,1.56,3.91,False,False,True,시간손절,5,-0.228
280360,롯데웰푸드,2025-10-14,110400.0,111322.2,109095.71,2.0,5.88,0.65,4.08,True,False,True,시간손절,5,-0.295
456160,지투지바이오,2025-10-14,63534.0,66534.8,61711.72,7.249,9.08,0.47,12.81,False,False,False,미돌파,0,0.0
039200,오스코텍,2025-10-14,44650.0,46342.5,43214.29,6.75,11.32,0.67,4.7,True,False,False,미돌파,0,0.0
004490,세방전지,2025-10-14,62600.0,63526.8,61749.82,2.797,0.0,1.37,1.88,False,False,False,미돌파,0,0.0
294870,IPARK현대산업개발,2025-10-14,20200.0,20541.0,19896.71,3.137,0.0,0.7,0.74,False,False,True,손절,3,-1.096
138930,BNK금융지주,2025-10-14,13960.0,14108.16,13707.07,2.843,6.25,1.4,4.32,True,False,True,추적청산,4,0.671
069620,대웅제약,2025-10-14,133900.0,136071.6,131879.64,3.081,0.0,0.92,0.07,False,False,False,미돌파,0,0.0
001040,CJ,2025-10-15,169000.0,171542.4,166550.0,2.91,5.56,0.71,7.14,True,False,True,손절,2,-1.103
018260,삼성에스디에스,2025-10-15,165100.0,167534.4,162891.07,2.772,14.29,0.64,0.9,False,False,True,추적청산,5,0.356
420770,기가비스,2025-10-15,37900.0,38476.8,36435.36,5.306,6.45,0.73,7.11,True,False,False,미돌파,0,0.0
002790,아모레퍼시픽홀딩스,2025-10-15,25800.0,26052.0,25550.36,1.926,0.0,1.04,3.01,False,False,True,손절,2,-1.156
097230,HJ중공업,2025-10-15,24200.0,24549.0,23016.52,6.243,8.7,0.46,12.32,True,False,True,추적청산,10,1.904
023530,롯데쇼핑,2025-10-15,67000.0,67334.4,66170.71,1.728,0.0,2.46,4.01,True,False,True,손절,3,-1.174
161000,애경케미칼,2025-10-15,10330.0,10370.7,10054.89,3.045,4.0,0.55,-3.3,True,True,True,추적청산,3,0.401
251270,넷마블,2025-10-15,56100.0,56813.4,55064.64,3.078,7.69,0.75,9.66,True,False,True,손절,1,-1.097
100090,SK오션플랜트,2025-10-15,22250.0,22645.2,21471.25,5.184,11.11,0.3,11.35,True,False,True,손절,2,-1.058
088980,맥쿼리인프라,2025-10-15,11440.0,11502.96,11408.5,0.821,0.0,1.13,0.44,False,False,False,미돌파,0,0.0
090460,비에이치,2025-10-15,16870.0,17134.2,16479.54,3.821,11.76,0.69,2.6,True,False,True,추적청산,5,0.128
003240,태광산업,2025-10-15,836000.0,844686.0,815678.57,3.434,12.5,1.08,0.95,True,False,True,손절,5,-1.087
018290,브이티,2025-10-15,27100.0,27504.9,26560.18,3.435,13.33,0.69,9.21,True,False,True,손절,1,-1.087
000080,하이트진로,2025-10-15,18810.0,18957.84,18731.04,1.196,0.0,2.13,1.16,True,False,False,미돌파,0,0.0
035760,CJ ENM,2025-10-15,66900.0,67835.4,65935.18,2.801,0.0,1.15,6.95,True,False,True,시간손절,5,0.348
347700,스피어,2025-10-15,11030.0,11633.22,10676.93,8.22,1.2,1.53,-8.67,True,False,False,미돌파,0,0.0
017940,E1,2025-10-15,72400.0,73346.4,71405.36,2.646,6.67,0.84,2.03,False,False,True,시간손절,5,0.481
214150,클래시스,2025-10-15,46800.0,47244.3,45682.5,3.306,0.0,2.79,5.45,True,False,True,손절,3,-1.091
020150,롯데에너지머티리얼즈,2025-10-15,24200.0,24448.8,23481.61,3.956,12.5,0.84,-8.04,True,False,True,추적청산,6,1.485
139480,이마트,2025-10-15,74200.0,75350.4,73645.0,2.263,7.69,0.98,0.67,False,False,False,미돌파,0,0.0
483650,달바글로벌,2025-10-15,152000.0,154007.4,148802.86,3.379,12.2,0.58,5.53,True,False,False,미돌파,0,0.0
278280,천보,2025-10-15,44600.0,44689.2,43105.18,3.545,4.0,0.84,-8.12,True,True,True,추적청산,11,9.951
278470,에이피알,2025-10-15,248000.0,252003.0,243189.29,3.497,7.69,0.48,4.98,False,False,True,손절,1,-1.086
021240,코웨이,2025-10-15,93600.0,95691.0,92505.0,3.329,4.0,2.39,4.68,False,False,False,미돌파,0,0.0
036830,솔브레인홀딩스,2025-10-15,43650.0,44288.4,42935.89,3.054,0.0,0.56,-1.39,True,False,True,추적청산,3,0.402
003690,코리안리,2025-10-15,10900.0,10941.84,10714.43,2.078,5.88,1.71,1.0,True,True,True,손절,2,-1.144
460860,동국제강,2025-10-15,8960.0,9078.12,8753.68,3.574,14.81,4.45,1.43,False,False,True,손절,3,-1.084
376300,디어유,2025-10-15,40700.0,41132.1,39782.68,3.281,5.0,1.17,2.86,True,False,False,미돌파,0,0.0
253450,스튜디오드래곤,2025-10-15,43100.0,43637.1,42654.29,2.252,0.0,0.71,3.58,True,False,False,미돌파,0,0.0
293490,카카오게임즈,2025-10-16,15480.0,15691.32,15246.32,2.836,8.33,0.98,2.46,False,False,False,미돌파,0,0.0
102710,이엔에프테크놀로지,2025-10-16,57400.0,57815.4,55139.82,4.628,4.76,0.77,6.97,True,True,True,손절,2,-1.065
009970,영원무역홀딩스,2025-10-16,133400.0,138175.8,129983.21,5.929,6.94,1.03,2.7,False,False,False,미돌파,0,0.0
377300,카카오페이,2025-10-16,51500.0,52504.8,50606.43,3.616,13.33,0.66,1.9,True,False,False,미돌파,0,0.0
031210,서울보증보험,2025-10-16,50600.0,51202.2,49516.07,3.293,7.69,0.63,0.59,False,False,False,미돌파,0,0.0
036570,NC,2025-10-16,210500.0,215430.0,205971.43,4.391,6.25,1.28,2.32,False,False,False,미돌파,0,0.0
112040,위메이드,2025-10-16,27700.0,28456.8,27374.11,3.805,5.56,1.17,-3.55,True,False,False,미돌파,0,0.0
001680,대상,2025-10-16,21300.0,21517.95,21029.55,2.27,0.0,1.25,2.96,False,False,False,미돌파,0,0.0
460930,현대힘스,2025-10-16,23350.0,24198.3,22857.68,5.54,13.64,0.91,7.89,False,False,False,미돌파,0,0.0
489790,한화비전,2025-10-16,52400.0,53506.8,51508.39,3.735,6.67,0.78,1.5,False,False,False,미돌파,0,0.0
036530,SNT홀딩스,2025-10-16,68400.0,70841.4,67332.86,4.953,3.45,0.98,5.52,False,False,False,미돌파,0,0.0
000250,삼천당제약,2025-10-16,205500.0,214428.0,201025.36,6.25,4.55,1.26,4.64,False,False,False,미돌파,0,0.0
096530,씨젠,2025-10-16,24550.0,24949.8,24365.36,2.342,11.11,0.85,2.58,False,False,False,미돌파,0,0.0
042660,한화오션,2025-10-16,109100.0,112224.0,107046.43,4.614,9.3,1.28,2.15,False,False,True,손절,1,-1.065
069960,현대백화점,2025-10-16,80900.0,82665.0,79646.79,3.651,4.17,0.7,7.65,False,False,False,미돌파,0,0.0
445680,큐리옥스바이오시스템즈,2025-10-16,69000.0,71542.8,65806.79,8.018,8.7,1.04,2.95,False,False,False,미돌파,0,0.0
214430,아이쓰리시스템,2025-10-16,74300.0,75350.4,71950.36,4.512,3.7,0.84,6.31,True,False,False,미돌파,0,0.0
082740,한화엔진,2025-10-16,47750.0,48571.95,46358.21,4.558,2.94,0.68,2.15,False,False,True,손절,1,-1.066
280360,롯데웰푸드,2025-10-16,111800.0,113326.2,110981.79,2.069,11.11,0.52,2.1,False,False,False,미돌파,0,0.0
001800,오리온홀딩스,2025-10-16,19690.0,20090.1,19462.39,3.124,7.69,1.07,1.8,False,False,False,미돌파,0,0.0
126340,비나텍,2025-10-16,52081.0,53646.08,49965.15,6.862,10.33,0.48,-4.69,True,False,False,미돌파,0,0.0
086790,하나금융지주,2025-10-16,87200.0,87875.4,86002.14,2.132,0.0,0.75,1.36,False,False,False,미돌파,0,0.0
000640,동아쏘시오홀딩스,2025-10-16,104405.0,105197.98,102529.87,2.536,9.99,1.56,4.44,True,False,True,손절,1,-1.118
053610,프로텍,2025-10-17,33200.0,34118.1,32425.0,4.962,7.14,0.93,2.06,False,False,False,미돌파,0,0.0
069960,현대백화점,2025-10-17,80300.0,81061.8,78553.21,3.095,5.26,0.88,2.78,True,False,True,시간손절,5,0.317
248070,솔루엠,2025-10-17,16990.0,17364.66,16688.54,3.894,0.0,1.04,0.53,False,False,False,미돌파,0,0.0
012750,에스원,2025-10-17,76800.0,78957.6,76027.68,3.711,12.5,0.53,2.91,False,False,False,미돌파,0,0.0
029780,삼성카드,2025-10-17,49450.0,49849.5,48795.18,2.115,6.25,1.01,0.2,True,False,True,시간손절,5,-0.568
137310,에스디바이오센서,2025-10-17,9580.0,9799.56,9459.93,3.466,14.29,1.14,1.84,False,False,True,추적청산,5,0.413
298380,에이비엘바이오,2025-10-17,85800.0,89578.8,83885.36,6.356,10.42,0.88,8.63,True,False,True,시간손절,5,-0.887
032820,우리기술,2025-10-17,4270.0,4403.79,4191.34,4.824,6.25,0.42,2.84,True,False,False,미돌파,0,0.0
000100,유한양행,2025-10-17,116700.0,117735.0,114273.39,2.94,0.0,0.8,3.31,True,False,True,손절,5,-1.102
196170,알테오젠,2025-10-17,333172.0,345403.43,325679.64,5.71,6.82,1.1,6.07,True,False,False,미돌파,0,0.0
112610,씨에스윈드,2025-10-17,44000.0,44438.7,43328.57,2.498,11.76,1.53,-2.8,True,False,False,미돌파,0,0.0
222800,심텍,2025-10-17,49100.0,51603.0,47953.84,7.072,13.33,0.6,7.53,False,False,False,미돌파,0,0.0
475830,오름테라퓨틱,2025-10-17,32150.0,33767.4,31052.68,8.039,10.64,0.79,8.27,True,False,True,시간손절,5,0.048
102710,이엔에프테크놀로지,2025-10-17,56200.0,58116.0,55043.04,5.288,8.0,0.77,8.47,True,False,False,미돌파,0,0.0
226950,올릭스,2025-10-17,89500.0,92685.0,82922.14,10.533,11.76,0.82,7.06,False,False,True,시간손절,5,-0.047
397030,에이프릴바이오,2025-10-17,31550.0,32815.5,30161.07,8.089,6.82,0.45,8.15,False,False,True,손절,3,-1.037
000250,삼천당제약,2025-10-17,200500.0,204408.0,195298.57,4.456,14.29,0.94,4.07,True,False,True,시간손절,5,-0.639
064760,티씨케이,2025-10-17,180000.0,186772.8,176696.43,5.395,3.61,0.75,3.54,False,False,False,미돌파,0,0.0
004370,농심,2025-10-17,429500.0,432864.0,422232.14,2.456,0.0,0.59,3.7,True,False,True,추적청산,5,0.378
071050,한국금융지주,2025-10-17,154100.0,158015.4,150653.93,4.659,8.2,1.12,-5.91,True,False,True,추적청산,4,1.182
082270,젬백스,2025-10-17,43850.0,45741.3,42660.0,6.736,2.04,0.66,5.39,True,False,False,미돌파,0,0.0
476060,온코닉테라퓨틱스,2025-10-17,18370.0,19048.02,17168.49,9.867,11.49,0.1,13.14,False,False,False,미돌파,0,0.0
139480,이마트,2025-10-17,72800.0,73346.4,71743.93,2.185,8.33,0.85,1.36,True,False,True,추적청산,5,0.363
195940,HK이노엔,2025-10-17,47700.0,48196.2,46118.04,4.312,8.57,1.09,-5.18,True,False,True,시간손절,5,-0.332
096530,씨젠,2025-10-17,24500.0,24799.5,24065.89,2.958,8.33,1.29,1.8,True,False,True,추적청산,5,0.842
214370,케어젠,2025-10-17,59700.0,61823.4,58397.5,5.541,7.14,0.53,5.24,True,False,True,추적청산,5,0.446
294870,IPARK현대산업개발,2025-10-20,19160.0,19438.8,18709.14,3.754,15.0,1.81,5.15,True,False,True,시간손절,5,-0.078
475150,SK이터닉스,2025-10-20,23600.0,24398.7,23042.5,5.558,13.04,0.72,0.21,True,False,False,미돌파,0,0.0
030520,한컴,2025-10-20,24350.0,24498.9,23870.36,2.566,0.0,0.87,3.94,True,False,True,추적청산,2,0.383
483650,달바글로벌,2025-10-20,141300.0,141983.4,137863.21,2.902,6.67,1.1,9.77,True,True,True,추적청산,5,1.357
012750,에스원,2025-10-20,76500.0,76953.6,73840.54,4.045,0.0,0.69,3.53,True,True,False,미돌파,0,0.0
140410,메지온,2025-10-20,60500.0,61021.8,54942.5,9.963,0.0,1.23,15.97,True,True,True,시간손절,5,-0.182
074600,원익QnC,2025-10-20,24950.0,25450.8,24269.46,4.642,10.53,0.53,5.31,True,False,False,미돌파,0,0.0
456160,지투지바이오,2025-10-20,55196.0,57611.99,53452.23,7.22,8.52,0.52,12.76,True,False,False,미돌파,0,0.0
036540,SFA반도체,2025-10-20,4390.0,4458.9,4301.95,3.52,4.35,0.33,5.08,False,False,True,손절,1,-1.085
036930,주성엔지니어링,2025-10-20,31450.0,32013.9,30852.86,3.627,5.56,0.72,2.48,False,False,False,미돌파,0,0.0
214150,클래시스,2025-10-20,46500.0,46693.2,45221.25,3.152,0.0,1.01,3.23,True,True,True,추적청산,7,1.63
000120,CJ대한통운,2025-10-20,81900.0,82464.6,80453.57,2.439,12.5,1.17,0.85,True,False,True,시간손절,5,0.044
001680,대상,2025-10-20,21200.0,21342.6,20830.62,2.399,12.5,1.23,0.0,True,True,False,미돌파,0,0.0
004370,농심,2025-10-20,432000.0,434868.0,422721.43,2.793,5.26,0.55,2.37,True,False,False,미돌파,0,0.0
082740,한화엔진,2025-10-20,46200.0,48597.0,45162.32,7.068,6.9,0.84,2.12,True,False,False,미돌파,0,0.0
298380,에이비엘바이오,2025-10-20,87500.0,89779.2,85821.79,4.408,12.9,0.67,4.37,False,False,False,미돌파,0,0.0
251270,넷마블,2025-10-20,54600.0,55410.6,53196.79,3.995,11.11,0.97,4.21,True,False,True,추적청산,4,0.425
353200,대덕전자,2025-10-20,32900.0,33516.9,31633.57,5.619,13.79,0.57,2.95,False,False,True,손절,1,-1.053
295310,에이치브이엠,2025-10-20,24800.0,25050.0,23960.89,4.348,5.88,0.68,5.7,True,False,True,손절,3,-1.069
035250,강원랜드,2025-10-20,17600.0,17735.4,17406.93,1.852,0.0,1.09,-0.23,True,False,False,미돌파,0,0.0
031210,서울보증보험,2025-10-20,49300.0,49649.1,47728.93,3.867,6.45,0.44,2.38,True,False,True,시간손절,5,0.366
101160,월덱스,2025-10-20,25350.0,25901.7,24664.11,4.778,15.0,0.67,3.24,True,False,False,미돌파,0,0.0
004170,신세계,2025-10-20,175900.0,176953.2,172335.0,2.61,2.86,0.52,1.79,True,False,False,미돌파,0,0.0
071970,HD현대마린엔진,2025-10-20,88300.0,91482.6,86281.07,5.686,13.95,0.86,0.23,True,False,True,추적청산,7,1.083
251970,펌텍코리아,2025-10-20,54000.0,54609.0,52706.43,3.484,0.0,1.15,5.1,True,False,True,손절,1,-1.086
357780,솔브레인,2025-10-20,278500.0,284568.0,271367.86,4.639,14.29,0.9,4.46,False,False,False,미돌파,0,0.0
083450,GST,2025-10-20,25400.0,26102.1,24964.64,4.358,5.56,0.71,2.31,False,False,False,미돌파,0,0.0
443060,HD현대마린솔루션,2025-10-20,228000.0,230460.0,221323.21,3.965,0.0,0.77,4.8,False,False,True,추적청산,4,0.864
145020,휴젤,2025-10-20,261000.0,266532.0,257085.71,3.544,13.33,0.81,2.61,True,False,False,미돌파,0,0.0
140860,파크시스템스,2025-10-20,237500.0,245490.0,234486.61,4.482,11.11,0.72,8.48,True,False,False,미돌파,0,0.0
045100,한양이엔지,2025-10-20,19800.0,19939.8,19280.36,3.307,11.54,0.43,4.35,False,False,True,손절,2,-1.091
004490,세방전지,2025-10-20,65200.0,65731.2,63312.86,3.679,5.0,0.72,-3.66,True,True,True,시간손절,5,0.071
271560,오리온,2025-10-20,100600.0,101502.6,99890.36,1.588,0.0,0.72,1.47,True,False,False,미돌파,0,0.0
102710,이엔에프테크놀로지,2025-10-20,56900.0,58116.0,53525.89,7.898,12.5,1.04,6.57,False,False,False,미돌파,0,0.0
007310,오뚜기,2025-10-20,392500.0,394788.0,387527.68,1.839,0.0,0.79,0.25,True,False,False,미돌파,0,0.0
462870,시프트업,2025-10-20,38050.0,38326.5,37380.0,2.47,13.33,0.95,3.18,True,False,True,추적청산,2,0.379
127120,제이에스링크,2025-10-20,20250.0,21342.6,19514.5,8.565,10.07,0.56,12.9,False,False,False,미돌파,0,0.0
036830,솔브레인홀딩스,2025-10-20,44800.0,45991.8,43361.79,5.718,11.11,0.93,-1.82,True,False,True,손절,3,-1.052
003570,SNT다이내믹스,2025-10-20,61700.0,62524.8,59166.43,5.371,11.11,0.59,8.46,True,True,True,추적청산,4,0.444
225570,넥슨게임즈,2025-10-20,13270.0,13516.98,13002.93,3.803,9.52,0.45,0.08,False,False,True,손절,4,-1.079
347700,스피어,2025-10-20,9900.0,9939.84,9435.88,5.07,5.33,0.61,11.53,True,True,True,손절,2,-1.059
005250,녹십자홀딩스,2025-10-20,15450.0,15561.06,15029.89,3.413,4.55,1.09,-0.85,True,False,False,미돌파,0,0.0
000990,DB하이텍,2025-10-20,59600.0,61122.0,57863.93,5.33,14.81,0.71,-1.02,True,False,False,미돌파,0,0.0
036460,한국가스공사,2025-10-20,40400.0,40731.3,39478.93,3.075,9.52,0.86,-3.46,True,True,True,추적청산,7,1.049
140860,파크시스템스,2025-10-21,240000.0,244488.0,235008.04,3.877,6.67,0.81,1.44,True,False,False,미돌파,0,0.0
000120,CJ대한통운,2025-10-21,81900.0,82665.0,81053.57,1.949,8.33,1.61,1.44,False,False,True,시간손절,5,0.488
030000,제일기획,2025-10-21,20150.0,20390.7,19988.66,1.972,0.0,1.01,1.71,False,False,True,시간손절,5,-0.129
051900,LG생활건강,2025-10-21,282000.0,285069.0,279750.0,1.866,12.5,1.39,0.18,False,False,True,추적청산,7,0.521
376300,디어유,2025-10-21,37500.0,38226.3,36881.07,3.519,5.0,0.97,7.52,True,False,False,미돌파,0,0.0
475830,오름테라퓨틱,2025-10-21,35300.0,35671.2,33800.0,5.246,13.33,0.69,-1.73,True,True,True,추적청산,7,1.867
000670,영풍,2025-10-21,44168.0,45328.48,43457.49,4.128,3.29,0.5,6.49,True,False,False,미돌파,0,0.0
295310,에이치브이엠,2025-10-21,24750.0,25200.3,24311.43,3.527,7.69,0.46,3.7,False,False,False,미돌파,0,0.0
145020,휴젤,2025-10-21,263500.0,264027.0,256075.0,3.012,0.0,1.3,0.94,True,True,False,미돌파,0,0.0
127120,제이에스링크,2025-10-21,20650.0,21242.4,19807.18,6.756,9.09,0.43,7.61,False,False,True,손절,3,-1.044
024110,기업은행,2025-10-21,19440.0,19789.5,19299.21,2.478,2.5,1.38,-3.46,True,False,False,미돌파,0,0.0
000370,한화손해보험,2025-10-21,5440.0,5591.16,5370.8,3.941,11.11,0.63,0.73,False,False,False,미돌파,0,0.0
000100,유한양행,2025-10-21,118200.0,119739.0,116199.11,2.956,0.0,0.83,1.5,False,False,True,손절,2,-1.101
086790,하나금융지주,2025-10-21,88300.0,90881.4,87450.71,3.775,3.45,0.89,-4.62,True,False,False,미돌파,0,0.0
064760,티씨케이,2025-10-21,174800.0,178456.2,170000.71,4.738,13.43,1.07,3.96,True,False,False,미돌파,0,0.0
357780,솔브레인,2025-10-21,280500.0,284568.0,268862.5,5.519,7.69,0.75,1.06,False,False,False,미돌파,0,0.0
214370,케어젠,2025-10-21,62400.0,63226.2,60995.0,3.529,5.88,0.47,0.16,False,False,True,손절,1,-1.085
456040,OCI,2025-10-21,57600.0,58917.6,57041.79,3.184,13.33,1.44,-1.59,True,False,True,추적청산,6,1.014
006340,대원전선,2025-10-22,3090.0,3116.22,3006.14,3.532,5.88,0.45,6.79,False,False,True,추적청산,11,5.179
278470,에이피알,2025-10-22,236500.0,241983.0,231114.29,4.492,11.76,0.76,4.64,False,False,True,추적청산,3,0.158
161580,필옵틱스,2025-10-22,37500.0,38076.0,36287.14,4.698,10.71,0.55,5.78,False,False,True,추적청산,6,1.212
053610,프로텍,2025-10-22,32850.0,33266.4,31568.57,5.104,10.71,0.57,1.94,True,False,False,미돌파,0,0.0
000990,DB하이텍,2025-10-22,56800.0,57013.8,54751.07,3.969,0.0,0.74,3.4,True,True,True,추적청산,5,1.084
466100,클로봇,2025-10-22,38077.0,39671.18,36575.57,7.803,3.75,0.37,6.94,False,False,False,미돌파,0,0.0
045100,한양이엔지,2025-10-22,19520.0,19639.2,19158.75,2.446,11.76,0.5,4.08,False,False,True,추적청산,5,0.805
069620,대웅제약,2025-10-22,139000.0,140580.6,137122.5,2.46,0.0,0.55,-3.04,True,False,False,미돌파,0,0.0
014680,한솔케미칼,2025-10-22,205000.0,207915.0,199569.64,4.014,7.69,0.53,3.98,False,False,True,손절,1,-1.075
079550,LIG디펜스앤에어로스페이스,2025-10-22,450000.0,452904.0,431478.57,4.731,14.29,1.03,1.53,True,True,True,추적청산,10,1.746
003470,유안타증권,2025-10-22,3825.0,3847.68,3720.29,3.311,15.0,1.14,-1.19,True,True,False,미돌파,0,0.0
319400,현대무벡스,2025-10-22,10650.0,10911.78,9941.11,8.896,3.8,0.3,16.8,False,False,False,미돌파,0,0.0
033780,KT&G,2025-10-22,137800.0,139478.4,136673.93,2.011,15.0,0.38,-0.95,True,False,False,미돌파,0,0.0
281820,케이씨텍,2025-10-22,37900.0,38076.0,36112.59,5.157,6.25,0.9,4.77,True,True,True,추적청산,4,0.473
032820,우리기술,2025-10-22,4235.0,4263.51,4081.89,4.26,14.29,0.27,4.51,False,True,False,미돌파,0,0.0
141080,리가켐바이오,2025-10-22,136200.0,139278.0,132146.07,5.121,14.04,0.6,5.48,False,False,False,미돌파,0,0.0
082740,한화엔진,2025-10-22,49100.0,51001.8,45570.54,10.649,8.25,1.35,-3.92,True,False,False,미돌파,0,0.0
030190,NICE평가정보,2025-10-22,13330.0,13476.9,13155.57,2.384,4.17,0.44,1.19,False,False,False,미돌파,0,0.0
336570,원텍,2025-10-22,8650.0,8727.42,8425.11,3.464,8.33,0.54,2.48,False,False,True,시간손절,5,-0.607
083650,비에이치아이,2025-10-22,48750.0,49498.8,46646.07,5.763,9.09,0.57,10.88,False,False,False,미돌파,0,0.0
403870,HPSP,2025-10-22,35600.0,35771.4,34199.29,4.395,8.0,0.48,1.66,False,True,False,미돌파,0,0.0
039200,오스코텍,2025-10-22,39000.0,39929.7,37961.43,4.929,6.45,0.45,6.25,True,False,False,미돌파,0,0.0
001500,현대차증권,2025-10-22,8770.0,8787.54,8517.46,3.073,14.29,0.71,-2.57,True,True,False,미돌파,0,0.0
093320,케이아이엔엑스,2025-10-22,89900.0,90380.4,87638.21,3.034,14.29,0.46,6.55,True,True,False,미돌파,0,0.0
067310,하나마이크론,2025-10-22,25800.0,26052.0,24312.86,6.676,14.29,0.89,2.64,False,True,False,미돌파,0,0.0
100840,SNT에너지,2025-10-22,49200.0,49649.1,46882.5,5.572,13.95,0.69,11.51,True,True,True,추적청산,5,0.708
036540,SFA반도체,2025-10-22,4300.0,4308.6,4147.54,3.738,8.33,0.37,5.91,False,True,False,미돌파,0,0.0
108490,로보티즈,2025-10-22,186500.0,192083.4,176941.68,7.883,3.31,0.26,7.9,False,False,True,추적청산,11,2.391
252990,샘씨엔에스,2025-10-22,6710.0,6883.74,6482.55,5.828,6.25,0.43,13.42,False,False,True,추적청산,4,0.444
009450,경동나비엔,2025-10-22,72200.0,72444.6,70525.71,2.649,6.67,0.98,0.69,False,True,False,미돌파,0,0.0
218410,RFHIC,2025-10-22,27500.0,27755.4,26577.68,4.243,5.56,0.74,13.52,True,False,True,추적청산,10,3.059
001510,SK증권,2025-10-22,1389.0,1393.78,1332.56,4.392,4.17,0.48,-4.36,True,True,False,미돌파,0,0.0
036930,주성엔지니어링,2025-10-22,30650.0,30761.4,29610.36,3.742,0.0,0.53,3.62,True,True,False,미돌파,0,0.0
001820,삼화콘덴서,2025-10-22,33550.0,33667.2,32040.18,4.833,0.0,0.52,0.59,False,True,True,시간손절,5,-0.042
036530,SNT홀딩스,2025-10-22,67100.0,67434.6,64666.07,4.106,4.55,0.56,1.76,True,True,False,미돌파,0,0.0
005290,동진쎄미켐,2025-10-22,41850.0,42184.2,40267.14,4.544,12.9,0.87,6.38,False,False,False,미돌파,0,0.0
145020,휴젤,2025-10-22,262500.0,263526.0,256139.29,2.803,9.09,0.56,3.67,True,True,True,추적청산,2,0.393
039030,이오테크닉스,2025-10-22,228500.0,229458.0,216921.43,5.464,5.0,1.05,10.92,True,True,True,시간손절,5,0.387
195870,해성디에스,2025-10-22,40700.0,41532.9,39072.5,5.924,12.82,0.59,2.63,False,False,True,손절,1,-1.051
298380,에이비엘바이오,2025-10-22,86300.0,89178.0,84941.79,4.75,14.29,0.69,4.22,True,False,False,미돌파,0,0.0
131290,티에스이,2025-10-22,50400.0,51102.0,49115.36,3.888,13.33,0.68,5.26,False,False,False,미돌파,0,0.0
064960,SNT모티브,2025-10-22,35500.0,35721.3,34459.29,3.533,15.0,0.55,-4.87,True,True,False,미돌파,0,0.0
090460,비에이치,2025-10-22,16730.0,16803.54,16053.29,4.465,3.28,0.76,0.83,True,True,True,추적청산,8,1.064
347700,스피어,2025-10-22,9590.0,9679.32,9140.88,5.563,4.88,0.72,13.06,True,True,False,미돌파,0,0.0
403870,HPSP,2025-10-23,34850.0,35671.2,34149.82,4.265,12.5,0.4,4.39,False,False,True,추적청산,3,0.43
014680,한솔케미칼,2025-10-23,203000.0,208917.0,196793.21,5.803,14.56,0.68,4.02,True,False,True,추적청산,8,1.235
375500,DL이앤씨,2025-10-23,41300.0,42134.1,40756.07,3.271,13.64,0.78,1.08,False,False,True,추적청산,3,0.408
032190,다우데이타,2025-10-23,16910.0,17164.26,15902.07,7.354,13.27,0.75,1.57,True,True,True,추적청산,6,0.656
079160,CJ CGV,2025-10-23,5100.0,5200.38,5024.12,3.389,7.14,0.36,-0.79,True,False,False,미돌파,0,0.0
011200,HMM,2025-10-23,20750.0,21192.3,20511.29,3.213,0.0,0.59,0.95,True,False,False,미돌파,0,0.0
029780,삼성카드,2025-10-23,49400.0,50300.4,49050.27,2.485,5.0,0.84,0.5,False,False,False,미돌파,0,0.0
001450,현대해상,2025-10-23,27400.0,27805.5,27033.21,2.777,0.0,0.46,1.62,False,False,True,시간손절,5,-0.245
097950,CJ제일제당,2025-10-23,233000.0,236472.0,231400.0,2.145,0.0,0.89,-1.08,True,False,False,미돌파,0,0.0
281820,케이씨텍,2025-10-23,37550.0,38376.6,36619.02,4.58,10.71,0.67,4.33,False,False,True,추적청산,3,0.434
041510,에스엠,2025-10-23,118800.0,121342.2,117073.21,3.518,8.82,0.78,0.34,False,False,False,미돌파,0,0.0
069260,TKG휴켐스,2025-10-23,18070.0,18276.48,17949.32,1.79,8.33,0.94,0.66,False,False,True,손절,5,-1.257
090360,로보스타,2025-10-23,67600.0,70841.4,65015.62,8.224,8.51,0.39,3.57,False,False,True,추적청산,9,1.893
031210,서울보증보험,2025-10-23,49950.0,50601.0,49096.07,2.974,13.04,0.68,1.28,False,False,False,미돌파,0,0.0
204270,제이앤티씨,2025-10-23,25600.0,26302.5,24868.21,5.453,9.09,0.44,8.41,False,False,True,추적청산,4,0.445
336260,두산퓨얼셀,2025-10-23,30400.0,31462.8,29693.57,5.623,10.71,0.69,11.88,False,False,True,추적청산,7,3.594
166090,하나머티리얼즈,2025-10-23,40600.0,41082.0,39249.82,4.46,14.81,1.04,4.25,False,False,True,추적청산,3,0.438
000400,롯데손해보험,2025-10-23,1970.0,2069.13,1896.81,8.328,12.99,0.23,1.4,False,False,False,미돌파,0,0.0
000670,영풍,2025-10-23,43778.0,44694.21,43176.4,3.396,4.29,0.4,5.86,True,False,True,손절,2,-1.088
219130,타이거일렉,2025-10-23,23450.0,23897.7,22570.89,5.552,10.0,0.34,12.66,True,False,True,손절,2,-1.054
036530,SNT홀딩스,2025-10-23,66300.0,67534.8,64870.36,3.945,14.29,0.5,3.07,True,False,False,미돌파,0,0.0
214450,파마리서치,2025-10-23,564000.0,579156.0,556007.14,3.997,11.76,0.48,-0.18,True,False,False,미돌파,0,0.0
140860,파크시스템스,2025-10-23,235500.0,240981.0,232609.82,3.474,7.69,0.55,3.29,True,False,False,미돌파,0,0.0
034020,두산에너빌리티,2025-10-23,76300.0,77955.6,74901.07,3.918,13.04,0.69,8.84,False,False,True,추적청산,6,2.411
112610,씨에스윈드,2025-10-23,43250.0,44088.0,42421.07,3.781,3.57,1.9,3.24,False,False,True,추적청산,5,0.619
039130,하나투어,2025-10-23,46850.0,47344.5,46520.89,1.74,8.33,0.5,1.06,False,False,False,미돌파,0,0.0
160190,하이젠알앤엠,2025-10-23,54400.0,55911.6,52238.75,6.569,0.0,0.38,15.13,False,False,False,미돌파,0,0.0
108320,LX세미콘,2025-10-23,57900.0,58717.2,56988.21,2.945,7.69,0.64,1.19,True,False,True,시간손절,5,-0.632
112040,위메이드,2025-10-23,27500.0,27805.5,27119.29,2.468,10.0,0.64,0.72,True,False,False,미돌파,0,0.0
000810,삼성화재,2025-10-23,454500.0,463926.0,448828.57,3.254,8.0,1.5,-0.89,True,False,False,미돌파,0,0.0
056190,SFA,2025-10-23,24050.0,24599.1,23719.82,3.574,7.14,0.76,0.82,False,False,True,추적청산,5,0.445
000120,CJ대한통운,2025-10-23,83300.0,84168.0,82639.64,1.816,0.0,0.69,-2.21,True,False,False,미돌파,0,0.0
185750,종근당,2025-10-23,80300.0,81362.4,79605.54,2.159,14.29,1.18,1.35,False,False,False,미돌파,0,0.0
499790,GS피앤엘,2025-10-23,40200.0,41583.0,39545.54,4.9,3.23,0.81,0.12,False,False,False,미돌파,0,0.0
122870,와이지엔터테인먼트,2025-10-23,91600.0,93887.4,90462.5,3.648,3.85,0.49,1.51,False,False,False,미돌파,0,0.0
024110,기업은행,2025-10-23,19410.0,19649.22,19248.14,2.041,3.23,0.81,-0.78,True,False,False,미돌파,0,0.0
077970,STX엔진,2025-10-23,37900.0,39078.0,37132.86,4.978,12.9,0.76,0.26,False,False,False,미돌파,0,0.0
039490,키움증권,2025-10-23,262000.0,268536.0,255114.29,4.998,4.55,0.84,-2.75,True,False,True,추적청산,7,1.5
083450,GST,2025-10-23,23950.0,24298.5,23362.5,3.852,14.29,0.52,8.41,False,False,True,추적청산,4,0.69
079940,가비아,2025-10-23,25800.0,26352.6,25382.86,3.68,13.33,0.46,3.19,False,False,True,손절,1,-1.082
358570,지아이이노베이션,2025-10-23,14970.0,15500.94,14721.96,5.025,13.56,0.78,12.51,False,False,False,미돌파,0,0.0
018670,SK가스,2025-10-23,239500.0,243486.0,235551.79,3.259,7.69,1.25,-0.42,True,False,False,미돌파,0,0.0
277810,레인보우로보틱스,2025-10-23,332500.0,342684.0,327391.07,4.463,12.5,0.41,3.2,False,False,True,시간손절,5,0.542
006360,GS건설,2025-10-23,18750.0,19027.98,18559.82,2.46,5.56,0.76,-0.91,True,False,True,손절,1,-1.122
294870,IPARK현대산업개발,2025-10-23,19340.0,19478.88,18940.64,2.763,9.76,0.83,4.73,False,False,False,미돌파,0,0.0
005290,동진쎄미켐,2025-10-24,42900.0,43336.5,41620.89,3.959,7.41,0.84,0.58,False,False,True,손절,2,-1.076
249420,일동제약,2025-10-24,21800.0,23547.0,21078.39,10.484,2.33,1.07,0.46,False,False,True,시간손절,5,-0.048
003030,세아제강지주,2025-10-24,144900.0,146091.6,140938.21,3.528,7.32,1.34,0.96,False,True,True,추적청산,4,0.415
007340,DN오토모티브,2025-10-24,23400.0,23597.1,22917.14,2.882,0.0,0.55,1.06,True,False,True,손절,2,-1.104
086790,하나금융지주,2025-10-24,88000.0,89178.0,87164.64,2.258,13.33,1.34,-2.21,True,False,True,손절,2,-1.133
039200,오스코텍,2025-10-24,37900.0,38526.9,36830.71,4.403,7.69,0.67,5.13,True,False,True,추적청산,4,0.91
079900,전진건설로봇,2025-10-24,48350.0,48797.4,47249.46,3.172,13.04,0.94,6.84,False,False,False,미돌파,0,0.0
030610,교보증권,2025-10-24,9370.0,9519.0,9228.59,3.051,8.7,1.15,-2.97,True,False,True,시간손절,5,-0.405
028260,삼성물산,2025-10-24,209000.0,210921.0,203667.68,3.439,0.0,0.66,0.71,False,False,True,추적청산,7,1.245
044490,태웅,2025-10-24,30750.0,31613.1,29764.11,5.849,10.34,1.06,8.35,False,False,False,미돌파,0,0.0
326030,SK바이오팜,2025-10-24,106500.0,107214.0,103676.25,3.3,13.79,0.9,-5.45,True,True,True,추적청산,4,1.425
460930,현대힘스,2025-10-24,22900.0,23246.4,22307.68,4.038,7.14,0.56,-1.55,True,False,True,추적청산,2,0.426
016380,KG스틸,2025-10-24,5610.0,5631.24,5495.04,2.419,10.0,0.49,1.23,True,True,True,추적청산,5,0.261
000810,삼성화재,2025-10-24,455500.0,462423.0,450376.79,2.605,5.26,0.75,-4.35,True,False,False,미돌파,0,0.0
004990,롯데지주,2025-10-24,29600.0,29909.7,28959.11,3.178,6.67,0.88,-3.86,True,False,True,추적청산,3,0.427
300720,한일시멘트,2025-10-24,18100.0,18136.2,17436.25,3.859,10.0,0.61,0.71,True,True,True,시간손절,5,-0.772
048410,현대바이오,2025-10-24,5290.0,5440.86,5187.64,4.654,0.0,0.99,2.58,False,False,True,시간손절,5,-0.937
001270,부국증권,2025-10-27,69100.0,71743.2,67861.07,5.411,0.0,1.29,1.29,False,False,False,미돌파,0,0.0
031330,에스에이엠티,2025-10-27,3625.0,3722.43,3497.29,6.048,7.69,1.48,2.16,False,False,False,미돌파,0,0.0
484870,엠앤씨솔루션,2025-10-27,63933.0,65731.2,62379.68,5.099,10.27,1.07,2.64,False,False,False,미돌파,0,0.0
082640,동양생명,2025-10-27,7190.0,7284.54,7066.79,2.989,11.76,1.04,4.52,False,False,False,미돌파,0,0.0
103140,풍산,2025-10-27,120000.0,120941.4,116492.5,3.679,6.06,0.81,0.0,True,False,True,손절,4,-1.082
016360,삼성증권,2025-10-27,78600.0,80861.4,76612.14,5.255,10.81,1.8,0.51,False,False,False,미돌파,0,0.0
014620,성광벤드,2025-10-27,32450.0,33366.6,31801.96,4.689,4.0,0.81,-6.05,True,False,False,미돌파,0,0.0
388720,유일로보틱스,2025-10-27,81400.0,83366.4,78927.5,5.325,0.0,0.75,0.85,False,False,False,미돌파,0,0.0
219130,타이거일렉,2025-10-27,23000.0,23747.4,22078.93,7.026,7.41,2.53,9.98,True,False,False,미돌파,0,0.0
383220,F&F,2025-10-27,65100.0,66132.0,63783.93,3.551,5.26,1.32,-0.77,True,False,False,미돌파,0,0.0
028670,팬오션,2025-10-27,3855.0,3932.85,3811.04,3.097,10.53,0.85,-3.35,True,False,False,미돌파,0,0.0
499790,GS피앤엘,2025-10-27,39250.0,40029.9,38025.0,5.009,9.68,0.79,3.56,True,False,True,손절,3,-1.06
008060,대덕,2025-10-27,9180.0,9368.7,9059.29,3.303,0.0,0.79,0.11,False,False,False,미돌파,0,0.0
035250,강원랜드,2025-10-27,17090.0,17214.36,16981.64,1.352,6.25,1.36,2.9,True,False,True,손절,2,-1.222
009450,경동나비엔,2025-10-27,72100.0,72645.0,70945.0,2.34,7.69,1.16,0.83,False,False,False,미돌파,0,0.0
001720,신영증권,2025-10-27,142000.0,146392.2,139383.57,4.788,0.0,1.62,0.98,False,False,False,미돌파,0,0.0
115180,큐리언트,2025-10-27,18460.0,18777.48,17183.29,8.49,4.84,1.45,15.13,False,False,True,추적청산,16,2.887
001820,삼화콘덴서,2025-10-27,33800.0,34368.6,32892.86,4.294,8.7,0.93,0.0,True,False,True,손절,3,-1.07
018670,SK가스,2025-10-27,239000.0,242985.0,236003.57,2.873,0.0,1.48,-1.92,True,False,True,추적청산,7,1.471
277810,레인보우로보틱스,2025-10-27,342000.0,349197.0,333858.93,4.392,0.0,0.52,3.25,False,False,True,추적청산,7,3.098
001740,SK네트웍스,2025-10-27,4635.0,4684.35,4604.41,1.707,9.09,0.53,0.96,True,False,False,미돌파,0,0.0
440110,파두,2025-10-27,23850.0,26803.5,22252.68,16.978,2.38,2.84,-10.16,True,False,False,미돌파,0,0.0
001500,현대차증권,2025-10-27,8970.0,9168.3,8806.71,3.944,10.0,1.64,0.11,False,False,False,미돌파,0,0.0
012330,현대모비스,2025-10-28,304500.0,305610.0,299203.57,2.096,11.11,0.96,1.3,True,True,True,추적청산,4,0.357
044490,태웅,2025-10-28,31400.0,32013.9,30159.29,5.793,6.9,0.77,3.53,False,False,True,손절,4,-1.052
440110,파두,2025-10-28,24000.0,24498.9,22701.07,7.338,3.45,0.62,-9.34,True,False,False,미돌파,0,0.0
214430,아이쓰리시스템,2025-10-28,80500.0,82464.6,78052.5,5.35,13.51,0.6,-3.21,True,False,False,미돌파,0,0.0
065350,신성델타테크,2025-10-28,57400.0,57715.2,55531.43,3.784,5.88,0.77,-1.23,True,True,True,손절,2,-1.079
192820,코스맥스,2025-10-28,205500.0,211923.0,202486.43,4.453,12.5,1.64,0.48,False,False,False,미돌파,0,0.0
010170,대한광통신,2025-10-28,1721.0,1814.62,1662.14,8.403,3.2,0.5,0.58,False,False,True,추적청산,3,0.464
105560,KB금융,2025-10-28,116400.0,117434.4,114447.14,2.544,13.64,1.32,0.09,True,False,True,추적청산,14,2.151
323410,카카오뱅크,2025-10-28,23450.0,23922.75,23157.32,3.2,0.0,0.71,0.21,True,False,False,미돌파,0,0.0
137310,에스디바이오센서,2025-10-28,10080.0,10210.38,9911.0,2.932,12.5,0.97,-2.13,True,False,False,미돌파,0,0.0
036570,NC,2025-10-28,217500.0,224949.0,212376.07,5.589,13.64,1.87,-5.84,True,False,False,미돌파,0,0.0
032640,LG유플러스,2025-10-28,15260.0,15410.76,15109.32,1.956,9.09,0.89,-2.14,True,False,True,손절,1,-1.153
278470,에이피알,2025-10-28,246500.0,258516.0,239737.5,7.264,3.03,1.14,-6.48,True,False,False,미돌파,0,0.0
086280,현대글로비스,2025-10-28,169300.0,169839.0,164418.21,3.192,2.38,0.57,-2.67,True,True,True,추적청산,5,0.827
012750,에스원,2025-10-28,75900.0,76753.2,74986.61,2.302,7.69,0.73,0.52,False,False,True,손절,2,-1.13
175330,JB금융지주,2025-10-28,21950.0,22194.3,21646.07,2.47,0.0,1.03,3.3,True,False,True,추적청산,5,0.475
007390,네이처셀,2025-10-28,25200.0,25500.9,24238.62,4.95,10.53,0.54,4.0,False,False,True,손절,5,-1.061
139130,iM금융지주,2025-10-28,13620.0,13737.42,13441.18,2.156,9.52,0.99,-1.11,True,False,True,손절,1,-1.139
003230,삼양식품,2025-10-28,1261000.0,1291578.0,1235717.86,4.325,6.67,1.24,4.47,True,False,False,미돌파,0,0.0
006280,녹십자,2025-10-28,133300.0,133967.4,130869.29,2.313,12.5,0.94,-1.99,True,False,False,미돌파,0,0.0
004020,현대제철,2025-10-29,34050.0,34569.0,33391.16,3.407,5.26,0.99,1.02,True,False,True,손절,1,-1.088
095610,테스,2025-10-29,45950.0,46643.1,40805.0,12.517,12.38,2.18,1.08,True,True,True,손절,5,-1.024
383800,LX홀딩스,2025-10-29,8270.0,8286.54,8059.89,2.735,5.56,1.04,0.24,True,True,True,손절,4,-1.11
161390,한국타이어앤테크놀로지,2025-10-29,45300.0,45591.0,43965.71,3.565,11.11,0.69,0.11,False,True,True,시간손절,5,-0.079
053800,안랩,2025-10-29,59300.0,59919.6,58955.36,1.609,14.29,0.7,0.5,False,False,False,미돌파,0,0.0
034220,LG디스플레이,2025-10-29,14500.0,14819.58,14150.25,4.517,0.0,1.23,-2.18,True,False,False,미돌파,0,0.0
183300,코미코,2025-10-29,58520.0,59198.16,56224.85,5.023,6.68,0.83,2.05,True,False,False,미돌파,0,0.0
000270,기아,2025-10-29,115800.0,116833.2,112546.07,3.669,14.29,1.11,1.95,False,False,True,추적청산,2,0.418
064760,티씨케이,2025-10-29,168900.0,172043.4,162685.0,5.44,12.82,1.04,3.6,False,False,False,미돌파,0,0.0
005850,에스엘,2025-10-29,36100.0,36322.5,35165.71,3.185,11.11,0.99,2.96,True,False,True,추적청산,2,0.288
115180,큐리언트,2025-10-29,18980.0,19609.14,17835.75,9.044,8.45,0.67,7.41,False,False,False,미돌파,0,0.0
082920,비츠로셀,2025-10-29,14282.0,14411.77,14034.7,2.616,8.99,0.63,1.56,True,False,True,손절,1,-1.115
102710,이엔에프테크놀로지,2025-10-29,50400.0,51302.4,48906.96,4.669,10.81,0.84,1.75,False,False,False,미돌파,0,0.0
103140,풍산,2025-10-29,119200.0,120240.0,116008.21,3.519,3.12,0.63,0.5,True,False,True,손절,2,-1.085
012330,현대모비스,2025-10-29,306500.0,307614.0,300203.57,2.409,0.0,0.79,2.54,True,True,True,추적청산,2,0.375
071320,지역난방공사,2025-10-29,98500.0,98897.4,95645.36,3.288,8.33,0.7,3.05,False,True,False,미돌파,0,0.0
003160,디아이,2025-10-29,23700.0,24549.0,22317.86,9.089,10.81,0.46,2.27,False,False,True,손절,5,-1.033
036530,SNT홀딩스,2025-10-29,66600.0,67234.2,64514.29,4.045,13.64,0.76,0.75,True,False,False,미돌파,0,0.0
025540,한국단자,2025-10-29,61700.0,61923.6,60705.0,1.968,11.11,0.84,0.64,True,True,True,추적청산,2,0.297
008060,대덕,2025-10-29,9100.0,9278.52,8969.5,3.33,8.0,0.81,-0.44,True,False,False,미돌파,0,0.0
036540,SFA반도체,2025-10-29,4355.0,4393.77,4255.64,3.144,0.0,0.49,-1.28,True,False,False,미돌파,0,0.0
100090,SK오션플랜트,2025-10-29,22000.0,22494.9,21083.04,6.276,13.04,0.77,0.23,False,False,True,손절,2,-1.048
204320,HL만도,2025-10-29,37150.0,37424.7,36326.43,2.935,5.88,0.7,1.2,False,False,True,추적청산,2,0.295
064350,현대로템,2025-10-30,231500.0,234468.0,225226.79,3.941,7.14,0.77,4.14,False,False,True,추적청산,3,0.424
021240,코웨이,2025-10-30,90200.0,92083.8,89118.57,3.22,4.17,0.65,2.28,True,False,False,미돌파,0,0.0
001530,DI동일,2025-10-30,17600.0,18112.15,16927.3,6.542,11.09,0.85,5.57,True,False,False,미돌파,0,0.0
001680,대상,2025-10-30,20950.0,21192.3,20788.66,1.905,0.0,1.4,-0.24,True,False,False,미돌파,0,0.0
484870,엠앤씨솔루션,2025-10-30,63600.0,63727.2,59527.45,6.59,9.45,0.71,3.59,True,True,False,미돌파,0,0.0
032830,삼성생명,2025-10-30,157400.0,161923.2,155583.93,3.915,13.73,1.4,2.9,False,False,False,미돌파,0,0.0
099190,아이센스,2025-10-30,17300.0,17494.92,16878.25,3.525,6.38,0.88,2.64,True,False,True,손절,2,-1.085
192080,더블유게임즈,2025-10-30,50100.0,50601.0,49514.46,2.147,0.0,1.22,-0.2,True,False,False,미돌파,0,0.0
252990,샘씨엔에스,2025-10-30,7280.0,7464.9,6977.3,6.532,0.0,0.79,-6.28,True,False,True,추적청산,4,0.511
376900,로킷헬스케어,2025-10-30,35300.0,36322.5,32881.07,9.475,12.5,0.14,5.74,False,False,True,추적청산,4,0.487
295310,에이치브이엠,2025-10-30,23550.0,25701.3,22702.32,11.669,3.64,2.33,1.26,True,False,False,미돌파,0,0.0
271560,오리온,2025-10-30,100500.0,101402.4,99951.43,1.431,10.0,0.95,0.99,True,False,False,미돌파,0,0.0
083650,비에이치아이,2025-10-30,51900.0,53707.2,50077.14,6.759,3.33,0.8,-7.45,True,False,True,손절,1,-1.044
214430,아이쓰리시스템,2025-10-30,79100.0,79558.8,76800.71,3.467,4.76,0.55,1.37,True,True,True,손절,1,-1.087
018290,브이티,2025-10-30,25450.0,25951.8,25119.29,3.208,7.69,0.88,1.36,False,False,False,미돌파,0,0.0
440110,파두,2025-10-30,24550.0,24799.5,22767.14,8.195,2.94,0.86,-14.19,True,True,True,추적청산,4,0.525
347700,스피어,2025-10-30,8170.0,8496.96,7705.02,9.32,2.94,0.76,12.62,True,False,False,미돌파,0,0.0
241710,코스메카코리아,2025-10-30,66800.0,68236.2,64897.5,4.893,14.81,0.93,4.43,False,False,False,미돌파,0,0.0
024110,기업은행,2025-10-30,19160.0,19418.76,18903.61,2.653,11.63,1.33,1.29,False,False,False,미돌파,0,0.0
251270,넷마블,2025-10-30,54800.0,55410.6,53521.43,3.409,6.67,1.21,1.79,True,False,False,미돌파,0,0.0
003240,태광산업,2025-10-31,802000.0,814626.0,792871.43,2.67,11.76,0.95,2.91,True,False,False,미돌파,0,0.0
030610,교보증권,2025-10-31,9430.0,9579.12,9284.79,3.073,4.35,0.81,-0.64,True,False,True,손절,2,-1.098
096530,씨젠,2025-10-31,25300.0,25701.3,25045.54,2.551,0.0,0.84,0.59,True,False,False,미돌파,0,0.0
000400,롯데손해보험,2025-10-31,1899.0,1953.9,1871.12,4.237,13.43,0.93,4.33,True,False,False,미돌파,0,0.0
081660,미스토홀딩스,2025-10-31,36800.0,37675.2,36295.98,3.661,0.0,1.4,4.54,True,False,True,추적청산,7,0.771
082740,한화엔진,2025-10-31,49400.0,50500.8,47775.36,5.397,4.65,0.48,-1.02,True,False,True,추적청산,2,0.444
248070,솔루엠,2025-10-31,17900.0,17965.86,17326.43,3.559,9.62,0.85,-4.56,True,True,True,추적청산,3,0.416
383800,LX홀딩스,2025-10-31,8160.0,8266.5,8052.57,2.588,5.88,0.95,0.73,True,False,False,미돌파,0,0.0
006730,서부T&D,2025-10-31,9120.0,9278.52,8951.89,3.52,7.69,0.33,0.55,False,False,True,추적청산,3,0.415
011200,HMM,2025-10-31,20550.0,20891.7,20355.71,2.566,12.5,0.79,0.0,True,False,False,미돌파,0,0.0
074600,원익QnC,2025-10-31,23450.0,23797.5,23053.21,3.128,9.09,0.35,2.09,True,False,False,미돌파,0,0.0
026960,동서,2025-10-31,27000.0,27555.0,26741.25,2.953,7.69,1.04,3.23,False,False,False,미돌파,0,0.0
100090,SK오션플랜트,2025-10-31,21200.0,21893.7,20831.7,4.851,6.25,0.6,7.63,True,False,True,추적청산,2,0.438
347700,스피어,2025-10-31,8240.0,8416.8,7966.8,5.346,14.29,0.55,7.1,False,False,True,추적청산,3,0.547
001040,CJ,2025-10-31,170700.0,173245.8,168665.71,2.644,12.12,0.72,0.06,False,False,True,추적청산,2,0.387
005250,녹십자홀딩스,2025-10-31,15760.0,16001.94,15574.64,2.67,12.12,1.0,0.0,True,False,True,손절,3,-1.112
219130,타이거일렉,2025-10-31,21900.0,22444.8,21373.39,4.774,12.5,0.47,3.95,False,False,False,미돌파,0,0.0
001270,부국증권,2025-10-31,67800.0,68737.2,65463.21,4.763,0.0,0.82,0.0,True,False,True,손절,3,-1.082
055550,신한지주,2025-10-31,73300.0,74448.6,72150.71,3.087,5.56,1.05,0.14,True,False,False,미돌파,0,0.0
031210,서울보증보험,2025-10-31,50500.0,51502.8,50011.96,2.895,8.33,0.7,-0.4,True,False,False,미돌파,0,0.0
499790,GS피앤엘,2025-10-31,38350.0,39629.1,37725.89,4.803,0.0,0.41,2.91,True,False,True,손절,1,-1.062
028670,팬오션,2025-10-31,3830.0,3892.77,3796.89,2.463,14.29,0.58,0.0,True,False,False,미돌파,0,0.0
045100,한양이엔지,2025-10-31,20150.0,20290.5,19778.68,2.522,12.82,0.81,0.0,True,False,False,미돌파,0,0.0
483650,달바글로벌,2025-10-31,149900.0,152304.0,147518.21,3.142,11.11,0.71,1.12,False,False,True,추적청산,4,0.049
014620,성광벤드,2025-10-31,31500.0,32214.3,31026.61,3.687,11.11,0.55,1.25,False,False,True,손절,1,-1.081
079160,CJ CGV,2025-10-31,4995.0,5050.08,4945.45,2.072,0.0,0.8,1.67,False,False,False,미돌파,0,0.0
319660,피에스케이,2025-10-31,37750.0,38677.2,37065.71,4.167,12.5,0.4,0.92,False,False,False,미돌파,0,0.0
008060,대덕,2025-10-31,9120.0,9188.34,8914.75,2.978,0.0,0.78,0.22,False,False,True,손절,3,-1.101
034230,파라다이스,2025-10-31,18490.0,18887.7,18102.82,4.156,12.31,0.71,2.01,True,False,True,손절,2,-1.072
101490,에스앤에스텍,2025-10-31,56100.0,58015.8,54195.71,6.585,12.9,0.86,9.95,False,False,False,미돌파,0,0.0
294870,IPARK현대산업개발,2025-10-31,19280.0,19508.94,18899.5,3.124,12.77,0.82,0.72,False,False,False,미돌파,0,0.0
056190,SFA,2025-10-31,24750.0,25500.9,24465.0,4.062,5.88,1.76,0.2,False,False,False,미돌파,0,0.0
336570,원텍,2025-10-31,8500.0,8627.22,8377.36,2.896,0.0,0.92,1.96,True,False,True,손절,3,-1.104
095610,테스,2025-10-31,44300.0,45290.4,42560.89,6.027,13.95,0.45,11.04,False,False,False,미돌파,0,0.0
032830,삼성생명,2025-10-31,154300.0,154909.2,150285.0,2.985,8.82,4.72,5.1,True,True,False,미돌파,0,0.0
001500,현대차증권,2025-10-31,8730.0,8887.74,8281.25,6.824,7.41,1.81,0.46,False,False,False,미돌파,0,0.0
005940,NH투자증권,2025-10-31,20350.0,20941.8,19985.04,4.569,6.25,1.47,0.97,True,False,True,손절,3,-1.066
099190,아이센스,2025-10-31,17300.0,17615.16,17053.39,3.189,7.14,0.79,0.4,True,False,False,미돌파,0,0.0
032350,롯데관광개발,2025-10-31,18140.0,18737.4,17472.29,6.752,3.64,0.77,4.22,False,False,True,손절,3,-1.044
001510,SK증권,2025-10-31,1401.0,1423.84,1379.79,3.094,0.0,0.35,0.85,True,False,False,미돌파,0,0.0
456040,OCI,2025-10-31,59100.0,59518.8,57989.29,2.57,0.0,0.57,5.59,True,False,True,추적청산,3,0.383
192080,더블유게임즈,2025-11-03,50200.0,50701.2,49770.89,1.835,14.29,0.79,0.79,False,False,False,미돌파,0,0.0
005300,롯데칠성,2025-11-03,115000.0,116131.8,113822.86,1.988,0.0,0.66,2.95,False,False,True,추적청산,4,1.1
278280,천보,2025-11-03,73600.0,74749.2,69703.75,6.75,0.0,0.58,5.88,False,False,True,손절,2,-1.044
489790,한화비전,2025-11-03,49650.0,49999.8,48255.89,3.488,3.7,1.3,8.06,True,True,True,손절,2,-1.086
066570,LG전자,2025-11-03,88600.0,90380.4,87490.71,3.197,4.35,1.02,0.45,False,False,True,손절,2,-1.094
139130,iM금융지주,2025-11-03,13350.0,13547.04,13173.43,2.758,10.34,0.98,1.84,False,False,True,손절,1,-1.109
457190,이수스페셜티케미컬,2025-11-03,57200.0,57715.2,54964.82,4.765,4.76,0.65,3.87,False,True,True,손절,2,-1.196
018290,브이티,2025-11-03,25650.0,26202.3,25229.46,3.713,6.25,0.97,0.77,False,False,False,미돌파,0,0.0
298050,HS효성첨단소재,2025-11-03,185000.0,186772.8,180566.79,3.323,6.12,1.38,7.96,False,False,True,추적청산,5,0.992
336570,원텍,2025-11-03,8510.0,8667.3,8398.96,3.096,0.0,0.83,3.08,True,False,False,미돌파,0,0.0
443060,HD현대마린솔루션,2025-11-03,241500.0,250500.0,237871.43,5.041,0.0,0.92,3.59,False,False,False,미돌파,0,0.0
183300,코미코,2025-11-03,55617.0,56391.56,53479.8,5.163,2.18,1.81,6.51,False,False,True,추적청산,2,0.442
079940,가비아,2025-11-03,27750.0,28356.6,26809.82,5.455,11.54,0.47,-7.35,True,False,True,손절,4,-1.055
213420,덕산네오룩스,2025-11-03,42400.0,44088.0,40473.57,8.198,4.62,1.61,2.3,True,False,False,미돌파,0,0.0
033780,KT&G,2025-11-03,133700.0,134368.2,132350.71,1.501,14.29,0.83,1.55,True,False,True,손절,1,-1.2
005490,POSCO홀딩스,2025-11-03,311500.0,313626.0,304328.57,2.964,7.14,0.92,2.66,False,True,True,손절,2,-1.101
004000,롯데정밀화학,2025-11-03,45450.0,45691.2,44703.39,2.162,7.14,1.14,5.9,True,False,True,손절,2,-1.139
006280,녹십자,2025-11-03,130700.0,133266.0,129038.21,3.172,0.0,1.1,1.51,True,False,True,손절,1,-1.095
005830,DB손해보험,2025-11-03,125500.0,127254.0,124460.0,2.196,5.0,0.65,6.2,True,False,False,미돌파,0,0.0
016360,삼성증권,2025-11-03,77800.0,78857.4,76706.79,2.727,12.5,0.89,1.02,False,False,False,미돌파,0,0.0
004990,롯데지주,2025-11-03,29250.0,29759.4,28850.0,3.056,7.14,0.8,3.62,True,False,False,미돌파,0,0.0
263750,펄어비스,2025-11-03,34900.0,35621.1,34417.68,3.378,15.0,1.07,0.14,False,False,True,손절,2,-1.089
042700,한미반도체,2025-11-03,141600.0,143987.4,137077.86,4.799,5.66,0.58,5.35,False,False,True,손절,2,-1.696
009970,영원무역홀딩스,2025-11-03,140300.0,143286.0,137856.43,3.789,9.09,1.22,1.89,True,False,False,미돌파,0,0.0
128940,한미약품,2025-11-03,424000.0,427854.0,406303.57,5.037,8.82,0.94,0.93,False,False,True,추적청산,4,0.513
003090,대웅,2025-11-03,21800.0,22294.5,21385.89,4.075,6.67,1.17,3.11,False,False,True,손절,2,-1.074
383800,LX홀딩스,2025-11-03,8180.0,8256.48,8073.11,2.221,14.29,1.15,2.15,True,False,False,미돌파,0,0.0
259960,크래프톤,2025-11-03,279500.0,288075.0,275391.07,4.403,0.0,0.96,1.93,False,False,False,미돌파,0,0.0
078600,대주전자재료,2025-11-03,77000.0,77454.6,74587.14,3.702,9.52,0.38,6.55,False,True,True,추적청산,2,0.322
014620,성광벤드,2025-11-03,31700.0,32514.9,30788.39,5.31,13.79,0.91,2.31,False,False,False,미돌파,0,0.0
058470,리노공업,2025-11-03,58000.0,58216.2,56031.07,3.753,0.0,0.99,-1.22,True,True,True,손절,2,-1.08
088980,맥쿼리인프라,2025-11-03,10990.0,11092.14,10926.61,1.492,0.0,1.45,1.35,True,False,True,추적청산,7,0.746
348370,엔켐,2025-11-03,88500.0,89378.4,84196.07,5.798,10.0,0.51,9.6,False,False,True,손절,2,-1.052
144960,뉴파워프라즈마,2025-11-03,6200.0,6332.64,6058.79,4.324,0.0,0.61,7.32,False,False,True,손절,2,-1.069
069260,TKG휴켐스,2025-11-03,17810.0,17975.88,17703.71,1.514,0.0,0.77,2.84,False,False,False,미돌파,0,0.0
003470,유안타증권,2025-11-03,3865.0,3942.87,3815.18,3.239,5.0,1.25,0.64,False,False,False,미돌파,0,0.0
950160,코오롱티슈진,2025-11-03,44850.0,45841.5,43290.36,5.565,2.33,1.36,4.88,False,False,True,추적청산,2,0.446
000240,한국앤컴퍼니,2025-11-03,23350.0,23446.8,22766.61,2.901,0.0,0.86,4.3,False,True,False,미돌파,0,0.0
000990,DB하이텍,2025-11-03,58900.0,59819.4,57029.29,4.664,0.0,0.69,3.12,False,False,True,손절,2,-1.064
036530,SNT홀딩스,2025-11-04,62000.0,65130.0,60213.21,7.549,4.55,1.38,6.34,True,False,False,미돌파,0,0.0
356860,티엘비,2025-11-04,33470.0,34110.08,31706.43,7.047,9.72,0.72,-2.04,True,False,False,미돌파,0,0.0
376300,디어유,2025-11-04,37550.0,39078.0,36805.71,5.815,5.13,0.74,5.06,False,False,False,미돌파,0,0.0
144960,뉴파워프라즈마,2025-11-04,6200.0,6412.8,6090.61,5.024,11.54,0.47,3.12,False,False,False,미돌파,0,0.0
000240,한국앤컴퍼니,2025-11-04,23000.0,23346.6,21859.11,6.371,11.54,1.12,3.56,False,True,False,미돌파,0,0.0
032830,삼성생명,2025-11-04,151100.0,153105.6,148351.07,3.105,2.7,0.89,5.62,True,False,True,손절,1,-1.097
213420,덕산네오룩스,2025-11-04,42300.0,43486.8,41321.96,4.978,0.0,0.92,2.98,False,False,False,미돌파,0,0.0
028050,삼성E&A,2025-11-04,26400.0,26753.4,25823.75,3.475,0.0,0.73,3.3,True,False,False,미돌파,0,0.0
101160,월덱스,2025-11-04,25500.0,26553.0,25002.14,5.841,0.0,0.91,0.58,False,False,False,미돌파,0,0.0
005440,현대지에프홀딩스,2025-11-04,7720.0,7835.64,7586.18,3.184,10.53,0.71,4.81,False,False,False,미돌파,0,0.0
139480,이마트,2025-11-04,71600.0,72645.0,70765.36,2.587,6.67,1.15,4.02,True,False,False,미돌파,0,0.0
319400,현대무벡스,2025-11-04,10340.0,10821.6,9976.25,7.812,7.14,0.67,2.36,False,False,False,미돌파,0,0.0
000990,DB하이텍,2025-11-04,59000.0,60821.4,58144.29,4.402,0.0,0.79,0.67,True,False,False,미돌파,0,0.0
000120,CJ대한통운,2025-11-04,81000.0,81663.0,80479.29,1.45,12.5,0.68,3.23,True,False,True,손절,1,-1.207
011780,금호석유화학,2025-11-04,115600.0,117634.8,114798.21,2.411,9.09,0.66,1.62,False,False,False,미돌파,0,0.0
029780,삼성카드,2025-11-04,49500.0,49949.7,48974.91,1.952,13.33,1.04,1.39,False,False,True,추적청산,9,1.654
009240,한샘,2025-11-04,45150.0,45691.2,44435.0,2.749,5.0,0.63,0.22,False,False,False,미돌파,0,0.0
095340,ISC,2025-11-04,81500.0,82564.8,79396.43,3.837,12.0,1.33,-2.52,True,False,False,미돌파,0,0.0
090460,비에이치,2025-11-04,17770.0,18106.14,17200.43,5.002,4.0,1.19,1.93,True,False,False,미돌파,0,0.0
006040,동원산업,2025-11-04,47450.0,48797.4,45790.36,6.162,1.92,0.82,4.53,False,False,False,미돌파,0,0.0
009450,경동나비엔,2025-11-04,70300.0,71342.4,69590.0,2.456,0.0,0.62,2.63,True,False,False,미돌파,0,0.0
000400,롯데손해보험,2025-11-04,1844.0,1933.86,1712.79,11.432,5.88,1.08,8.94,True,False,False,미돌파,0,0.0
036460,한국가스공사,2025-11-04,42000.0,42685.2,41656.43,2.41,6.25,0.78,2.33,False,False,False,미돌파,0,0.0
008060,대덕,2025-11-04,9060.0,9238.44,8988.61,2.704,15.0,0.84,0.11,False,False,True,손절,1,-1.111
166090,하나머티리얼즈,2025-11-04,41000.0,42735.3,40159.29,6.028,2.33,0.75,0.49,False,False,False,미돌파,0,0.0
078600,대주전자재료,2025-11-04,78400.0,80961.6,77063.57,4.815,12.9,0.89,4.04,False,False,False,미돌파,0,0.0
001040,CJ,2025-11-04,172700.0,177654.6,170429.29,4.067,11.86,1.06,2.15,True,False,False,미돌파,0,0.0
214450,파마리서치,2025-11-04,534000.0,550098.0,523885.71,4.765,9.52,0.75,0.37,False,False,False,미돌파,0,0.0
011200,HMM,2025-11-04,20200.0,20440.8,19960.0,2.352,14.29,0.69,3.81,False,False,False,미돌파,0,0.0
281820,케이씨텍,2025-11-04,39400.0,40530.9,38656.25,4.625,12.9,1.23,-3.01,True,False,False,미돌파,0,0.0
001120,LX인터내셔널,2025-11-04,29900.0,30060.0,29559.46,1.665,0.0,0.76,1.16,False,False,False,미돌파,0,0.0
005690,파미셀,2025-11-05,18100.0,18286.5,16885.32,7.662,10.26,0.67,2.48,False,True,True,시간손절,5,-0.051
000150,두산,2025-11-05,930000.0,939876.0,858714.29,8.635,2.9,1.25,5.2,False,True,True,추적청산,6,0.829
006400,삼성SDI,2025-11-05,325000.0,333165.0,306748.21,7.929,11.11,1.17,1.81,False,False,True,손절,2,-1.038
032190,다우데이타,2025-11-05,17150.0,17294.52,16272.25,5.911,6.9,1.48,6.28,False,True,True,추적청산,7,0.701
009240,한샘,2025-11-05,45100.0,45290.4,43888.21,3.096,8.7,0.61,3.32,False,True,True,추적청산,7,0.62
403870,HPSP,2025-11-05,32600.0,33216.3,30760.0,7.395,6.98,1.11,7.91,True,False,True,시간손절,5,-0.271
030520,한컴,2025-11-05,24800.0,24949.8,23224.64,6.915,3.23,1.6,1.98,True,True,True,시간손절,5,0.218
086520,에코프로,2025-11-05,92800.0,96492.6,86017.5,10.856,0.0,1.97,0.32,False,False,True,손절,3,-1.028
079160,CJ CGV,2025-11-05,4865.0,4924.83,4722.86,4.101,5.71,1.21,3.47,True,False,False,미돌파,0,0.0
476060,온코닉테라퓨틱스,2025-11-05,14850.0,15831.6,14000.93,11.563,9.74,1.27,20.16,True,False,False,미돌파,0,0.0
115180,큐리언트,2025-11-05,20850.0,21142.2,19455.75,7.977,11.03,0.79,-9.85,True,True,True,추적청산,9,2.051
278280,천보,2025-11-05,69700.0,71542.8,66037.32,7.695,6.82,0.58,9.72,False,False,True,손절,2,-1.039
047050,포스코인터내셔널,2025-11-05,52800.0,54508.8,51240.36,5.996,7.41,0.55,10.2,False,False,False,미돌파,0,0.0
251970,펌텍코리아,2025-11-05,53200.0,53406.6,50416.07,5.6,7.69,0.8,0.37,True,True,True,손절,4,-1.054
247540,에코프로비엠,2025-11-05,157900.0,162223.8,148850.0,8.244,9.65,0.51,8.04,True,False,True,손절,2,-1.036
000400,롯데손해보험,2025-11-05,1841.0,1906.81,1787.86,6.238,5.88,0.86,6.41,False,False,True,손절,4,-1.048
071320,지역난방공사,2025-11-05,94700.0,95691.0,89220.71,6.762,3.57,1.33,3.86,False,True,True,추적청산,6,1.445
001120,LX인터내셔널,2025-11-05,29600.0,29859.6,28916.96,3.157,12.5,1.19,2.79,True,True,True,추적청산,7,0.851
041830,인바디,2025-11-05,27050.0,27705.3,26091.25,5.826,7.69,0.31,7.2,True,False,True,추적청산,8,0.803
178320,서진시스템,2025-11-05,25950.0,26352.6,24586.43,6.702,6.9,0.57,14.5,False,False,True,손절,2,-1.045
042700,한미반도체,2025-11-05,133100.0,136372.2,124580.0,8.647,3.92,1.31,3.69,False,False,True,손절,2,-1.035
124500,아이티센글로벌,2025-11-05,18760.0,19128.18,17331.14,9.395,10.9,0.55,3.7,False,True,True,추적청산,6,1.114
033100,제룡전기,2025-11-05,38350.0,38927.7,36062.32,7.361,6.0,1.3,3.16,False,True,True,손절,2,-1.041
007390,네이처셀,2025-11-05,25150.0,25450.8,23298.21,8.458,8.11,0.78,1.76,True,True,True,시간손절,5,0.661
319660,피에스케이,2025-11-05,36900.0,37575.0,34254.46,8.837,1.72,0.99,3.02,False,False,True,추적청산,2,0.466
121600,나노신소재,2025-11-05,64900.0,66633.0,61562.5,7.61,4.65,0.63,9.1,False,False,True,손절,2,-1.039
009150,삼성전기,2025-11-05,229500.0,232464.0,217694.64,6.353,8.0,1.03,1.08,True,True,True,손절,2,-1.047
101160,월덱스,2025-11-05,25000.0,25350.6,23440.36,7.535,5.88,1.42,2.53,True,False,True,손절,2,-1.04
214150,클래시스,2025-11-05,47300.0,47945.7,45821.96,4.429,5.71,0.67,2.97,False,False,True,추적청산,9,2.329
032640,LG유플러스,2025-11-05,14970.0,15621.18,14626.68,6.366,10.0,2.05,1.84,False,False,False,미돌파,0,0.0
032820,우리기술,2025-11-05,4570.0,4649.28,4313.5,7.222,8.93,0.5,8.23,False,False,True,손절,2,-1.722
336260,두산퓨얼셀,2025-11-05,41250.0,41783.4,37987.77,9.084,4.65,0.66,3.17,False,True,True,손절,1,-1.033
053800,안랩,2025-11-05,60800.0,61122.0,59431.79,2.765,0.0,1.71,-2.53,True,True,True,시간손절,5,-0.299
003670,포스코퓨처엠,2025-11-05,213500.0,219187.5,200600.0,8.48,3.17,0.51,8.96,True,False,True,손절,3,-1.035
089970,브이엠,2025-11-05,23800.0,24649.2,22129.46,10.222,9.09,0.54,6.11,False,False,True,손절,1,-1.029
003490,대한항공,2025-11-06,22050.0,22194.3,21583.57,2.752,10.0,0.95,2.0,True,True,False,미돌파,0,0.0
251270,넷마블,2025-11-06,55400.0,56112.0,53096.79,5.374,3.85,0.99,-1.09,True,False,False,미돌파,0,0.0
300720,한일시멘트,2025-11-06,17480.0,17625.18,17109.32,2.927,5.0,0.63,2.73,False,False,True,추적청산,7,0.586
011210,현대위아,2025-11-06,56300.0,57214.2,54358.21,4.992,8.33,0.82,-0.36,True,False,False,미돌파,0,0.0
011170,롯데케미칼,2025-11-06,71200.0,72144.0,68658.57,4.831,10.34,0.65,0.28,False,False,False,미돌파,0,0.0
403870,HPSP,2025-11-06,33300.0,33767.4,32165.36,4.744,11.54,0.6,5.26,False,False,False,미돌파,0,0.0
016380,KG스틸,2025-11-06,5220.0,5330.64,5144.82,3.486,0.0,0.49,5.43,False,False,False,미돌파,0,0.0
009240,한샘,2025-11-06,45300.0,45490.8,44340.89,2.528,11.11,0.49,2.27,False,True,False,미돌파,0,0.0
015750,성우하이텍,2025-11-06,6330.0,6442.86,6173.71,4.177,4.76,0.62,4.81,False,False,False,미돌파,0,0.0
001500,현대차증권,2025-11-06,8250.0,8336.64,7941.46,4.74,0.0,1.3,7.3,True,False,False,미돌파,0,0.0
086450,동국제약,2025-11-06,17600.0,17795.52,17138.68,3.691,1.85,0.59,0.73,True,False,False,미돌파,0,0.0
089030,테크윙,2025-11-06,63100.0,65831.4,57578.04,12.537,9.33,1.25,3.96,False,False,False,미돌파,0,0.0
161000,애경케미칼,2025-11-06,10840.0,11142.24,10578.89,5.056,2.33,0.21,2.34,True,False,False,미돌파,0,0.0
450080,에코프로머티,2025-11-06,64200.0,65731.2,61248.57,6.82,13.51,0.5,0.16,True,False,False,미돌파,0,0.0
006280,녹십자,2025-11-06,132700.0,134769.0,129772.86,3.707,7.14,1.14,-2.87,True,False,False,미돌파,0,0.0
031980,피에스케이홀딩스,2025-11-06,47800.0,48847.5,45520.54,6.811,1.82,0.55,5.72,False,False,False,미돌파,0,0.0
097950,CJ제일제당,2025-11-06,227000.0,229458.0,222843.75,2.883,9.09,0.89,1.52,True,False,False,미돌파,0,0.0
003240,태광산업,2025-11-06,782000.0,786570.0,757850.0,3.651,0.0,1.98,2.62,False,True,False,미돌파,0,0.0
000720,현대건설,2025-11-06,65000.0,66332.4,61312.14,7.568,2.38,0.92,5.66,False,False,False,미돌파,0,0.0
005850,에스엘,2025-11-06,34400.0,34769.4,33444.29,3.811,9.52,0.49,2.96,False,False,False,미돌파,0,0.0
001680,대상,2025-11-06,20950.0,21192.3,20339.46,4.024,6.67,1.36,0.0,True,False,False,미돌파,0,0.0
051600,한전KPS,2025-11-06,49900.0,50400.6,48773.39,3.229,7.69,0.72,2.35,False,False,False,미돌파,0,0.0
005180,빙그레,2025-11-06,74400.0,75651.0,73047.14,3.442,4.55,0.67,-4.06,True,False,False,미돌파,0,0.0
144960,뉴파워프라즈마,2025-11-06,6140.0,6312.6,5964.57,5.513,6.9,0.48,3.15,False,False,False,미돌파,0,0.0
000080,하이트진로,2025-11-06,18730.0,18837.6,18576.96,1.384,10.0,1.08,0.37,False,False,False,미돌파,0,0.0
047040,대우건설,2025-11-06,3430.0,3471.93,3330.29,4.08,8.7,0.8,9.74,True,False,False,미돌파,0,0.0
089970,브이엠,2025-11-06,24500.0,25601.1,21706.43,15.213,12.68,1.1,3.73,False,False,False,미돌파,0,0.0
114090,GKL,2025-11-06,14950.0,15170.28,14308.14,5.683,5.33,1.13,5.2,True,False,False,미돌파,0,0.0
000880,한화,2025-11-06,92100.0,93887.4,86310.0,8.071,14.06,0.88,6.21,False,False,False,미돌파,0,0.0
051900,LG생활건강,2025-11-06,286000.0,288576.0,282503.57,2.104,11.11,0.89,0.35,False,False,True,추적청산,7,0.804
039130,하나투어,2025-11-06,45900.0,46392.6,45078.93,2.832,9.09,0.83,3.67,True,False,False,미돌파,0,0.0
192080,더블유게임즈,2025-11-06,49750.0,50400.6,48512.32,3.747,0.0,1.15,0.7,True,False,False,미돌파,0,0.0
028050,삼성E&A,2025-11-06,26350.0,26803.5,25865.18,3.501,7.14,0.87,3.83,False,False,False,미돌파,0,0.0
074600,원익QnC,2025-11-06,23600.0,23997.9,22905.89,4.55,11.11,0.75,0.21,False,False,False,미돌파,0,0.0
402340,SK스퀘어,2025-11-06,270000.0,279558.0,246651.79,11.771,13.79,1.04,3.91,False,False,True,추적청산,6,0.77
011200,HMM,2025-11-06,20050.0,20240.4,19724.07,2.551,12.82,0.62,3.37,False,False,False,미돌파,0,0.0
064960,SNT모티브,2025-11-06,32500.0,33266.4,31645.89,4.871,0.0,1.1,3.56,False,False,False,미돌파,0,0.0
045100,한양이엔지,2025-11-07,20300.0,21192.3,19894.21,6.125,4.31,1.75,-0.74,True,False,False,미돌파,0,0.0
295310,에이치브이엠,2025-11-07,23050.0,24248.4,22516.25,7.143,3.33,0.35,0.65,True,False,False,미돌파,0,0.0
377300,카카오페이,2025-11-07,50700.0,51903.6,49720.36,4.206,11.11,0.72,3.06,True,False,True,추적청산,5,0.542
001530,DI동일,2025-11-07,16362.0,16976.89,16142.79,4.913,3.97,0.43,4.98,True,False,True,시간손절,5,-0.742
178320,서진시스템,2025-11-07,24800.0,25350.6,23998.75,5.333,9.52,0.5,8.66,False,False,False,미돌파,0,0.0
229640,LS에코에너지,2025-11-07,40950.0,43035.9,39518.21,8.174,3.33,0.36,11.17,False,False,False,미돌파,0,0.0
066970,엘앤에프,2025-11-07,121900.0,127955.4,116383.21,9.044,13.4,0.59,0.16,True,False,False,미돌파,0,0.0
100790,미래에셋벤처투자,2025-11-07,8130.0,8306.58,7868.32,5.276,14.29,0.83,4.58,True,False,True,추적청산,5,0.47
101160,월덱스,2025-11-07,23750.0,24599.1,23188.75,5.733,12.5,0.98,5.75,True,False,True,추적청산,5,0.661
030520,한컴,2025-11-07,23700.0,24098.1,23316.07,3.245,8.33,1.05,4.63,True,False,True,추적청산,3,0.408
103140,풍산,2025-11-07,99000.0,100801.2,96714.64,4.054,9.68,0.82,10.0,True,False,True,추적청산,5,0.536
437730,삼현,2025-11-07,26800.0,28356.6,25897.68,8.671,15.0,0.21,14.24,True,False,False,미돌파,0,0.0
388720,유일로보틱스,2025-11-07,77900.0,82364.4,75604.29,8.208,14.04,0.55,10.87,False,False,False,미돌파,0,0.0
484870,엠앤씨솔루션,2025-11-07,56033.0,58015.8,54552.52,5.97,6.9,0.83,9.67,True,False,True,손절,3,-1.05
131290,티에스이,2025-11-07,52700.0,54508.8,51410.54,5.684,11.54,0.88,-1.54,True,False,False,미돌파,0,0.0
023160,태광,2025-11-07,24200.0,25150.2,23393.39,6.985,13.79,0.6,14.34,True,False,True,시간손절,5,-0.385
439260,대한조선,2025-11-07,59200.0,61422.6,57311.79,6.693,5.88,0.78,20.11,True,False,False,미돌파,0,0.0
004020,현대제철,2025-11-07,30500.0,31011.9,29874.02,3.669,5.56,0.58,7.58,True,False,True,추적청산,6,0.743
093320,케이아이엔엑스,2025-11-07,91500.0,93386.4,89792.86,3.848,13.33,1.12,1.61,False,False,False,미돌파,0,0.0
005180,빙그레,2025-11-07,74000.0,74949.6,73045.0,2.541,13.33,0.84,-2.35,True,False,True,시간손절,5,0.066
443060,HD현대마린솔루션,2025-11-07,220000.0,227955.0,212485.71,6.786,7.69,1.11,8.52,True,False,True,손절,5,-1.044
010130,고려아연,2025-11-07,1024000.0,1036068.0,994985.71,3.965,6.45,0.48,0.87,False,False,True,추적청산,7,1.251
008930,한미사이언스,2025-11-07,39000.0,40080.0,37915.0,5.402,5.56,0.48,1.02,True,False,False,미돌파,0,0.0
047050,포스코인터내셔널,2025-11-07,51600.0,52905.6,50356.43,4.818,10.0,0.43,6.18,False,False,True,시간손절,5,-0.064
006800,미래에셋증권,2025-11-07,23000.0,23993.89,22191.44,7.512,3.35,1.35,12.17,False,False,True,시간손절,5,-0.426
017960,한국카본,2025-11-07,31600.0,32264.4,30741.25,4.721,8.33,0.94,13.66,True,False,True,손절,5,-1.064
034730,SK,2025-11-07,247500.0,255009.0,239710.71,5.999,11.54,0.78,0.4,False,False,True,추적청산,5,0.597
033790,피노,2025-11-07,3740.0,3867.72,3533.25,8.648,6.9,0.51,3.61,False,False,True,시간손절,5,0.241
336570,원텍,2025-11-07,8100.0,8246.46,7918.96,3.971,7.41,0.88,4.71,False,False,True,손절,3,-1.076
003530,한화투자증권,2025-11-07,5020.0,5200.38,4872.98,6.296,10.71,0.65,6.17,True,False,True,시간손절,5,-0.14
012750,에스원,2025-11-07,74400.0,76152.0,72590.36,4.677,12.9,1.28,0.8,False,False,False,미돌파,0,0.0
003670,포스코퓨처엠,2025-11-07,207000.0,213426.0,198618.21,6.938,0.0,0.36,4.39,False,False,False,미돌파,0,0.0
000500,가온전선,2025-11-07,43454.0,46937.69,41964.22,10.596,3.85,0.8,6.9,False,False,False,미돌파,0,0.0
278280,천보,2025-11-07,66200.0,69538.8,63218.21,9.089,0.0,0.55,8.18,True,False,False,미돌파,0,0.0
053800,안랩,2025-11-07,60400.0,60821.4,59841.43,1.611,14.29,1.33,0.49,True,False,False,미돌파,0,0.0
317450,명인제약,2025-11-07,71900.0,74649.0,69732.32,6.586,10.0,0.31,12.53,True,False,False,미돌파,0,0.0
077970,STX엔진,2025-11-07,32350.0,32965.8,31046.79,5.821,3.23,0.63,8.49,True,False,True,손절,5,-1.052
031330,에스에이엠티,2025-11-07,3560.0,3677.34,3491.54,5.053,9.68,1.09,3.52,False,False,True,추적청산,5,0.932
085620,미래에셋생명,2025-11-07,9140.0,9408.78,8535.0,9.287,4.94,1.52,-4.22,True,False,True,시간손절,5,0.312
417200,LS머트리얼즈,2025-11-07,13000.0,13627.2,12469.32,8.497,7.29,0.82,2.99,False,False,False,미돌파,0,0.0
009540,HD한국조선해양,2025-11-07,415500.0,430860.0,394964.29,8.331,7.94,1.07,12.34,True,False,False,미돌파,0,0.0
489790,한화비전,2025-11-07,44500.0,46292.4,43325.36,6.409,9.8,0.73,11.71,True,False,False,미돌파,0,0.0
329180,HD현대중공업,2025-11-07,521000.0,537072.0,490719.64,8.631,0.0,1.13,13.17,True,False,True,추적청산,8,0.961
000270,기아,2025-11-07,110100.0,111823.2,108256.61,3.189,3.7,0.42,8.17,False,False,True,추적청산,7,1.034
290650,엘앤씨바이오,2025-11-07,50800.0,52104.0,49170.18,5.631,8.7,0.6,3.79,False,False,True,손절,3,-1.053
036810,에프에스티,2025-11-07,32577.0,34182.23,31791.64,6.994,5.12,0.51,10.49,True,False,False,미돌파,0,0.0
090710,휴림로봇,2025-11-07,6310.0,7014.0,5964.04,14.97,9.68,0.5,2.17,False,False,False,미돌파,0,0.0
001430,세아베스틸지주,2025-11-07,26200.0,26803.5,25499.64,4.865,4.76,0.86,4.73,False,False,True,추적청산,6,0.916
003230,삼양식품,2025-11-07,1296000.0,1337670.0,1268342.86,5.183,13.79,0.4,3.86,False,False,False,미돌파,0,0.0
336260,두산퓨얼셀,2025-11-07,36350.0,38226.3,34826.88,8.893,1.79,0.39,14.87,False,False,False,미돌파,0,0.0
089860,롯데렌탈,2025-11-07,29350.0,29759.4,29027.68,2.459,0.0,0.61,-0.17,True,False,True,추적청산,11,2.319
009520,포스코엠텍,2025-11-07,14780.0,15360.66,14489.5,5.671,9.86,0.29,3.46,True,False,True,추적청산,5,0.648
181710,NHN,2025-11-07,28550.0,29559.0,27814.11,5.903,6.67,0.87,1.38,True,False,True,추적청산,6,0.662
079900,전진건설로봇,2025-11-07,42350.0,43386.6,41117.5,5.23,7.69,0.47,9.7,True,False,False,미돌파,0,0.0
047810,한국항공우주,2025-11-07,97000.0,101001.6,94443.21,6.493,0.0,1.05,6.19,True,False,True,시간손절,5,0.274
100090,SK오션플랜트,2025-11-07,19550.0,20140.2,18770.77,6.799,4.55,0.57,7.78,True,False,True,시간손절,5,-0.0
032500,케이엠더블유,2025-11-07,15960.0,16893.72,15569.86,7.836,12.84,0.74,6.17,False,False,False,미돌파,0,0.0
006110,삼아알미늄,2025-11-07,22350.0,23096.1,21673.39,6.16,8.7,0.48,7.07,False,False,True,추적청산,5,0.751
015750,성우하이텍,2025-11-07,6200.0,6332.64,6045.86,4.529,4.35,0.78,8.55,False,False,True,추적청산,5,0.621
009240,한샘,2025-11-07,45350.0,45440.7,44443.04,2.196,6.67,0.52,2.47,False,True,True,추적청산,5,0.594
000250,삼천당제약,2025-11-07,220500.0,228957.0,214517.86,6.306,4.17,0.91,5.77,True,False,False,미돌파,0,0.0
178320,서진시스템,2025-11-10,25000.0,25050.0,23303.04,6.974,10.34,0.28,7.58,False,True,True,손절,4,-1.043
251970,펌텍코리아,2025-11-10,52000.0,52805.4,50278.57,4.785,0.0,1.49,1.89,True,False,False,미돌파,0,0.0
009150,삼성전기,2025-11-10,224000.0,226953.0,216114.29,4.776,5.88,0.65,7.82,False,False,True,손절,4,-1.304
437730,삼현,2025-11-10,27300.0,27905.7,25525.54,8.529,5.13,0.12,14.42,True,False,True,손절,5,-1.035
068760,셀트리온제약,2025-11-10,61092.0,61901.56,58359.0,5.723,9.99,0.55,3.56,True,True,False,미돌파,0,0.0
088980,맥쿼리인프라,2025-11-10,11290.0,11392.74,11220.39,1.513,7.69,0.57,-2.73,True,False,False,미돌파,0,0.0
323410,카카오뱅크,2025-11-10,21700.0,22144.2,21394.2,3.387,0.0,1.27,5.03,False,False,True,시간손절,5,-0.681
000250,삼천당제약,2025-11-10,214000.0,221943.0,209550.0,5.584,5.0,0.8,8.74,False,False,False,미돌파,0,0.0
058610,에스피지,2025-11-10,31550.0,31813.5,29915.0,5.968,0.0,0.26,11.62,False,True,True,손절,4,-1.05
036810,에프에스티,2025-11-10,32924.0,33485.84,31401.55,6.224,0.0,0.4,10.03,True,False,True,추적청산,4,0.452
097230,HJ중공업,2025-11-10,22000.0,22419.75,20167.5,10.046,0.0,0.56,19.71,True,False,False,미돌파,0,0.0
102710,이엔에프테크놀로지,2025-11-10,47650.0,48146.1,46160.36,4.124,12.9,0.56,3.15,True,False,True,손절,2,-1.073
373220,LG에너지솔루션,2025-11-10,465500.0,470940.0,453916.07,3.615,0.0,0.45,2.1,True,False,True,추적청산,2,0.417
352820,하이브,2025-11-10,305500.0,310119.0,291672.32,5.948,0.0,1.0,10.8,False,False,True,손절,1,-1.05
017670,SK텔레콤,2025-11-10,53900.0,54508.8,53470.36,1.905,12.5,1.05,-3.45,True,False,False,미돌파,0,0.0
222080,SFA넥셀,2025-11-10,7060.0,7104.18,6697.39,5.726,2.94,0.44,7.23,False,True,True,시간손절,5,0.036
160190,하이젠알앤엠,2025-11-10,50900.0,51001.8,47740.71,6.394,11.54,0.17,18.17,True,True,True,손절,5,-1.047
277810,레인보우로보틱스,2025-11-10,404500.0,411822.0,385916.07,6.291,7.5,0.53,16.68,False,False,True,손절,4,-1.048
183300,코미코,2025-11-10,53987.0,54656.09,51786.78,5.25,11.13,0.6,2.93,True,True,True,추적청산,2,0.443
222800,심텍,2025-11-10,53700.0,55210.2,47767.32,13.481,7.81,3.84,15.83,False,True,True,시간손절,5,0.07
033240,자화전자,2025-11-10,21350.0,21793.5,20839.29,4.378,13.33,0.68,6.56,False,False,True,손절,3,-1.069
361610,SK아이이테크놀로지,2025-11-10,29650.0,29959.8,28559.46,4.674,13.64,0.51,5.12,False,False,True,추적청산,5,0.896
122640,예스티,2025-11-10,17100.0,17224.38,16128.86,6.36,9.68,0.47,7.82,True,True,True,시간손절,5,-0.663
108490,로보티즈,2025-11-10,223000.0,228957.0,203176.07,11.26,13.95,0.45,18.76,True,False,True,손절,5,-1.027
180640,한진칼,2025-11-10,102900.0,105109.8,100934.29,3.973,9.68,0.8,0.0,True,False,False,미돌파,0,0.0
001440,대한전선,2025-11-10,24950.0,25200.3,23138.86,8.18,5.88,0.83,0.8,False,True,True,시간손절,5,-0.255
041510,에스엠,2025-11-10,102700.0,103707.0,99676.79,3.886,3.23,0.9,15.12,True,False,False,미돌파,0,0.0
483650,달바글로벌,2025-11-10,121200.0,123145.8,114866.07,6.724,10.45,1.04,23.48,True,False,False,미돌파,0,0.0
417200,LS머트리얼즈,2025-11-10,13000.0,13326.6,12264.39,7.971,0.0,0.69,16.13,False,False,False,미돌파,0,0.0
101490,에스앤에스텍,2025-11-10,56000.0,56312.4,52986.07,5.907,0.0,0.49,-0.72,True,True,True,손절,3,-1.051
189300,인텔리안테크,2025-11-10,41900.0,42184.2,40611.79,3.727,4.17,0.41,8.01,False,False,True,손절,4,-1.152
131290,티에스이,2025-11-10,53800.0,54609.0,50908.39,6.777,0.0,0.81,-4.26,True,False,True,추적청산,4,0.456
376300,디어유,2025-11-10,34400.0,34869.6,33392.86,4.235,8.7,0.52,9.47,True,False,False,미돌파,0,0.0
086520,에코프로,2025-11-10,87900.0,89979.6,81732.14,9.166,7.25,1.08,7.28,True,False,True,추적청산,4,0.547
090360,로보스타,2025-11-10,77900.0,79358.4,70498.93,11.164,1.39,0.15,23.4,False,False,True,시간손절,5,-0.756
271560,오리온,2025-11-10,103400.0,104208.0,101307.5,2.783,8.33,0.79,-3.61,True,False,False,미돌파,0,0.0
475150,SK이터닉스,2025-11-10,18960.0,19408.74,18648.98,3.915,7.02,0.33,14.21,True,False,False,미돌파,0,0.0
082740,한화엔진,2025-11-10,44150.0,45390.6,41976.43,7.522,10.53,0.68,13.77,False,False,False,미돌파,0,0.0
036540,SFA반도체,2025-11-10,4375.0,4388.76,3968.71,9.571,10.53,0.78,-0.57,True,True,True,추적청산,4,0.494
185750,종근당,2025-11-10,83300.0,84168.0,81832.14,2.775,5.26,0.7,0.12,True,False,True,추적청산,5,0.805
089030,테크윙,2025-11-10,60700.0,61623.0,57898.39,6.044,10.0,0.59,6.04,False,False,True,손절,2,-1.05
290650,엘앤씨바이오,2025-11-10,51900.0,52905.6,50165.89,5.178,0.0,0.28,4.42,False,False,True,손절,1,-1.058
319400,현대무벡스,2025-11-10,9240.0,9378.72,8837.29,5.773,12.2,0.24,10.72,False,False,True,손절,4,-1.052
252990,샘씨엔에스,2025-11-11,7080.0,7444.86,6753.0,9.293,8.47,0.84,10.61,False,False,True,손절,3,-1.032
090460,비에이치,2025-11-11,16850.0,17595.12,16519.57,6.113,13.04,0.51,5.18,False,False,False,미돌파,0,0.0
028300,HLB,2025-11-11,48900.0,50200.2,47238.93,5.899,2.13,0.56,8.77,False,False,True,시간손절,5,-0.929
248070,솔루엠,2025-11-11,18000.0,18246.42,17542.32,3.859,1.79,0.77,4.2,True,False,False,미돌파,0,0.0
101490,에스앤에스텍,2025-11-11,56100.0,57915.6,54326.79,6.197,13.79,0.47,7.43,False,False,False,미돌파,0,0.0
067160,SOOP,2025-11-11,72000.0,73146.0,70985.0,2.954,5.88,0.73,0.41,False,False,False,미돌파,0,0.0
475830,오름테라퓨틱,2025-11-11,50400.0,53106.0,49159.46,7.431,3.03,0.71,3.08,False,False,True,추적청산,7,0.839
267270,HD건설기계,2025-11-11,93500.0,95089.8,90506.79,4.82,14.71,0.45,4.79,False,False,False,미돌파,0,0.0
437730,삼현,2025-11-11,27550.0,28757.4,26533.57,7.733,5.56,0.17,12.12,False,False,True,손절,4,-1.039
048410,현대바이오,2025-11-11,5100.0,5210.4,5034.11,3.383,0.0,0.68,4.49,False,False,True,추적청산,3,0.411
232140,와이씨,2025-11-11,13410.0,13867.68,13046.18,5.924,1.45,0.67,4.96,False,False,False,미돌파,0,0.0
009150,삼성전기,2025-11-11,227500.0,233967.0,222608.93,4.855,11.11,0.63,4.81,True,False,False,미돌파,0,0.0
088350,한화생명,2025-11-11,3110.0,3196.38,3075.43,3.784,10.0,0.96,-2.98,True,False,True,손절,4,-1.079
005490,POSCO홀딩스,2025-11-11,303000.0,311121.0,298272.32,4.13,9.52,0.64,3.04,False,False,True,추적청산,4,0.676
365340,성일하이텍,2025-11-11,40850.0,42284.4,39907.14,5.622,10.26,0.4,5.33,False,False,False,미돌파,0,0.0
475150,SK이터닉스,2025-11-11,19000.0,19428.78,18573.05,4.404,5.97,0.37,11.63,True,False,False,미돌파,0,0.0
445680,큐리옥스바이오시스템즈,2025-11-11,71900.0,74148.0,69296.79,6.543,13.16,0.52,9.9,False,False,False,미돌파,0,0.0
004490,세방전지,2025-11-11,60600.0,61923.6,59913.04,3.247,12.9,0.75,5.16,False,False,False,미돌파,0,0.0
009520,포스코엠텍,2025-11-11,15770.0,16332.6,15280.29,6.443,6.82,0.76,0.82,False,False,True,손절,4,-1.047
012750,에스원,2025-11-11,73400.0,74949.6,72670.0,3.042,5.56,0.88,3.42,False,False,False,미돌파,0,0.0
045100,한양이엔지,2025-11-11,20050.0,20541.0,19777.04,3.719,8.06,0.87,-0.45,True,False,False,미돌파,0,0.0
047810,한국항공우주,2025-11-11,101800.0,103707.0,100032.5,3.543,10.71,0.72,5.83,True,False,True,추적청산,6,0.537
181710,NHN,2025-11-11,29850.0,30761.4,29055.0,5.547,10.34,1.56,2.93,False,False,True,시간손절,5,0.203
028050,삼성E&A,2025-11-11,25900.0,26452.8,25516.79,3.538,14.29,0.69,1.89,False,False,False,미돌파,0,0.0
348370,엔켐,2025-11-11,81500.0,85771.2,79016.07,7.876,14.04,0.47,7.18,False,False,True,손절,4,-1.44
483650,달바글로벌,2025-11-11,122100.0,122544.6,115992.86,5.346,8.0,0.9,26.0,True,True,True,추적청산,5,0.662
074600,원익QnC,2025-11-11,23150.0,23947.8,22652.14,5.41,9.09,0.95,2.11,False,False,False,미돌파,0,0.0
047040,대우건설,2025-11-11,3425.0,3491.97,3360.18,3.774,9.52,0.61,2.7,False,False,False,미돌파,0,0.0
001440,대한전선,2025-11-11,25150.0,26252.4,24328.36,7.329,3.23,1.05,7.2,False,False,True,손절,5,-1.041
375500,DL이앤씨,2025-11-11,41000.0,41482.8,40020.89,3.524,13.64,0.91,0.97,False,False,True,손절,5,-1.085
006280,녹십자,2025-11-11,131500.0,133566.6,129646.07,2.935,0.0,0.61,-0.15,True,False,True,추적청산,5,0.772
023590,다우기술,2025-11-11,40000.0,41031.9,39153.39,4.578,10.34,0.79,0.12,False,False,True,손절,3,-1.066
219130,타이거일렉,2025-11-11,19250.0,20040.0,18710.05,6.636,4.5,1.13,8.33,False,False,False,미돌파,0,0.0
336570,원텍,2025-11-11,8340.0,8527.02,8248.32,3.268,0.0,0.77,2.11,False,False,True,손절,1,-1.092
056190,SFA,2025-11-11,24200.0,24649.2,23774.64,3.548,0.0,0.62,3.01,False,False,False,미돌파,0,0.0
180640,한진칼,2025-11-11,100900.0,104508.6,99322.5,4.962,14.63,0.68,2.23,False,False,False,미돌파,0,0.0
001680,대상,2025-11-11,21150.0,21392.7,20934.11,2.144,14.29,0.73,-1.93,True,False,True,손절,4,-1.14
373220,LG에너지솔루션,2025-11-11,473000.0,490980.0,463883.93,5.519,6.67,0.76,0.0,True,False,False,미돌파,0,0.0
067310,하나마이크론,2025-11-11,24700.0,25926.75,24027.77,7.324,6.56,1.45,15.12,False,False,True,시간손절,5,-0.055
005070,코스모신소재,2025-11-11,53100.0,55611.0,51401.61,7.569,5.71,0.35,4.67,False,False,False,미돌파,0,0.0
237690,에스티팜,2025-11-11,97000.0,98697.0,95362.5,3.379,0.0,0.44,4.06,False,False,True,추적청산,5,0.682
008930,한미사이언스,2025-11-11,39600.0,40330.5,39016.61,3.258,0.0,0.55,2.22,False,False,True,추적청산,4,0.549
185750,종근당,2025-11-11,83800.0,85069.8,83022.5,2.407,6.25,1.62,0.83,False,False,True,추적청산,4,0.627
005930,삼성전자,2025-11-11,103500.0,106212.0,101340.0,4.587,5.0,1.05,1.33,False,False,False,미돌파,0,0.0
064760,티씨케이,2025-11-11,171600.0,180360.0,167617.86,7.065,5.45,1.5,-3.12,True,False,False,미돌파,0,0.0
950160,코오롱티슈진,2025-11-11,47600.0,49348.5,46374.11,6.027,2.04,0.97,0.31,False,False,True,추적청산,7,1.249
166090,하나머티리얼즈,2025-11-11,39000.0,40230.3,38096.79,5.303,5.71,0.66,4.88,False,False,False,미돌파,0,0.0
144960,뉴파워프라즈마,2025-11-11,5980.0,6232.44,5867.68,5.853,9.68,0.56,3.55,False,False,False,미돌파,0,0.0
004020,현대제철,2025-11-11,31650.0,32114.1,31075.89,3.233,12.5,0.53,0.63,False,False,True,손절,5,-1.093
099320,쎄트렉아이,2025-11-11,57000.0,57615.0,55380.0,3.879,0.0,0.64,1.21,False,False,True,손절,3,-1.426
022100,포스코DX,2025-11-11,26050.0,27104.1,25204.82,7.007,6.45,0.56,12.14,False,False,False,미돌파,0,0.0
050890,쏠리드,2025-11-11,8030.0,8216.4,7708.89,6.177,7.32,0.78,5.42,False,False,False,미돌파,0,0.0
450080,에코프로머티,2025-11-11,62000.0,65631.0,60481.25,7.847,9.09,0.47,5.92,False,False,False,미돌파,0,0.0
006400,삼성SDI,2025-11-11,322000.0,331662.0,310651.79,6.335,11.76,0.62,4.59,False,False,False,미돌파,0,0.0
096770,SK이노베이션,2025-11-11,122300.0,126151.8,119571.07,5.217,1.85,0.51,3.32,False,False,True,손절,5,-1.058
298050,HS효성첨단소재,2025-11-11,199800.0,205410.0,197043.57,4.073,3.03,0.85,1.33,False,False,True,추적청산,3,0.426
097950,CJ제일제당,2025-11-11,229000.0,231963.0,225822.32,2.647,0.0,0.84,0.65,False,False,True,손절,5,-1.166
056190,SFA,2025-11-12,24100.0,24248.4,23627.32,2.561,0.0,0.64,0.62,False,False,True,손절,2,-1.117
214430,아이쓰리시스템,2025-11-12,69300.0,70039.8,66958.93,4.399,0.0,1.09,4.55,True,False,True,추적청산,4,0.432
067310,하나마이크론,2025-11-12,25300.0,26452.8,24119.73,8.82,2.56,1.14,9.48,False,False,True,손절,5,-1.034
077970,STX엔진,2025-11-12,32100.0,32815.5,31450.54,4.16,15.0,0.33,3.89,True,False,True,손절,2,-1.072
000250,삼천당제약,2025-11-12,229000.0,231462.0,217948.21,5.838,4.55,1.09,1.51,True,True,True,손절,5,-1.051
462870,시프트업,2025-11-12,39150.0,39478.8,38473.21,2.547,6.67,0.79,-2.49,True,False,True,손절,2,-1.118
032350,롯데관광개발,2025-11-12,18940.0,19629.18,18383.64,6.345,3.77,0.76,-10.95,True,False,False,미돌파,0,0.0
005930,삼성전자,2025-11-12,103100.0,104107.8,100940.0,3.043,4.35,0.74,-2.49,True,False,True,손절,2,-1.711
454910,두산로보틱스,2025-11-12,79000.0,79659.0,75681.43,4.993,0.0,0.22,2.95,True,False,True,손절,3,-1.06
476060,온코닉테라퓨틱스,2025-11-12,13680.0,14168.28,12948.43,8.61,9.57,1.34,7.88,True,False,True,추적청산,2,0.269
475150,SK이터닉스,2025-11-12,19000.0,19358.64,18666.7,3.574,1.96,0.32,5.0,True,False,True,추적청산,2,0.077
009420,한올바이오파마,2025-11-12,40700.0,41031.9,38205.0,6.89,4.44,1.32,8.33,True,True,True,추적청산,5,0.743
101160,월덱스,2025-11-12,26250.0,26452.8,25101.79,5.107,0.0,1.15,-5.0,True,True,True,손절,2,-1.059
009150,삼성전기,2025-11-12,226500.0,229959.0,221726.79,3.58,0.0,0.5,1.31,True,False,False,미돌파,0,0.0
031980,피에스케이홀딩스,2025-11-12,46000.0,46292.4,44276.25,4.355,13.33,0.46,1.18,False,True,True,추적청산,5,0.892
189300,인텔리안테크,2025-11-12,41600.0,42234.3,40932.68,3.082,10.53,0.36,3.93,False,False,False,미돌파,0,0.0
445680,큐리옥스바이오시스템즈,2025-11-12,72200.0,73747.2,69511.79,5.743,9.38,0.54,6.48,False,False,False,미돌파,0,0.0
302440,SK바이오사이언스,2025-11-12,55500.0,56613.0,54254.29,4.166,5.56,0.66,3.48,False,False,False,미돌파,0,0.0
089970,브이엠,2025-11-12,26000.0,26252.4,24092.5,8.227,8.33,0.59,-9.24,True,True,True,추적청산,4,0.405
247540,에코프로비엠,2025-11-12,155300.0,157314.0,150944.64,4.049,6.38,0.24,1.65,False,False,True,손절,2,-1.074
006340,대원전선,2025-11-12,3955.0,4123.23,3807.12,7.666,11.76,0.4,6.39,False,False,False,미돌파,0,0.0
222080,SFA넥셀,2025-11-12,7150.0,7294.56,7004.5,3.976,9.09,0.38,0.83,False,False,True,손절,4,-1.075
082740,한화엔진,2025-11-12,42250.0,43386.6,41152.14,5.15,14.71,0.47,7.14,True,False,True,손절,2,-1.058
420770,기가비스,2025-11-13,33650.0,34418.7,33103.57,3.821,0.0,0.41,3.17,False,False,False,미돌파,0,0.0
171090,선익시스템,2025-11-13,50600.0,51402.6,48528.04,5.592,0.0,0.85,8.83,False,False,False,미돌파,0,0.0
352820,하이브,2025-11-13,304000.0,310620.0,296254.46,4.625,13.64,1.63,4.85,False,False,True,손절,1,-1.065
086450,동국제약,2025-11-13,18040.0,18466.86,17831.68,3.44,7.69,1.13,-2.5,True,False,True,손절,1,-1.087
003570,SNT다이내믹스,2025-11-13,47400.0,48847.5,46263.39,5.29,7.32,0.56,2.77,False,False,False,미돌파,0,0.0
058470,리노공업,2025-11-13,56200.0,57615.0,55451.79,3.755,0.0,0.79,2.43,False,False,True,손절,1,-1.08
437730,삼현,2025-11-13,28450.0,28807.5,27265.71,5.352,4.35,0.14,0.18,False,False,True,손절,2,-1.056
032640,LG유플러스,2025-11-13,15380.0,15641.22,15162.96,3.058,8.11,1.02,0.06,True,False,True,손절,3,-1.098
249420,일동제약,2025-11-13,29650.0,31362.6,28787.5,8.211,14.29,1.22,3.1,False,False,False,미돌파,0,0.0
090460,비에이치,2025-11-13,16930.0,17134.2,16494.5,3.733,14.29,0.31,1.05,False,False,False,미돌파,0,0.0
032350,롯데관광개발,2025-11-13,19080.0,19338.6,18637.29,3.626,0.0,0.61,-5.41,True,False,False,미돌파,0,0.0
001740,SK네트웍스,2025-11-13,4665.0,4709.4,4608.02,2.153,6.67,0.8,2.0,True,False,False,미돌파,0,0.0
001510,SK증권,2025-11-13,1421.0,1437.87,1388.39,3.441,10.53,0.65,-5.81,True,False,False,미돌파,0,0.0
476060,온코닉테라퓨틱스,2025-11-13,14000.0,15631.2,12983.43,16.939,13.62,3.87,0.64,True,False,False,미돌파,0,0.0
058610,에스피지,2025-11-13,31500.0,31813.5,30252.68,4.906,12.5,0.34,2.33,True,False,False,미돌파,0,0.0
011200,HMM,2025-11-13,20000.0,20240.4,19777.93,2.285,0.0,1.03,0.25,False,False,False,미돌파,0,0.0
089030,테크윙,2025-11-13,57800.0,58516.8,55527.32,5.109,8.7,0.74,8.4,True,False,False,미돌파,0,0.0
064350,현대로템,2025-11-13,195500.0,198195.6,189085.36,4.597,4.41,0.74,7.78,True,False,True,손절,3,-1.065
071050,한국금융지주,2025-11-13,177000.0,182063.4,172216.07,5.409,6.25,0.92,-3.51,True,False,False,미돌파,0,0.0
248070,솔루엠,2025-11-14,17990.0,18577.08,17709.21,4.672,8.33,0.49,-1.35,True,False,True,추적청산,2,0.397
161890,한국콜마,2025-11-14,64200.0,66132.0,63232.86,4.384,0.0,0.77,10.96,False,False,False,미돌파,0,0.0
071970,HD현대마린엔진,2025-11-14,81300.0,86172.0,79150.36,8.148,13.33,2.58,3.9,True,False,False,미돌파,0,0.0
295310,에이치브이엠,2025-11-14,22650.0,23947.8,22106.61,7.688,6.25,0.49,1.74,True,False,True,손절,3,-1.039
032640,LG유플러스,2025-11-14,15560.0,16082.1,15248.46,5.184,1.39,0.8,0.95,True,False,False,미돌파,0,0.0
001530,DI동일,2025-11-14,16409.0,16709.35,16182.34,3.154,7.25,0.87,-0.29,True,False,False,미돌파,0,0.0
089030,테크윙,2025-11-14,54900.0,57114.0,53118.75,6.995,3.03,1.19,9.11,True,False,False,미돌파,0,0.0
443060,HD현대마린솔루션,2025-11-14,214000.0,224448.0,207098.21,7.73,10.0,3.63,2.73,True,False,False,미돌파,0,0.0
034230,파라다이스,2025-11-14,14910.0,15350.64,14655.32,4.53,7.55,0.63,11.25,False,False,True,추적청산,7,1.857
140410,메지온,2025-11-14,71400.0,73246.2,69704.29,4.836,3.57,0.76,0.28,False,False,True,손절,2,-1.062
103590,일진전기,2025-11-14,59400.0,60921.6,57412.68,5.76,0.0,0.38,3.26,False,False,True,손절,2,-1.052
000270,기아,2025-11-14,117000.0,119739.0,115155.54,3.828,13.51,0.55,-6.27,True,False,False,미돌파,0,0.0
095340,ISC,2025-11-14,74000.0,75250.2,72282.86,3.943,13.64,0.92,3.27,False,False,True,추적청산,5,1.814
102710,이엔에프테크놀로지,2025-11-14,46200.0,47094.0,44905.54,4.647,11.43,0.85,2.94,True,False,True,손절,3,-1.065
214430,아이쓰리시스템,2025-11-14,71000.0,71843.4,68349.29,4.864,10.71,0.93,0.56,False,False,True,손절,2,-1.062
003570,SNT다이내믹스,2025-11-14,46600.0,47995.8,45507.5,5.184,0.0,0.39,2.2,True,False,False,미돌파,0,0.0
083650,비에이치아이,2025-11-14,41800.0,42985.8,40439.11,5.924,14.63,0.51,-0.72,True,False,False,미돌파,0,0.0
328130,루닛,2025-11-14,17882.0,18434.8,17115.48,7.157,11.09,1.16,13.49,True,False,False,미돌파,0,0.0
240810,원익IPS,2025-11-14,65800.0,66933.6,63325.0,5.391,7.14,1.05,1.05,True,False,True,손절,2,-1.056
000250,삼천당제약,2025-11-17,232500.0,239478.0,223087.5,6.844,7.14,0.77,-8.64,True,False,False,미돌파,0,0.0
098460,고영,2025-11-17,19540.0,20019.96,18312.61,8.528,5.63,0.79,3.98,False,False,False,미돌파,0,0.0
298040,효성중공업,2025-11-17,2166000.0,2199390.0,2093825.0,4.8,6.41,0.72,3.9,True,False,False,미돌파,0,0.0
003570,SNT다이내믹스,2025-11-17,46850.0,46943.7,44925.71,4.299,3.33,0.4,2.29,True,True,False,미돌파,0,0.0
280360,롯데웰푸드,2025-11-17,122100.0,123546.6,119656.79,3.148,3.23,0.61,3.55,False,False,True,시간손절,5,-0.313
005180,빙그레,2025-11-17,74900.0,76252.2,74313.93,2.542,6.67,0.99,0.93,False,False,False,미돌파,0,0.0
044490,태웅,2025-11-17,25650.0,25701.3,24400.89,5.06,15.0,0.35,1.91,True,True,False,미돌파,0,0.0
252990,샘씨엔에스,2025-11-17,6790.0,7064.1,6542.36,7.386,11.9,0.52,4.1,True,False,True,손절,2,-1.041
195940,HK이노엔,2025-11-17,50900.0,52504.8,49181.96,6.329,10.53,0.95,-0.79,True,False,False,미돌파,0,0.0
403870,HPSP,2025-11-17,31600.0,31863.6,30465.36,4.388,0.0,0.67,2.92,True,False,False,미돌파,0,0.0
189300,인텔리안테크,2025-11-17,41000.0,41532.9,40134.29,3.367,4.76,0.39,2.15,True,False,True,손절,1,-1.089
099190,아이센스,2025-11-17,17240.0,17605.14,17001.39,3.429,8.33,0.37,-3.67,True,False,False,미돌파,0,0.0
083650,비에이치아이,2025-11-17,42100.0,42835.5,40749.29,4.87,0.0,0.55,0.94,True,False,True,추적청산,2,0.438
052020,에스티큐브,2025-11-17,7810.0,7955.88,7226.68,9.166,6.45,0.97,2.38,True,False,False,미돌파,0,0.0
062040,산일전기,2025-11-17,145300.0,148797.0,140932.32,5.286,6.78,0.28,1.62,False,False,False,미돌파,0,0.0
012630,HDC,2025-11-17,17260.0,17474.88,16802.79,3.846,13.46,0.97,4.0,True,False,False,미돌파,0,0.0
457190,이수스페셜티케미컬,2025-11-17,52900.0,53807.4,51024.82,5.171,9.09,0.39,3.11,True,False,True,손절,2,-1.058
420770,기가비스,2025-11-17,32100.0,33166.2,31354.64,5.462,13.33,0.47,5.73,True,False,False,미돌파,0,0.0
328130,루닛,2025-11-17,18023.0,18082.09,16973.98,6.128,11.14,0.64,11.71,True,True,False,미돌파,0,0.0
033100,제룡전기,2025-11-17,36500.0,37374.6,35683.93,4.524,11.54,0.32,1.88,False,False,False,미돌파,0,0.0
009150,삼성전기,2025-11-17,215500.0,217434.0,206689.29,4.942,5.88,0.83,3.79,True,True,False,미돌파,0,0.0
178320,서진시스템,2025-11-17,22900.0,23146.2,21833.04,5.673,4.76,0.66,8.4,True,False,True,손절,4,-1.053
009520,포스코엠텍,2025-11-17,15530.0,15681.3,15108.14,3.655,4.65,0.26,0.7,False,False,True,추적청산,2,0.024
028670,팬오션,2025-11-17,3710.0,3757.5,3633.23,3.307,15.0,0.96,3.13,False,False,False,미돌파,0,0.0
001450,현대해상,2025-11-17,28950.0,29308.5,28042.5,4.32,4.76,1.15,0.52,True,False,False,미돌파,0,0.0
028260,삼성물산,2025-11-17,220500.0,224448.0,216462.5,3.558,0.0,0.45,1.78,True,False,False,미돌파,0,0.0
089030,테크윙,2025-11-17,55800.0,56512.8,52721.96,6.708,12.9,0.63,8.07,True,True,False,미돌파,0,0.0
030610,교보증권,2025-11-17,9510.0,9609.18,8994.29,6.399,5.56,2.35,1.86,False,True,False,미돌파,0,0.0
077970,STX엔진,2025-11-17,31400.0,31613.1,29558.57,6.499,8.82,0.69,6.13,True,True,True,손절,2,-1.05
028670,팬오션,2025-11-18,3685.0,3727.44,3623.39,2.791,6.25,0.78,2.12,False,False,False,미돌파,0,0.0
127120,제이에스링크,2025-11-18,17210.0,17274.48,16243.82,5.966,10.0,0.54,11.97,True,True,True,추적청산,7,1.505
195870,해성디에스,2025-11-18,53400.0,55510.8,52108.57,6.129,14.81,0.67,4.3,False,False,True,손절,1,-1.049
036570,NC,2025-11-18,224500.0,226953.0,212812.5,6.231,4.17,1.76,2.18,False,True,False,미돌파,0,0.0
005300,롯데칠성,2025-11-18,119000.0,120841.2,117745.0,2.562,4.35,0.73,-0.93,True,False,True,추적청산,5,0.383
005850,에스엘,2025-11-18,34450.0,35070.0,34018.39,2.999,0.0,0.66,1.01,False,False,True,추적청산,16,5.121
058610,에스피지,2025-11-18,30250.0,30911.7,29029.11,6.09,6.67,0.41,4.42,True,False,True,추적청산,6,4.206
001530,DI동일,2025-11-18,15152.0,15783.5,14938.61,5.353,13.31,3.88,7.99,True,False,True,추적청산,5,0.73
034310,NICE,2025-11-18,13860.0,13897.74,13480.95,2.999,3.12,0.88,1.35,False,True,False,미돌파,0,0.0
211050,인카금융서비스,2025-11-18,12390.0,12775.5,12215.18,4.386,2.27,0.68,2.82,True,False,True,손절,1,-1.068
267260,HD현대일렉트릭,2025-11-18,812000.0,854706.0,795266.07,6.954,14.14,0.58,5.58,False,False,False,미돌파,0,0.0
124500,아이티센글로벌,2025-11-18,19890.0,20440.8,19078.64,6.664,7.27,0.38,9.8,False,False,False,미돌파,0,0.0
089970,브이엠,2025-11-19,24800.0,25751.4,23368.39,9.254,5.0,0.74,4.62,False,False,True,손절,2,-1.481
000120,CJ대한통운,2025-11-19,93200.0,93787.2,90153.21,3.875,13.33,0.87,2.31,False,True,True,시간손절,5,-0.322
001820,삼화콘덴서,2025-11-19,28800.0,29559.0,27533.57,6.852,5.71,0.5,11.25,True,False,True,시간손절,5,0.618
100790,미래에셋벤처투자,2025-11-19,7970.0,8026.02,7568.71,5.698,10.53,0.52,8.91,False,True,True,시간손절,5,0.262
001500,현대차증권,2025-11-19,8020.0,8096.16,7827.5,3.318,5.0,0.23,7.07,True,False,True,시간손절,5,-0.002
475150,SK이터닉스,2025-11-19,17570.0,18005.94,17056.36,5.274,1.32,0.39,7.53,True,False,True,추적청산,2,0.443
171090,선익시스템,2025-11-19,45550.0,46743.3,43822.68,6.248,4.26,0.65,11.21,True,False,False,미돌파,0,0.0
079900,전진건설로봇,2025-11-19,41600.0,42284.4,39936.96,5.552,10.0,0.83,4.15,True,False,True,추적청산,5,1.685
005440,현대지에프홀딩스,2025-11-19,8140.0,8266.5,7878.93,4.688,3.23,0.55,8.74,False,False,True,손절,4,-1.064
140410,메지온,2025-11-19,67000.0,68236.2,65291.43,4.316,13.64,0.47,7.97,True,False,True,손절,4,-1.07
003530,한화투자증권,2025-11-19,4830.0,4909.8,4668.89,4.907,12.82,0.53,9.72,True,False,True,추적청산,3,0.771
281820,케이씨텍,2025-11-19,42950.0,44088.0,40688.75,7.71,1.75,0.61,0.35,False,False,True,손절,2,-1.153
420770,기가비스,2025-11-19,32150.0,35420.7,30870.36,12.847,2.38,1.53,5.99,True,False,False,미돌파,0,0.0
127120,제이에스링크,2025-11-19,17330.0,18036.0,16889.3,6.358,12.9,0.5,11.54,False,False,True,추적청산,6,1.069
082920,비츠로셀,2025-11-19,13651.0,13779.5,13289.47,3.556,13.19,0.31,2.0,False,True,True,손절,2,-1.084
079940,가비아,2025-11-19,26450.0,27404.7,25709.2,6.187,10.71,0.18,5.7,False,False,True,추적청산,8,1.836
000370,한화손해보험,2025-11-19,5240.0,5330.64,5113.18,4.079,6.25,0.44,13.53,True,False,True,손절,3,-1.074
460860,동국제강,2025-11-19,8310.0,8436.84,8164.21,3.231,9.09,0.57,2.69,False,False,True,시간손절,5,-0.228
183300,코미코,2025-11-19,45125.0,46644.1,43342.02,7.079,7.7,0.85,18.27,True,False,True,손절,2,-1.289
178320,서진시스템,2025-11-19,22500.0,23171.25,21853.66,5.686,13.95,0.49,8.72,True,False,False,미돌파,0,0.0
295310,에이치브이엠,2025-11-19,22600.0,23096.1,21915.71,5.111,0.0,0.53,3.21,True,False,True,추적청산,2,0.441
300720,한일시멘트,2025-11-19,17630.0,17855.64,17222.64,3.545,5.77,0.83,2.16,False,False,True,시간손절,5,0.143
086900,메디톡스,2025-11-19,122000.0,123045.6,119236.43,3.096,13.33,0.62,2.56,False,False,True,시간손절,5,-0.424
103140,풍산,2025-11-19,99000.0,100600.8,94852.5,5.714,6.38,0.42,5.17,True,False,True,손절,2,-1.053
015750,성우하이텍,2025-11-19,6250.0,6392.76,6114.21,4.357,8.7,0.52,4.87,False,False,True,손절,2,-1.069
100090,SK오션플랜트,2025-11-19,19120.0,19468.86,18408.14,5.448,0.0,0.4,3.68,True,False,True,손절,3,-1.055
160190,하이젠알앤엠,2025-11-19,48600.0,52104.0,46698.93,10.374,6.38,1.32,1.82,False,False,False,미돌파,0,0.0
071320,지역난방공사,2025-11-19,104800.0,109418.4,100152.5,8.468,3.66,0.83,5.67,True,False,False,미돌파,0,0.0
050890,쏠리드,2025-11-19,7180.0,7294.56,6919.18,5.146,13.79,0.26,7.95,False,False,True,시간손절,5,0.089
018670,SK가스,2025-11-19,262500.0,268536.0,258323.21,3.803,12.5,0.76,1.87,True,False,True,손절,2,-1.079
102710,이엔에프테크놀로지,2025-11-19,45750.0,46392.6,43126.07,7.041,7.14,0.91,1.61,True,True,True,손절,2,-1.571
225570,넥슨게임즈,2025-11-19,12970.0,13076.1,12660.25,3.18,9.38,0.69,5.74,True,False,True,손절,3,-1.094
460930,현대힘스,2025-11-19,18190.0,18496.92,17490.62,5.44,4.94,0.36,7.52,True,False,True,시간손절,5,-0.151
025540,한국단자,2025-11-19,59600.0,60019.8,58771.79,2.079,11.11,1.27,3.09,True,False,True,추적청산,2,0.356
064760,티씨케이,2025-11-19,156400.0,162524.4,149323.93,8.122,8.85,0.52,4.28,True,False,False,미돌파,0,0.0
005810,풍산홀딩스,2025-11-19,36250.0,36873.6,35596.96,3.462,0.0,0.85,4.35,False,False,True,시간손절,5,-0.458
093320,케이아이엔엑스,2025-11-19,83000.0,84368.4,81094.29,3.881,7.69,0.55,2.35,False,False,True,추적청산,19,5.681
139480,이마트,2025-11-19,79400.0,80260.2,77428.21,3.529,0.0,1.05,0.25,False,False,True,손절,3,-1.085
383800,LX홀딩스,2025-11-19,7900.0,7955.88,7710.46,3.085,5.26,0.73,8.46,True,False,True,시간손절,5,-0.121
000240,한국앤컴퍼니,2025-11-19,26050.0,26452.8,25300.71,4.355,11.11,0.41,7.13,False,False,True,시간손절,5,0.883
293490,카카오게임즈,2025-11-19,15730.0,15831.6,15230.54,3.797,6.67,0.4,6.76,True,True,True,추적청산,4,0.421
060250,NHN KCP,2025-11-19,15700.0,15881.7,14994.21,5.588,6.85,0.52,5.42,False,True,True,추적청산,2,0.389
263750,펄어비스,2025-11-19,38600.0,38927.7,37636.25,3.318,15.0,0.66,0.77,False,True,True,손절,2,-1.09
005250,녹십자홀딩스,2025-11-19,15880.0,16032.0,15574.36,2.855,5.71,1.29,4.62,False,False,True,손절,4,-1.105
195940,HK이노엔,2025-11-19,50100.0,50601.0,48156.07,4.832,10.0,0.54,0.79,False,False,True,손절,3,-1.062
071970,HD현대마린엔진,2025-11-19,79100.0,80861.4,72731.07,10.055,1.41,0.76,4.24,True,False,True,시간손절,5,0.049
001680,대상,2025-11-19,20700.0,20891.7,20430.89,2.206,14.29,0.6,3.5,True,False,True,시간손절,5,-0.118
060370,LS마린솔루션,2025-11-19,25100.0,25701.3,23829.46,7.283,9.68,0.36,8.06,False,False,True,시간손절,5,0.519
214370,케어젠,2025-11-19,64900.0,67735.2,62713.39,7.414,13.95,0.76,-2.53,True,False,True,추적청산,5,1.342
000660,SK하이닉스,2025-11-19,562000.0,571140.0,540557.14,5.355,4.17,0.94,8.91,False,False,True,손절,2,-1.794
259960,크래프톤,2025-11-19,257500.0,259017.0,251311.61,2.975,8.7,0.66,5.33,True,False,True,손절,2,-1.271
319660,피에스케이,2025-11-19,32800.0,33817.5,31329.29,7.358,9.76,0.8,13.8,True,False,True,손절,2,-1.535
402340,SK스퀘어,2025-11-19,283000.0,287073.0,265981.25,7.347,2.99,0.91,12.25,False,False,True,추적청산,2,0.173
079550,LIG디펜스앤에어로스페이스,2025-11-19,406500.0,412824.0,386257.14,6.435,11.63,0.73,-0.74,True,True,True,손절,3,-1.047
240810,원익IPS,2025-11-19,61100.0,61923.6,56996.07,7.957,2.44,0.97,12.84,False,False,True,손절,2,-1.199
082740,한화엔진,2025-11-19,42150.0,43186.2,38988.57,9.72,12.16,0.81,0.24,True,False,True,시간손절,5,0.115
377300,카카오페이,2025-11-19,49900.0,51202.2,48631.61,5.02,9.09,0.95,6.73,True,False,False,미돌파,0,0.0
039030,이오테크닉스,2025-11-19,274500.0,282564.0,258462.5,8.53,2.44,0.94,3.85,True,False,True,손절,2,-1.386
062040,산일전기,2025-11-19,140400.0,143586.6,130506.61,9.109,13.51,0.43,4.68,False,False,True,손절,2,-1.033
383220,F&F,2025-11-19,73500.0,74949.6,72032.86,3.892,0.0,0.82,0.81,False,False,True,추적청산,2,0.423
006800,미래에셋증권,2025-11-19,22054.0,22397.71,21116.44,5.721,5.02,0.52,9.78,True,False,True,손절,2,-1.052
010140,삼성중공업,2025-11-19,25350.0,25651.2,24061.96,6.196,3.7,0.57,3.43,False,True,True,시간손절,5,-0.238
095610,테스,2025-11-19,43900.0,45440.7,40985.36,9.805,6.58,0.85,2.88,False,False,True,손절,2,-1.499
066970,엘앤에프,2025-11-19,126000.0,127855.2,120257.5,5.942,0.0,0.46,3.6,False,False,True,손절,2,-1.05
443060,HD현대마린솔루션,2025-11-19,202500.0,204909.0,189768.93,7.389,3.88,1.47,6.9,True,True,True,손절,4,-1.041
323410,카카오뱅크,2025-11-19,21350.0,21593.1,20992.32,2.782,0.0,0.6,4.9,True,False,True,시간손절,5,0.569
011070,LG이노텍,2025-11-19,240500.0,248496.0,227084.82,8.616,7.89,0.96,4.56,False,False,True,시간손절,5,-0.315
024110,기업은행,2025-11-19,20300.0,20490.9,19975.96,2.513,12.5,1.01,2.17,False,False,True,손절,2,-1.119
028050,삼성E&A,2025-11-19,25600.0,26202.3,25120.36,4.129,11.11,0.54,2.66,True,False,False,미돌파,0,0.0
035250,강원랜드,2025-11-19,17560.0,17865.66,17358.14,2.841,9.52,1.23,0.4,False,False,False,미돌파,0,0.0
068270,셀트리온,2025-11-19,176431.0,177738.77,170593.71,4.02,11.47,0.84,-1.2,True,True,True,시간손절,5,0.049
161390,한국타이어앤테크놀로지,2025-11-19,57700.0,58717.2,56676.25,3.476,6.67,0.89,2.2,False,False,False,미돌파,0,0.0
042700,한미반도체,2025-11-19,120700.0,124248.0,114470.0,7.87,14.46,0.81,7.93,True,False,True,손절,2,-1.096
251270,넷마블,2025-11-20,52300.0,52805.4,50449.64,4.461,5.26,0.86,7.27,True,False,False,미돌파,0,0.0
007340,DN오토모티브,2025-11-20,23050.0,23396.7,22610.71,3.359,0.0,0.73,2.12,False,False,False,미돌파,0,0.0
036540,SFA반도체,2025-11-20,4105.0,4188.36,3948.34,5.731,10.81,0.48,15.71,True,False,False,미돌파,0,0.0
000080,하이트진로,2025-11-20,18890.0,19027.98,18775.07,1.329,5.56,0.71,1.97,False,False,False,미돌파,0,0.0
058470,리노공업,2025-11-20,58100.0,58817.4,56170.36,4.5,9.52,0.73,-3.38,True,False,False,미돌파,0,0.0
003670,포스코퓨처엠,2025-11-20,200000.0,204157.5,196039.11,3.977,1.68,0.36,9.3,False,False,False,미돌파,0,0.0
009240,한샘,2025-11-20,44750.0,45190.2,44221.61,2.143,7.14,0.42,5.89,False,False,False,미돌파,0,0.0
248070,솔루엠,2025-11-20,18030.0,18476.88,17808.93,3.615,9.8,0.77,1.26,True,False,False,미돌파,0,0.0
012330,현대모비스,2025-11-20,296000.0,299598.0,293219.64,2.129,11.11,0.68,1.33,False,False,False,미돌파,0,0.0
139130,iM금융지주,2025-11-20,14220.0,14468.88,14001.75,3.229,5.41,0.74,1.66,False,False,False,미돌파,0,0.0
053800,안랩,2025-11-20,60500.0,61021.8,60033.93,1.619,14.29,0.45,0.66,True,False,False,미돌파,0,0.0
068270,셀트리온,2025-11-20,178051.0,180986.25,174952.15,3.334,6.12,0.63,4.25,False,False,True,손절,1,-1.161
047810,한국항공우주,2025-11-20,107300.0,110019.6,104315.0,5.185,6.52,0.85,-3.97,True,False,False,미돌파,0,0.0
399720,가온칩스,2025-11-20,44650.0,45641.1,43840.0,3.946,3.7,0.46,9.98,False,False,False,미돌파,0,0.0
056080,유진로봇,2025-11-20,11760.0,12084.12,11537.29,4.525,9.76,0.24,3.61,False,False,False,미돌파,0,0.0
005930,삼성전자,2025-11-20,100600.0,103105.8,98805.71,4.171,8.82,0.97,2.14,False,False,False,미돌파,0,0.0
039490,키움증권,2025-11-20,276500.0,279558.0,267337.5,4.371,0.0,0.51,11.52,False,False,False,미돌파,0,0.0
003540,대신증권,2025-11-20,27550.0,28106.1,27039.46,3.795,6.25,0.63,8.01,False,False,False,미돌파,0,0.0
016360,삼성증권,2025-11-20,79600.0,80560.8,77910.36,3.29,5.0,0.83,3.16,True,False,False,미돌파,0,0.0
006280,녹십자,2025-11-20,133900.0,135270.0,129998.21,3.897,6.98,0.38,3.88,False,False,False,미돌파,0,0.0
060250,NHN KCP,2025-11-20,16400.0,16833.6,15966.61,5.15,0.0,0.95,4.26,True,False,False,미돌파,0,0.0
006040,동원산업,2025-11-20,46550.0,47344.5,45698.93,3.476,12.0,0.55,1.17,False,False,False,미돌파,0,0.0
067160,SOOP,2025-11-20,69900.0,70741.2,69328.93,1.996,10.0,0.5,3.19,False,False,False,미돌파,0,0.0
003620,KG모빌리티,2025-11-21,3240.0,3286.56,3181.84,3.186,12.5,0.53,4.71,True,False,True,추적청산,10,1.497
358570,지아이이노베이션,2025-11-21,17670.0,18326.58,17275.39,5.736,1.2,0.69,2.11,False,False,False,미돌파,0,0.0
096530,씨젠,2025-11-21,24350.0,24749.4,23797.32,3.847,6.67,0.68,4.88,True,False,True,추적청산,9,1.0
248070,솔루엠,2025-11-21,17700.0,18005.94,17390.0,3.421,13.04,0.44,1.61,False,False,False,미돌파,0,0.0
035760,CJ ENM,2025-11-21,64500.0,65230.2,63481.79,2.68,7.69,0.6,1.07,False,False,True,손절,2,-1.112
263750,펄어비스,2025-11-21,37750.0,38025.9,36780.89,3.274,10.53,0.73,3.45,False,False,True,손절,2,-1.092
021240,코웨이,2025-11-21,88200.0,88677.0,86301.79,2.679,5.88,0.78,2.86,True,True,True,손절,1,-1.112
180640,한진칼,2025-11-21,98400.0,102204.0,96140.0,5.933,1.92,0.57,0.81,False,False,True,추적청산,2,0.449
001430,세아베스틸지주,2025-11-21,26500.0,26803.5,25650.71,4.301,11.11,0.4,6.03,True,False,True,추적청산,6,0.602
237690,에스티팜,2025-11-21,99800.0,101001.6,98107.5,2.865,9.52,0.48,4.13,True,False,True,손절,1,-1.105
298050,HS효성첨단소재,2025-11-21,198200.0,201903.0,194021.96,3.903,11.67,0.63,1.64,False,False,False,미돌파,0,0.0
251270,넷마블,2025-11-21,51900.0,52304.4,50363.57,3.711,6.67,0.63,5.98,True,True,True,추적청산,8,0.65
086450,동국제약,2025-11-21,18250.0,18537.0,17992.04,2.94,0.0,0.82,-1.39,True,False,False,미돌파,0,0.0
017670,SK텔레콤,2025-11-21,53400.0,53707.2,52789.64,1.708,14.29,0.92,0.93,False,False,True,시간손절,5,-0.401
067310,하나마이크론,2025-11-21,22600.0,23647.2,22075.62,6.646,12.5,0.84,7.76,True,False,True,추적청산,4,0.631
103590,일진전기,2025-11-21,53800.0,55410.6,52574.29,5.119,4.76,0.36,9.43,False,False,False,미돌파,0,0.0
001800,오리온홀딩스,2025-11-21,19820.0,19859.64,19383.32,2.398,11.43,0.56,-1.59,True,True,True,손절,2,-1.125
460860,동국제강,2025-11-21,8300.0,8416.8,8164.54,2.997,15.0,1.0,1.19,False,False,False,미돌파,0,0.0
004800,효성,2025-11-21,122900.0,126051.6,110014.64,12.723,10.14,0.58,8.76,True,True,True,시간손절,5,0.266
085620,미래에셋생명,2025-11-21,8940.0,9048.06,8738.5,3.421,4.35,0.49,7.93,False,False,True,추적청산,9,0.738
196170,알테오젠,2025-11-21,416273.0,424815.94,408013.09,3.955,6.25,0.46,2.35,False,False,False,미돌파,0,0.0
012330,현대모비스,2025-11-21,296000.0,297594.0,288842.86,2.941,0.0,0.66,0.67,False,True,True,추적청산,13,3.621
102710,이엔에프테크놀로지,2025-11-21,41550.0,42585.0,40629.46,4.592,10.34,1.2,10.06,True,False,True,추적청산,3,0.435
000080,하이트진로,2025-11-21,18840.0,19038.0,18744.75,1.54,0.0,0.65,0.95,False,False,False,미돌파,0,0.0
084370,유진테크,2025-11-21,77300.0,80160.0,74825.71,6.655,5.0,1.16,13.05,True,False,False,미돌파,0,0.0
007340,DN오토모티브,2025-11-21,23150.0,23346.6,22310.71,4.437,11.76,0.77,1.91,False,False,True,추적청산,14,2.461
226950,올릭스,2025-11-21,133000.0,135370.2,127323.57,5.944,10.0,0.45,4.39,False,False,True,손절,1,-1.05
383310,에코프로에이치엔,2025-11-21,24250.0,24498.9,23605.0,3.649,7.69,0.57,8.83,True,False,True,손절,1,-1.082
082640,동양생명,2025-11-21,6260.0,6362.7,6151.96,3.312,6.25,0.5,2.34,True,False,True,추적청산,3,0.332
030200,KT,2025-11-21,49900.0,50200.2,49303.21,1.787,7.69,1.06,0.4,True,False,True,시간손절,5,0.055
008060,대덕,2025-11-21,10160.0,10230.42,9877.43,3.45,3.7,0.52,0.68,False,False,True,시간손절,5,0.223
317450,명인제약,2025-11-21,70900.0,71342.4,67656.61,5.166,3.45,0.55,4.06,False,True,True,손절,2,-1.058
051900,LG생활건강,2025-11-21,295000.0,297093.0,290211.61,2.316,10.0,0.66,-0.34,True,False,True,손절,1,-1.13
005880,대한해운,2025-11-21,1728.0,1787.57,1694.65,5.198,2.53,0.92,2.32,False,False,False,미돌파,0,0.0
009240,한샘,2025-11-21,44850.0,45240.3,44027.5,2.681,5.26,0.35,1.97,True,False,True,시간손절,5,0.061
229640,LS에코에너지,2025-11-21,34750.0,35871.6,34163.04,4.763,11.54,0.41,7.7,True,False,False,미돌파,0,0.0
271560,오리온,2025-11-21,104800.0,106512.6,103215.36,3.096,11.11,1.32,0.57,True,False,False,미돌파,0,0.0
192400,쿠쿠홀딩스,2025-11-21,28800.0,29158.2,28097.5,3.638,12.5,1.27,1.37,True,False,False,미돌파,0,0.0
003670,포스코퓨처엠,2025-11-21,192500.0,197794.8,189255.18,4.317,4.69,0.52,8.11,True,False,False,미돌파,0,0.0
475960,토모큐브,2025-11-21,42000.0,43236.3,40427.5,6.496,8.89,0.8,-5.0,True,False,False,미돌파,0,0.0
119850,지엔씨에너지,2025-11-24,28650.0,29058.0,27112.41,6.696,6.67,0.26,8.32,True,False,True,추적청산,10,1.7
001820,삼화콘덴서,2025-11-24,28500.0,28857.6,27839.46,3.528,6.67,0.41,4.36,True,False,True,추적청산,10,1.934
005810,풍산홀딩스,2025-11-24,36500.0,36873.6,35463.57,3.824,0.0,0.7,3.57,False,False,True,시간손절,5,-0.556
014680,한솔케미칼,2025-11-24,210000.0,219438.0,202458.93,7.738,10.34,0.69,11.21,True,False,True,추적청산,8,1.081
007660,이수페타시스,2025-11-24,125100.0,130761.0,121770.36,6.876,5.63,1.16,4.87,False,False,True,추적청산,5,0.97
466100,클로봇,2025-11-24,34288.0,34925.71,31847.67,8.813,1.88,0.42,6.46,True,False,True,추적청산,9,1.355
278470,에이피알,2025-11-24,247500.0,253005.0,232498.21,8.105,8.57,3.94,-13.27,True,False,True,시간손절,5,-0.062
000810,삼성화재,2025-11-24,473000.0,481962.0,460458.93,4.462,11.76,1.93,0.73,False,False,True,시간손절,5,0.865
323410,카카오뱅크,2025-11-24,21600.0,21893.7,21042.86,3.886,14.29,1.69,0.46,True,False,False,미돌파,0,0.0
052020,에스티큐브,2025-11-24,7180.0,7474.92,6972.57,6.72,10.0,0.49,8.07,True,False,False,미돌파,0,0.0
017960,한국카본,2025-11-24,27200.0,27454.8,25524.64,7.03,3.12,0.71,3.55,True,True,True,시간손절,5,-0.408
356860,티엘비,2025-11-24,30657.0,31529.93,28906.67,8.32,2.35,0.5,10.82,False,False,True,시간손절,5,0.031
207940,삼성바이오로직스,2025-11-24,1789000.0,1844682.0,1647953.57,10.665,4.19,13.0,0.45,True,False,False,미돌파,0,0.0
462870,시프트업,2025-11-24,36750.0,37474.8,36155.0,3.522,4.76,0.83,1.87,False,False,False,미돌파,0,0.0
347700,스피어,2025-11-24,8550.0,8877.72,7840.18,11.687,10.99,0.77,4.47,False,False,False,미돌파,0,0.0
007810,코리아써키트,2025-11-24,28350.0,29258.4,26592.43,9.112,7.32,0.2,11.82,False,False,True,추적청산,14,2.163
032820,우리기술,2025-11-24,3620.0,3692.37,3504.43,5.09,13.79,0.21,7.65,True,False,True,추적청산,5,0.874
443060,HD현대마린솔루션,2025-11-24,207500.0,208416.0,194344.29,6.752,0.0,8.11,0.95,False,True,True,손절,1,-1.044
214430,아이쓰리시스템,2025-11-24,67800.0,68536.8,63337.86,7.586,2.27,1.33,6.87,True,True,True,시간손절,5,-0.066
053800,안랩,2025-11-24,60400.0,60921.6,59836.07,1.782,12.5,0.66,1.63,False,False,False,미돌파,0,0.0
090360,로보스타,2025-11-24,64100.0,64929.6,60218.57,7.256,0.0,0.38,12.07,True,False,True,추적청산,10,1.538
039490,키움증권,2025-11-24,267000.0,270039.0,257380.36,4.688,10.53,0.81,9.03,True,False,True,시간손절,5,-0.028
124500,아이티센글로벌,2025-11-24,20550.0,21342.6,20026.61,6.166,9.52,0.54,-2.75,True,False,False,미돌파,0,0.0
089970,브이엠,2025-11-24,23750.0,24348.6,22775.36,6.461,4.17,0.41,10.21,False,False,True,추적청산,2,0.422
090460,비에이치,2025-11-24,15900.0,16312.56,15702.86,3.738,10.64,0.3,2.09,False,False,True,추적청산,6,1.394
003570,SNT다이내믹스,2025-11-24,41350.0,42134.1,39465.18,6.334,13.33,1.14,11.74,True,False,True,추적청산,5,0.521
001720,신영증권,2025-11-24,144100.0,148997.4,138729.64,6.891,0.0,0.88,6.37,False,False,False,미돌파,0,0.0
082270,젬백스,2025-11-24,36900.0,42534.9,30395.54,28.54,14.1,3.08,4.65,True,False,False,미돌파,0,0.0
086900,메디톡스,2025-11-24,123400.0,124248.0,119708.57,3.654,5.41,1.02,1.12,False,False,True,시간손절,5,0.216
064760,티씨케이,2025-11-24,145100.0,146993.4,138473.57,5.796,12.12,0.9,10.6,True,False,True,시간손절,5,-0.039
001270,부국증권,2025-11-24,65500.0,70540.8,62006.07,12.099,14.47,1.26,8.13,True,False,False,미돌파,0,0.0
023160,태광,2025-11-24,22300.0,22645.2,21445.36,5.298,5.26,0.52,6.69,True,False,True,시간손절,5,-0.219
005830,DB손해보험,2025-11-24,120400.0,122143.8,117151.79,4.087,0.0,1.19,4.52,True,False,True,추적청산,5,0.673
077970,STX엔진,2025-11-24,30750.0,31813.5,29722.5,6.573,14.29,1.35,2.07,False,False,False,미돌파,0,0.0
018880,한온시스템,2025-11-24,3580.0,3632.25,3452.45,4.95,7.41,0.35,5.91,True,False,True,추적청산,5,0.447
003850,보령,2025-11-25,8240.0,8306.58,8093.89,2.56,12.5,0.86,2.94,True,False,True,추적청산,7,1.825
002380,KCC,2025-11-25,408000.0,425850.0,401639.29,5.685,4.88,1.07,1.09,False,False,False,미돌파,0,0.0
086280,현대글로비스,2025-11-25,160000.0,162073.5,157815.89,2.627,3.08,0.4,0.81,False,False,True,추적청산,4,0.386
100790,미래에셋벤처투자,2025-11-25,7750.0,7995.96,7602.14,4.925,3.12,0.34,2.15,True,False,True,추적청산,7,2.019
064960,SNT모티브,2025-11-25,29800.0,30561.0,29406.43,3.778,10.53,1.11,0.83,False,False,True,추적청산,4,0.421
271560,오리온,2025-11-25,102700.0,105009.6,100597.14,4.202,0.0,0.72,2.1,False,False,True,시간손절,5,-0.3
034310,NICE,2025-11-25,13840.0,13887.72,13508.27,2.732,3.57,1.03,0.14,False,True,True,손절,3,-1.11
192400,쿠쿠홀딩스,2025-11-25,28600.0,29358.6,28209.29,3.915,11.11,0.4,-4.0,True,False,True,시간손절,5,0.481
089970,브이엠,2025-11-25,24300.0,26302.5,23626.43,10.174,13.04,1.24,2.02,False,False,False,미돌파,0,0.0
322000,HD현대에너지솔루션,2025-11-25,51200.0,52404.6,49522.14,5.5,0.0,0.33,3.94,True,False,False,미돌파,0,0.0
003570,SNT다이내믹스,2025-11-25,42000.0,42785.4,40728.04,4.809,9.09,0.55,4.87,False,False,False,미돌파,0,0.0
086790,하나금융지주,2025-11-25,90800.0,93286.2,89662.14,3.885,6.9,0.57,0.22,True,False,False,미돌파,0,0.0
399720,가온칩스,2025-11-25,43300.0,44388.6,42376.43,4.533,12.5,0.84,3.67,False,False,True,추적청산,7,2.449
000640,동아쏘시오홀딩스,2025-11-25,106833.0,107922.41,104515.59,3.157,3.57,0.86,-2.61,True,False,True,추적청산,5,0.644
036460,한국가스공사,2025-11-25,40300.0,40631.1,39535.0,2.698,5.88,0.66,0.12,True,False,True,추적청산,4,0.58
100090,SK오션플랜트,2025-11-25,18760.0,19228.38,18279.54,4.935,6.49,0.69,1.78,True,False,False,미돌파,0,0.0
000370,한화손해보험,2025-11-25,5150.0,5260.5,5042.96,4.135,0.0,0.29,0.77,True,False,True,시간손절,5,0.661
055550,신한지주,2025-11-25,77500.0,79158.0,76660.18,3.155,0.0,0.69,-1.44,True,False,True,추적청산,7,0.433
124500,아이티센글로벌,2025-11-25,20900.0,21342.6,20084.54,5.895,10.0,0.36,-5.08,True,False,True,손절,3,-1.051
005290,동진쎄미켐,2025-11-25,33450.0,33767.4,32411.61,4.015,14.29,0.74,0.74,False,False,True,추적청산,7,1.894
032500,케이엠더블유,2025-11-25,14470.0,14589.12,13852.68,5.048,7.14,0.37,1.9,True,True,True,추적청산,5,0.563
298040,효성중공업,2025-11-25,1940000.0,2000994.0,1889403.57,5.577,11.36,0.75,6.6,False,False,True,손절,3,-1.054
082920,비츠로셀,2025-11-25,13197.0,13425.8,13020.56,3.018,8.25,0.3,3.68,False,False,True,추적청산,12,5.598
476060,온코닉테라퓨틱스,2025-11-26,15640.0,16272.48,15075.71,7.355,9.78,0.65,0.82,True,False,True,추적청산,6,1.929
003550,LG,2025-11-26,79900.0,80761.2,78252.14,3.107,10.53,0.55,0.5,False,False,False,미돌파,0,0.0
034730,SK,2025-11-26,251000.0,252504.0,242910.71,3.799,14.29,0.67,3.46,False,True,True,추적청산,3,0.421
086280,현대글로비스,2025-11-26,161400.0,162724.8,159045.89,2.261,7.41,0.55,0.19,False,False,True,추적청산,3,0.367
035760,CJ ENM,2025-11-26,63500.0,64528.8,63012.86,2.349,9.09,0.6,0.63,True,False,False,미돌파,0,0.0
036530,SNT홀딩스,2025-11-26,55800.0,56713.2,53964.29,4.847,0.0,0.45,1.59,False,False,False,미돌파,0,0.0
098460,고영,2025-11-26,19200.0,19458.84,18359.11,5.652,12.05,0.32,-6.96,True,False,True,추적청산,7,4.126
012450,한화에어로스페이스,2025-11-26,871000.0,888774.0,855917.86,3.697,12.5,0.64,3.76,False,False,True,손절,2,-1.081
078930,GS,2025-11-26,58000.0,58316.4,56213.75,3.606,12.5,0.68,4.13,False,True,False,미돌파,0,0.0
095610,테스,2025-11-26,39000.0,40681.2,37095.0,8.815,5.08,0.55,11.16,True,False,False,미돌파,0,0.0
131290,티에스이,2025-11-26,52000.0,53206.2,50204.29,5.642,13.04,0.61,2.07,False,False,True,추적청산,7,1.528
000810,삼성화재,2025-11-26,486000.0,488475.0,468732.14,4.042,3.23,0.55,-3.62,True,True,True,추적청산,5,0.426
011170,롯데케미칼,2025-11-26,75600.0,83767.2,70218.93,16.174,14.29,2.58,5.14,False,False,False,미돌파,0,0.0
000270,기아,2025-11-26,113200.0,113426.4,111152.14,2.005,0.0,0.5,1.14,False,True,True,손절,3,-1.15
166090,하나머티리얼즈,2025-11-26,43600.0,44288.4,40986.79,7.455,1.85,0.76,-4.31,True,False,True,추적청산,6,0.628
100090,SK오션플랜트,2025-11-26,18700.0,18977.88,18336.71,3.378,14.89,0.6,2.2,True,False,True,손절,3,-1.089
251970,펌텍코리아,2025-11-26,53300.0,54508.8,52025.0,4.557,15.0,0.65,-1.14,True,False,True,추적청산,5,0.634
127120,제이에스링크,2025-11-26,19810.0,21292.5,19307.52,9.322,8.0,0.98,-14.31,True,False,False,미돌파,0,0.0
329180,HD현대중공업,2025-11-26,554000.0,568134.0,539301.79,5.075,13.04,2.79,3.48,False,False,True,손절,2,-1.059
010120,LS ELECTRIC,2025-11-26,89700.0,91883.4,84545.71,7.986,0.0,0.6,5.58,True,False,True,시간손절,5,0.483
383220,F&F,2025-11-26,71800.0,73146.0,69616.07,4.826,14.29,0.87,2.31,False,False,False,미돌파,0,0.0
007810,코리아써키트,2025-11-26,30750.0,31262.4,28939.57,7.43,8.57,0.2,2.23,False,False,True,추적청산,12,1.975
207940,삼성바이오로직스,2025-11-26,1651000.0,1684362.0,1594664.29,5.325,13.58,2.56,8.12,False,False,True,시간손절,5,-0.395
160190,하이젠알앤엠,2025-11-26,47100.0,47544.9,44828.04,5.714,0.0,0.39,3.09,True,False,True,추적청산,8,2.758
082640,동양생명,2025-11-27,6540.0,6733.44,6463.68,4.006,9.09,0.87,-2.35,True,False,True,시간손절,5,-0.421
415640,KB발해인프라,2025-11-27,9750.0,9819.6,9608.21,2.153,0.0,0.87,0.91,False,False,False,미돌파,0,0.0
004170,신세계,2025-11-27,217000.0,220440.0,212970.0,3.389,0.0,0.44,6.67,False,False,False,미돌파,0,0.0
192080,더블유게임즈,2025-11-27,52500.0,53106.0,51811.43,2.438,0.0,0.41,0.38,False,False,False,미돌파,0,0.0
066970,엘앤에프,2025-11-27,126500.0,128907.3,122165.18,5.23,1.9,0.52,1.02,True,False,True,시간손절,5,-0.874
218410,RFHIC,2025-11-27,26550.0,27454.8,25634.82,6.629,3.33,0.73,6.68,True,False,True,추적청산,7,1.154
307950,현대오토에버,2025-11-27,188100.0,191582.4,185650.71,3.096,11.63,0.31,1.93,False,False,True,추적청산,11,8.868
241710,코스메카코리아,2025-11-27,70200.0,72244.2,67927.86,5.975,8.33,0.43,2.9,False,False,True,추적청산,3,0.213
450080,에코프로머티,2025-11-27,57500.0,59919.6,56510.89,5.689,14.29,0.92,3.04,False,False,False,미돌파,0,0.0
122640,예스티,2025-11-27,17650.0,17835.6,16924.96,5.106,1.39,0.48,1.12,False,False,True,손절,2,-1.059
145020,휴젤,2025-11-27,220000.0,222945.0,215107.14,3.516,8.33,0.27,5.78,False,False,True,추적청산,4,0.865
036540,SFA반도체,2025-11-27,4075.0,4203.39,4003.8,4.748,3.33,0.41,0.73,False,False,False,미돌파,0,0.0
006260,LS,2025-11-27,182100.0,185770.8,178588.21,3.866,13.21,0.64,7.33,False,False,False,미돌파,0,0.0
090710,휴림로봇,2025-11-27,5020.0,5180.34,4874.91,5.896,4.26,0.5,3.65,False,False,True,추적청산,7,1.022
055550,신한지주,2025-11-27,78300.0,79859.4,77619.11,2.805,5.88,0.5,-2.09,True,False,False,미돌파,0,0.0
047050,포스코인터내셔널,2025-11-27,53800.0,55210.2,53023.57,3.961,5.56,0.85,-0.94,True,False,False,미돌파,0,0.0
036930,주성엔지니어링,2025-11-27,27100.0,27454.8,26602.68,3.104,0.0,0.51,4.24,False,False,True,추적청산,5,1.603
001740,SK네트웍스,2025-11-27,4515.0,4574.13,4490.91,1.819,0.0,0.66,0.99,False,False,True,추적청산,5,0.761
144960,뉴파워프라즈마,2025-11-27,4960.0,5100.18,4891.04,4.101,6.06,0.51,4.06,False,False,False,미돌파,0,0.0
285130,SK케미칼,2025-11-27,70300.0,71442.6,68568.57,4.023,9.09,0.32,4.74,False,False,True,시간손절,5,0.085
034310,NICE,2025-11-27,13980.0,14218.38,13839.77,2.663,3.57,0.54,0.85,True,False,False,미돌파,0,0.0
078600,대주전자재료,2025-11-27,71600.0,72745.2,70530.71,3.044,12.5,0.33,2.59,False,False,True,추적청산,5,0.798
329180,HD현대중공업,2025-11-27,554000.0,571140.0,541467.86,5.195,12.5,0.51,4.97,False,False,False,미돌파,0,0.0
051910,LG화학,2025-11-27,395500.0,403305.0,383018.75,5.03,6.06,1.27,-1.8,True,False,False,미돌파,0,0.0
000120,CJ대한통운,2025-11-27,92400.0,93386.4,91028.57,2.525,11.76,0.33,1.6,False,False,False,미돌파,0,0.0
290650,엘앤씨바이오,2025-11-27,53700.0,56212.2,52504.46,6.596,12.9,0.69,2.72,True,False,True,추적청산,5,0.857
002790,아모레퍼시픽홀딩스,2025-11-27,28450.0,29208.3,27896.96,4.49,14.29,0.75,8.08,False,False,False,미돌파,0,0.0
086900,메디톡스,2025-11-27,121800.0,123546.6,120509.64,2.458,0.0,0.67,1.77,False,False,True,추적청산,5,0.617
000070,삼양홀딩스,2025-11-27,61000.0,61823.4,59440.71,3.854,15.0,1.31,12.61,False,False,True,시간손절,5,0.332
196170,알테오젠,2025-11-27,400884.0,412480.31,394019.64,4.476,5.26,0.46,6.46,False,False,True,손절,5,-1.067
034730,SK,2025-11-27,254000.0,259518.0,248458.93,4.261,11.76,0.61,3.61,False,False,True,추적청산,2,0.43
108320,LX세미콘,2025-11-27,51700.0,52204.2,50911.43,2.476,0.0,0.48,0.39,False,False,False,미돌파,0,0.0
373220,LG에너지솔루션,2025-11-27,438000.0,445389.0,429950.0,3.466,8.33,1.05,0.68,False,False,False,미돌파,0,0.0
041960,코미팜,2025-11-27,6170.0,6302.58,6009.5,4.65,8.33,0.8,0.0,True,False,False,미돌파,0,0.0
483650,달바글로벌,2025-11-27,129300.0,132163.8,127431.79,3.58,5.41,0.45,3.0,False,False,True,추적청산,3,0.409
214150,클래시스,2025-11-27,52100.0,52705.2,50568.21,4.055,0.0,0.63,7.13,False,False,True,추적청산,4,1.829
009540,HD한국조선해양,2025-11-27,427000.0,435870.0,420176.79,3.6,0.0,0.39,1.5,False,False,False,미돌파,0,0.0
161890,한국콜마,2025-11-27,65800.0,66633.0,64626.07,3.012,13.33,0.56,0.6,False,False,True,손절,5,-1.1
460930,현대힘스,2025-11-27,18480.0,18807.54,18101.91,3.752,9.26,0.55,2.43,False,False,True,손절,2,-1.08
001680,대상,2025-11-27,20950.0,21192.3,20736.79,2.149,14.29,1.12,-0.48,True,False,True,시간손절,5,0.316
099190,아이센스,2025-11-27,16920.0,17374.68,16702.36,3.87,14.55,0.54,1.23,True,False,True,손절,5,-1.078
120110,코오롱인더,2025-11-27,40700.0,42209.25,39797.95,5.713,10.39,0.7,6.97,False,False,False,미돌파,0,0.0
017940,E1,2025-11-27,84900.0,86773.2,83332.86,3.965,14.29,0.69,0.12,False,False,False,미돌파,0,0.0
140410,메지온,2025-11-27,66700.0,68035.8,64865.36,4.66,0.0,0.5,3.75,False,False,True,추적청산,7,2.622
271560,오리온,2025-11-28,105500.0,106612.8,103888.57,2.555,9.52,0.38,-0.67,True,False,False,미돌파,0,0.0
272210,한화시스템,2025-11-28,46200.0,47294.4,45678.57,3.417,12.5,0.54,4.94,False,False,False,미돌파,0,0.0
122640,예스티,2025-11-28,17670.0,18005.94,17248.82,4.205,14.04,0.62,-5.75,True,False,False,미돌파,0,0.0
196170,알테오젠,2025-11-28,410118.0,422502.32,400208.62,5.277,12.5,0.95,1.48,False,False,True,손절,3,-1.057
002380,KCC,2025-11-28,417000.0,423345.0,411616.07,2.771,11.76,0.5,-4.12,True,False,True,추적청산,5,0.392
028670,팬오션,2025-11-28,3770.0,3817.62,3720.38,2.547,0.0,0.48,-0.53,True,False,True,추적청산,6,2.734
086790,하나금융지주,2025-11-28,93300.0,93787.2,91610.0,2.321,12.5,0.63,-2.53,True,False,True,추적청산,4,0.466
120110,코오롱인더,2025-11-28,40800.0,41583.0,39703.3,4.52,3.57,0.47,0.61,True,False,True,추적청산,6,1.263
348370,엔켐,2025-11-28,76000.0,78156.0,71625.0,8.356,3.7,2.2,-22.78,True,False,False,미돌파,0,0.0
007340,DN오토모티브,2025-11-28,24100.0,24649.2,23523.57,4.567,5.26,1.25,-4.1,True,False,False,미돌파,0,0.0
007070,GS리테일,2025-11-28,21550.0,21743.4,21079.46,3.054,10.0,0.41,4.22,False,False,True,추적청산,5,0.746
001680,대상,2025-11-28,21100.0,21342.6,20889.46,2.123,14.29,0.91,-0.24,True,False,True,시간손절,5,-0.015
007310,오뚜기,2025-11-28,389000.0,392283.0,385707.14,1.676,10.0,0.63,0.51,True,False,True,시간손절,5,-0.526
415640,KB발해인프라,2025-11-28,9750.0,9829.62,9630.14,2.029,0.0,0.7,0.2,False,False,False,미돌파,0,0.0
036530,SNT홀딩스,2025-11-28,55000.0,55911.6,52660.71,5.814,7.41,1.14,-1.1,True,False,True,추적청산,4,0.448
087010,펩트론,2025-11-28,340000.0,370239.0,326173.21,11.902,9.09,2.21,7.86,False,False,False,미돌파,0,0.0
012630,HDC,2025-11-28,17430.0,17524.98,17021.07,2.875,7.89,0.83,2.13,False,False,True,추적청산,5,0.396
001430,세아베스틸지주,2025-11-28,27900.0,29007.9,27068.39,6.686,11.76,0.75,-5.28,True,False,False,미돌파,0,0.0
031330,에스에이엠티,2025-11-28,3855.0,3892.77,3651.98,6.186,14.63,1.0,-9.67,True,True,False,미돌파,0,0.0
000080,하이트진로,2025-11-28,18810.0,18937.8,18714.64,1.178,6.67,0.67,0.16,False,False,True,시간손절,5,-0.245
008060,대덕,2025-11-28,10340.0,10450.86,9946.86,4.823,2.33,0.51,-1.77,True,False,False,미돌파,0,0.0
300720,한일시멘트,2025-11-28,17550.0,17745.42,17344.11,2.262,13.33,0.6,0.51,False,False,False,미돌파,0,0.0
097950,CJ제일제당,2025-12-01,210500.0,212925.0,208367.86,2.14,14.29,0.72,1.86,True,False,False,미돌파,0,0.0
005250,녹십자홀딩스,2025-12-01,16120.0,16342.62,15945.96,2.427,6.9,0.42,-3.07,True,False,True,손절,5,-1.124
000120,CJ대한통운,2025-12-01,93300.0,94288.2,91212.14,3.262,4.0,0.91,-0.32,True,False,False,미돌파,0,0.0
006280,녹십자,2025-12-01,137200.0,138676.8,133510.54,3.725,0.0,0.55,-5.13,True,False,False,미돌파,0,0.0
078930,GS,2025-12-01,56300.0,57314.4,55150.71,3.775,5.88,0.38,5.54,False,False,True,추적청산,4,0.421
021240,코웨이,2025-12-01,86200.0,87574.8,84847.86,3.114,14.29,0.7,-0.58,True,False,True,시간손절,5,0.06
137400,피엔티,2025-12-01,41600.0,42334.5,40977.86,3.205,15.0,0.75,-9.91,True,False,True,손절,4,-1.094
403870,HPSP,2025-12-01,31300.0,31713.3,30594.82,3.527,11.76,1.51,-10.99,True,False,True,손절,3,-1.085
083650,비에이치아이,2025-12-01,45000.0,45641.1,43315.09,5.096,5.41,0.49,-5.63,True,False,True,추적청산,6,1.808
012630,HDC,2025-12-01,17320.0,17675.28,17157.82,2.928,5.0,0.45,0.69,False,False,True,추적청산,4,0.354
003670,포스코퓨처엠,2025-12-01,209000.0,214428.0,204004.29,4.861,5.88,0.9,-11.88,True,False,False,미돌파,0,0.0
066970,엘앤에프,2025-12-01,128100.0,130159.8,123113.39,5.414,10.71,0.59,-14.89,True,False,True,손절,3,-1.055
087010,펩트론,2025-12-01,317500.0,332664.0,300001.79,9.818,7.41,1.32,-1.44,True,False,False,미돌파,0,0.0
105560,KB금융,2025-12-01,126300.0,127755.0,123883.93,3.03,3.33,0.69,-4.99,True,False,True,추적청산,4,0.665
486990,노타,2025-12-01,44250.0,48847.5,42060.89,13.893,6.09,0.48,-34.5,True,False,False,미돌파,0,0.0
034310,NICE,2025-12-01,13530.0,13677.3,13271.91,2.964,0.0,0.86,2.24,True,False,False,미돌파,0,0.0
003090,대웅,2025-12-01,24050.0,24198.3,23273.75,3.821,7.14,0.5,-5.02,True,True,True,시간손절,5,-0.401
028260,삼성물산,2025-12-01,226500.0,228957.0,220623.21,3.64,0.0,0.72,-3.9,True,False,False,미돌파,0,0.0
086790,하나금융지주,2025-12-01,94400.0,95590.8,92728.21,2.995,4.35,0.56,-5.47,True,False,True,시간손절,5,-0.656
271560,오리온,2025-12-01,106000.0,106813.2,104385.36,2.273,5.56,0.44,-3.62,True,False,False,미돌파,0,0.0
373220,LG에너지솔루션,2025-12-01,413000.0,418335.0,403353.57,3.581,13.04,0.81,-0.24,True,False,False,미돌파,0,0.0
009240,한샘,2025-12-01,46050.0,46793.4,45478.04,2.811,0.0,1.14,-1.88,True,False,False,미돌파,0,0.0
003570,SNT다이내믹스,2025-12-02,40800.0,41883.6,39740.36,5.117,11.43,0.83,2.86,False,False,True,추적청산,7,1.308
003090,대웅,2025-12-02,23900.0,24248.4,23298.39,3.918,6.67,0.77,-5.75,True,False,True,시간손절,5,-0.022
009240,한샘,2025-12-02,46300.0,46593.0,45427.5,2.501,11.11,0.99,-1.65,True,False,True,시간손절,5,-0.886
241710,코스메카코리아,2025-12-02,70300.0,70741.2,66811.79,5.555,3.12,0.51,0.57,False,True,False,미돌파,0,0.0
032830,삼성생명,2025-12-02,155400.0,158115.6,152206.43,3.737,12.77,0.88,-5.93,True,False,False,미돌파,0,0.0
180640,한진칼,2025-12-02,103400.0,105009.6,101270.36,3.561,0.0,0.5,-3.3,True,False,True,추적청산,2,0.416
347700,스피어,2025-12-02,8210.0,8336.64,7556.07,9.363,12.12,0.92,4.09,False,True,False,미돌파,0,0.0
293490,카카오게임즈,2025-12-02,16270.0,16553.04,16043.18,3.08,5.0,0.67,-5.1,True,False,False,미돌파,0,0.0
252990,샘씨엔에스,2025-12-02,7190.0,7304.58,6820.39,6.629,10.26,1.77,0.69,False,False,True,시간손절,5,-0.468
066970,엘앤에프,2025-12-02,129100.0,133666.8,125626.25,6.015,0.0,0.59,-13.64,True,False,False,미돌파,0,0.0
032350,롯데관광개발,2025-12-02,20950.0,21893.7,19851.27,9.329,8.57,1.44,-1.21,True,False,True,시간손절,5,0.534
281740,레이크머티리얼즈,2025-12-02,13830.0,14128.2,13659.04,3.321,5.71,0.52,-11.8,True,False,False,미돌파,0,0.0
486990,노타,2025-12-02,44350.0,47194.2,40794.11,13.561,1.85,0.5,-14.75,True,False,False,미돌파,0,0.0
001060,JW중외제약,2025-12-02,25900.0,26052.0,25234.82,3.137,7.69,0.93,-3.39,True,True,True,추적청산,9,0.893
019170,신풍제약,2025-12-02,14800.0,14829.6,14197.5,4.262,14.29,0.49,-4.23,True,True,True,시간손절,5,-0.592
272210,한화시스템,2025-12-02,45550.0,45941.7,44439.29,3.27,13.64,0.54,1.41,True,False,True,추적청산,7,0.977
002960,한국쉘석유,2025-12-02,468000.0,469437.0,461816.07,1.623,9.09,0.75,0.74,False,True,True,손절,3,-1.185
085620,미래에셋생명,2025-12-02,9350.0,9519.0,9198.89,3.363,4.0,0.87,-4.35,True,False,False,미돌파,0,0.0
006040,동원산업,2025-12-02,44350.0,44689.2,43526.07,2.603,5.88,0.5,-1.14,True,False,True,추적청산,3,0.385
214430,아이쓰리시스템,2025-12-03,71400.0,72144.0,69439.64,3.749,15.0,0.55,-3.78,True,False,True,시간손절,5,0.052
000810,삼성화재,2025-12-03,493500.0,498495.0,482332.14,3.242,12.0,0.76,-1.54,True,False,True,추적청산,3,0.407
002960,한국쉘석유,2025-12-03,468500.0,472944.0,465305.36,1.615,9.09,0.91,0.32,False,False,True,손절,2,-1.186
259960,크래프톤,2025-12-03,252000.0,255510.0,249479.46,2.36,0.0,0.53,3.08,False,False,False,미돌파,0,0.0
030000,제일기획,2025-12-03,22650.0,22745.4,22333.57,1.811,0.0,0.75,0.88,False,False,True,추적청산,5,0.34
229640,LS에코에너지,2025-12-03,34900.0,35120.1,33931.43,3.385,5.56,0.59,0.0,True,True,True,추적청산,9,0.992
039030,이오테크닉스,2025-12-03,279500.0,282063.0,271228.57,3.841,0.0,0.72,-8.97,True,False,True,손절,4,-1.078
402340,SK스퀘어,2025-12-03,310500.0,318135.0,295502.68,7.114,2.63,0.47,-6.7,True,False,False,미돌파,0,0.0
323410,카카오뱅크,2025-12-03,21950.0,22344.6,21763.75,2.6,11.11,0.73,0.23,False,False,False,미돌파,0,0.0
195870,해성디에스,2025-12-03,54100.0,54809.4,51838.04,5.421,4.35,0.62,-9.18,True,False,False,미돌파,0,0.0
067310,하나마이크론,2025-12-03,25400.0,26553.0,24857.86,6.384,3.57,0.59,-5.39,True,False,False,미돌파,0,0.0
018880,한온시스템,2025-12-03,3690.0,3722.43,3540.38,4.891,3.45,0.78,0.81,False,True,False,미돌파,0,0.0
486990,노타,2025-12-03,40800.0,42534.9,36468.39,14.262,13.86,1.24,18.73,False,False,True,시간손절,5,0.418
010120,LS ELECTRIC,2025-12-03,95700.0,96793.2,91929.29,5.025,8.11,0.55,-6.69,True,False,True,추적청산,4,0.616
267270,HD건설기계,2025-12-03,95400.0,96993.6,93093.57,4.021,3.23,0.91,1.55,True,False,False,미돌파,0,0.0
226950,올릭스,2025-12-04,122200.0,126552.6,118635.36,6.256,12.9,0.74,1.77,False,False,False,미돌파,0,0.0
000250,삼천당제약,2025-12-04,223500.0,228456.0,220216.07,3.607,0.0,0.72,-6.68,True,False,False,미돌파,0,0.0
052020,에스티큐브,2025-12-04,7420.0,7515.0,7141.04,4.976,12.9,0.62,0.13,False,False,False,미돌파,0,0.0
036460,한국가스공사,2025-12-04,41700.0,41783.4,40859.11,2.212,14.29,0.76,0.24,False,True,True,추적청산,4,0.482
140860,파크시스템스,2025-12-04,223500.0,226953.0,214700.0,5.399,15.0,0.83,0.67,False,True,False,미돌파,0,0.0
039030,이오테크닉스,2025-12-04,278000.0,289578.0,269841.07,6.816,2.94,1.05,-8.17,True,False,False,미돌파,0,0.0
267270,HD건설기계,2025-12-04,95500.0,95691.0,92610.71,3.219,0.0,0.69,-0.95,True,True,True,추적청산,8,1.918
214150,클래시스,2025-12-04,55100.0,56112.0,54088.57,3.606,6.67,0.57,-5.76,True,False,False,미돌파,0,0.0
000150,두산,2025-12-04,889000.0,905808.0,852614.29,5.873,2.38,0.45,0.11,False,False,True,손절,5,-1.051
282330,BGF리테일,2025-12-04,110800.0,112524.6,109720.71,2.492,4.55,0.36,-2.78,True,False,False,미돌파,0,0.0
302440,SK바이오사이언스,2025-12-04,54400.0,55009.8,53098.93,3.474,13.33,0.74,-3.82,True,False,False,미돌파,0,0.0
089860,롯데렌탈,2025-12-04,32000.0,32264.4,31635.89,1.948,0.0,0.59,2.44,True,False,False,미돌파,0,0.0
064350,현대로템,2025-12-04,176200.0,178656.6,168898.93,5.462,12.2,0.88,1.67,False,True,True,추적청산,5,0.893
103140,풍산,2025-12-04,102000.0,103807.2,99857.86,3.804,12.5,0.82,-2.31,True,False,False,미돌파,0,0.0
006280,녹십자,2025-12-04,137200.0,139077.6,134611.25,3.211,5.56,0.58,-2.16,True,False,False,미돌파,0,0.0
328130,루닛,2025-12-04,18374.0,19115.15,18036.17,5.645,7.66,0.56,-4.26,True,False,False,미돌파,0,0.0
001430,세아베스틸지주,2025-12-04,28050.0,28256.4,27342.5,3.234,7.14,0.6,-1.08,True,False,False,미돌파,0,0.0
249420,일동제약,2025-12-04,28800.0,29158.2,27693.04,5.025,9.09,0.35,0.35,False,False,True,손절,1,-1.06
278470,에이피알,2025-12-04,247500.0,255009.0,242975.0,4.719,0.0,0.35,6.95,False,False,False,미돌파,0,0.0
108320,LX세미콘,2025-12-04,52400.0,52605.0,51629.64,1.854,0.0,0.49,-1.35,True,True,True,추적청산,2,0.338
069260,TKG휴켐스,2025-12-04,18760.0,18947.82,18143.64,4.244,4.23,0.53,-0.86,True,False,False,미돌파,0,0.0
178320,서진시스템,2025-12-04,24900.0,25200.3,24171.88,4.081,12.5,0.72,-1.84,True,False,True,추적청산,5,1.229
300720,한일시멘트,2025-12-04,17900.0,18086.1,17634.43,2.497,14.29,0.79,-2.23,True,False,True,추적청산,8,2.166
196170,알테오젠,2025-12-04,399345.0,407082.54,390667.31,4.032,0.0,0.73,0.38,False,False,False,미돌파,0,0.0
029780,삼성카드,2025-12-04,54100.0,54709.2,52700.71,3.671,5.88,0.99,1.1,False,False,False,미돌파,0,0.0
009540,HD한국조선해양,2025-12-04,419000.0,424848.0,409896.43,3.519,0.0,0.49,1.87,False,False,True,추적청산,7,0.988
298050,HS효성첨단소재,2025-12-04,198600.0,200901.0,196023.57,2.428,0.0,0.61,0.1,False,False,False,미돌파,0,0.0
161000,애경케미칼,2025-12-04,10750.0,10871.7,10494.18,3.473,0.0,0.75,-5.81,True,False,True,추적청산,6,0.769
007310,오뚜기,2025-12-04,390000.0,392283.0,387739.29,1.158,0.0,1.39,-0.65,True,False,False,미돌파,0,0.0
138930,BNK금융지주,2025-12-04,15510.0,15631.2,15051.93,3.706,0.0,1.07,-3.19,True,False,True,시간손절,5,-0.929
348370,엔켐,2025-12-05,70000.0,72645.0,68221.07,6.09,2.86,0.72,7.89,False,False,False,미돌파,0,0.0
000100,유한양행,2025-12-05,117300.0,118336.2,115386.79,2.492,4.55,0.88,3.85,False,False,False,미돌파,0,0.0
033240,자화전자,2025-12-05,19330.0,19488.9,18803.64,3.516,2.0,0.53,-8.9,True,False,True,추적청산,7,3.086
383800,LX홀딩스,2025-12-05,8220.0,8256.48,8127.07,1.567,11.11,0.46,-3.14,True,False,False,미돌파,0,0.0
328130,루닛,2025-12-05,18398.0,18692.31,17921.69,4.123,3.78,0.41,2.0,True,False,False,미돌파,0,0.0
456040,OCI,2025-12-05,60800.0,61021.8,59792.14,2.015,0.0,0.96,-2.01,True,True,True,추적청산,3,0.383
253450,스튜디오드래곤,2025-12-05,38850.0,39178.2,38473.57,1.799,10.0,1.0,2.14,False,False,False,미돌파,0,0.0
213420,덕산네오룩스,2025-12-05,41800.0,42785.4,41229.46,3.637,8.33,0.37,0.71,False,False,False,미돌파,0,0.0
499790,GS피앤엘,2025-12-05,48000.0,49799.4,46678.93,6.266,12.24,0.54,-4.69,True,False,True,추적청산,3,0.452
036810,에프에스티,2025-12-05,27618.0,28071.03,26938.25,4.035,0.0,0.56,2.11,False,False,True,손절,3,-1.074
008930,한미사이언스,2025-12-05,36950.0,37274.4,36306.07,2.598,0.0,0.63,4.89,True,False,False,미돌파,0,0.0
053800,안랩,2025-12-05,61400.0,61623.0,60545.71,1.748,12.5,0.42,-1.99,True,True,True,추적청산,7,0.828
358570,지아이이노베이션,2025-12-05,18890.0,19088.1,17420.96,8.734,3.45,1.19,-0.53,True,True,True,추적청산,5,0.637
083450,GST,2025-12-05,25850.0,26052.0,24960.89,4.188,11.76,0.39,2.27,False,True,False,미돌파,0,0.0
099190,아이센스,2025-12-05,16730.0,16823.58,16383.75,2.614,6.25,1.21,5.53,False,False,False,미돌파,0,0.0
347700,스피어,2025-12-05,7380.0,7515.0,6953.79,7.468,2.22,1.06,16.14,True,False,True,추적청산,9,4.01
010170,대한광통신,2025-12-05,2266.0,2375.74,2123.58,10.614,2.33,0.66,0.0,True,False,False,미돌파,0,0.0
127120,제이에스링크,2025-12-05,19430.0,20240.4,19134.75,5.463,9.89,0.88,1.82,False,False,False,미돌파,0,0.0
302440,SK바이오사이언스,2025-12-05,54000.0,54809.4,53101.07,3.117,0.0,0.67,1.46,True,False,False,미돌파,0,0.0
263750,펄어비스,2025-12-05,38650.0,38777.4,37779.11,2.574,0.0,0.57,-6.92,True,True,False,미돌파,0,0.0
214150,클래시스,2025-12-05,55300.0,56112.0,54098.21,3.589,0.0,0.45,5.63,True,False,False,미돌파,0,0.0
004000,롯데정밀화학,2025-12-05,47000.0,47544.9,46204.46,2.819,9.52,0.52,-2.96,True,False,False,미돌파,0,0.0
183300,코미코,2025-12-05,44055.0,44296.42,41889.95,5.433,7.86,0.85,0.23,False,True,True,시간손절,5,-0.303
059090,미코,2025-12-05,13940.0,14238.42,13692.46,3.834,2.33,0.63,1.83,False,False,False,미돌파,0,0.0
003090,대웅,2025-12-05,24300.0,24448.8,23709.11,3.025,9.09,0.56,-1.67,True,False,True,추적청산,5,0.401
038500,삼표시멘트,2025-12-05,3100.0,3141.27,3054.89,2.75,7.69,2.01,-1.14,True,False,False,미돌파,0,0.0
052020,에스티큐브,2025-12-05,7330.0,7504.98,7114.14,5.208,6.06,0.91,0.95,False,False,True,시간손절,5,-0.326
128940,한미약품,2025-12-05,426000.0,429858.0,412176.79,4.113,10.71,0.7,6.68,True,True,False,미돌파,0,0.0
445680,큐리옥스바이오시스템즈,2025-12-05,91700.0,92685.0,86526.07,6.645,6.0,0.57,4.48,False,True,True,추적청산,8,0.667
282330,BGF리테일,2025-12-08,110800.0,111622.8,109559.29,1.849,13.33,0.82,-1.0,True,False,False,미돌파,0,0.0
357780,솔브레인,2025-12-08,273500.0,286572.0,266851.79,6.881,11.76,0.7,7.45,False,False,False,미돌파,0,0.0
015760,한국전력,2025-12-08,51700.0,51903.6,50043.21,3.584,7.14,0.43,-3.19,True,True,False,미돌파,0,0.0
102710,이엔에프테크놀로지,2025-12-08,46350.0,46542.9,44701.79,3.956,3.57,0.46,1.9,False,True,True,손절,3,-1.076
036810,에프에스티,2025-12-08,27916.0,28816.52,26948.86,6.481,9.39,0.36,3.43,False,False,False,미돌파,0,0.0
030190,NICE평가정보,2025-12-08,16850.0,16923.78,16444.43,2.832,5.71,1.9,0.0,True,True,True,추적청산,7,1.256
045100,한양이엔지,2025-12-08,21300.0,21743.4,20771.32,4.471,6.25,0.67,-4.93,True,False,False,미돌파,0,0.0
029780,삼성카드,2025-12-08,54000.0,54609.0,53310.36,2.378,0.0,0.51,1.28,True,False,False,미돌파,0,0.0
000240,한국앤컴퍼니,2025-12-08,27950.0,28306.5,26629.64,5.924,6.9,1.34,0.89,False,True,False,미돌파,0,0.0
088980,맥쿼리인프라,2025-12-08,11650.0,11743.44,11595.86,1.257,0.0,0.91,0.34,False,False,False,미돌파,0,0.0
271560,오리온,2025-12-08,104200.0,105109.8,103147.5,1.867,7.14,0.35,1.7,False,False,False,미돌파,0,0.0
161890,한국콜마,2025-12-08,65700.0,66232.2,65062.14,1.767,0.0,0.6,-0.46,True,False,False,미돌파,0,0.0
285130,SK케미칼,2025-12-08,71000.0,73346.4,70029.29,4.523,0.0,0.89,0.7,False,False,False,미돌파,0,0.0
039490,키움증권,2025-12-08,286000.0,292584.0,280382.14,4.17,15.0,0.49,-5.73,True,False,False,미돌파,0,0.0
101160,월덱스,2025-12-08,22500.0,22695.3,22145.54,2.422,12.5,0.32,0.22,False,False,False,미돌파,0,0.0
195940,HK이노엔,2025-12-08,51500.0,52204.2,50625.71,3.024,8.33,0.95,2.28,True,False,True,손절,5,-1.099
352820,하이브,2025-12-08,289000.0,291081.0,283596.43,2.571,0.0,0.67,1.03,False,False,True,추적청산,5,0.612
003690,코리안리,2025-12-08,11270.0,11422.8,11166.04,2.248,15.0,0.78,2.84,False,False,True,추적청산,6,0.381
094170,동운아나텍,2025-12-08,29800.0,30561.0,24742.04,19.04,1.85,4.98,3.56,True,True,False,미돌파,0,0.0
004370,농심,2025-12-08,431000.0,437874.0,426705.36,2.551,5.88,0.69,1.15,False,False,False,미돌파,0,0.0
019170,신풍제약,2025-12-08,14770.0,15390.72,14465.21,6.013,0.0,1.18,-0.27,True,False,False,미돌파,0,0.0
079160,CJ CGV,2025-12-08,5580.0,5641.26,5435.54,3.647,13.33,0.54,7.46,True,False,True,추적청산,6,1.484
033100,제룡전기,2025-12-08,35750.0,35921.7,34987.14,2.602,7.14,0.65,-3.62,True,True,False,미돌파,0,0.0
462870,시프트업,2025-12-08,38650.0,38777.4,37787.14,2.554,13.33,0.81,-0.65,True,True,True,추적청산,5,0.167
322000,HD현대에너지솔루션,2025-12-08,55800.0,56412.6,54261.43,3.813,5.88,0.87,-5.08,True,False,True,손절,2,-1.079
328130,루닛,2025-12-08,17765.0,18317.56,17215.18,6.018,4.9,0.63,2.31,False,False,False,미돌파,0,0.0
096530,씨젠,2025-12-09,25000.0,25300.5,24748.21,2.183,0.0,0.79,4.76,False,False,False,미돌파,0,0.0
015750,성우하이텍,2025-12-09,7070.0,7184.34,6952.54,3.227,5.88,0.61,1.94,False,False,False,미돌파,0,0.0
174900,앱클론,2025-12-09,36700.0,37775.4,34478.75,8.727,3.7,0.53,13.34,True,False,True,추적청산,4,0.659
024110,기업은행,2025-12-09,21000.0,21192.3,20745.04,2.111,14.29,0.87,0.47,False,False,False,미돌파,0,0.0
373220,LG에너지솔루션,2025-12-09,443500.0,451902.0,436035.71,3.511,4.0,0.68,-6.87,True,False,True,손절,2,-1.085
249420,일동제약,2025-12-09,29700.0,30661.2,28545.18,6.901,11.43,2.05,-5.32,True,False,True,추적청산,5,2.793
352820,하이브,2025-12-09,291000.0,298095.0,287644.64,3.506,0.0,0.68,2.35,False,False,True,추적청산,2,0.414
347850,디앤디파마텍,2025-12-09,84900.0,88376.4,81633.93,7.629,3.85,1.2,9.0,False,False,True,손절,1,-1.039
096770,SK이노베이션,2025-12-09,117300.0,119037.6,115785.71,2.732,0.0,0.9,-1.56,True,False,True,손절,2,-1.11
139130,iM금융지주,2025-12-09,14500.0,14569.08,14277.14,2.004,4.55,0.62,0.62,True,True,False,미돌파,0,0.0
252990,샘씨엔에스,2025-12-09,7100.0,7384.74,6983.57,5.432,3.12,0.48,1.25,True,False,False,미돌파,0,0.0
069960,현대백화점,2025-12-09,90800.0,91582.8,88075.36,3.83,14.81,0.73,7.82,False,False,True,추적청산,5,0.609
078930,GS,2025-12-09,57500.0,57815.4,56313.93,2.597,9.09,0.61,0.17,False,False,False,미돌파,0,0.0
003690,코리안리,2025-12-09,11240.0,11452.86,11134.96,2.776,11.54,0.73,3.27,False,False,False,미돌파,0,0.0
178920,PI첨단소재,2025-12-09,16660.0,16873.68,16498.5,2.223,7.14,0.79,1.07,False,False,False,미돌파,0,0.0
035900,JYP Ent.,2025-12-09,67800.0,68937.6,67344.46,2.311,0.0,0.42,1.17,True,False,False,미돌파,0,0.0
017670,SK텔레콤,2025-12-09,54000.0,54108.0,53506.79,1.111,0.0,0.44,-1.12,True,True,False,미돌파,0,0.0
068760,셀트리온제약,2025-12-09,61092.0,61705.16,60438.41,2.053,0.0,0.29,0.16,True,False,False,미돌파,0,0.0
144960,뉴파워프라즈마,2025-12-09,4920.0,4979.94,4823.16,3.148,12.5,0.85,1.99,False,False,True,손절,5,-1.095
005490,POSCO홀딩스,2025-12-09,315000.0,318636.0,309639.29,2.824,14.29,0.78,-1.94,True,False,True,손절,2,-1.106
031210,서울보증보험,2025-12-09,50000.0,50500.8,49273.21,2.431,10.53,0.96,1.38,False,False,False,미돌파,0,0.0
195940,HK이노엔,2025-12-09,51500.0,52404.6,51036.43,2.611,0.0,0.62,2.28,True,False,False,미돌파,0,0.0
067310,하나마이크론,2025-12-09,24900.0,25400.7,24442.14,3.774,7.14,0.35,1.39,True,False,True,손절,3,-1.079
361610,SK아이이테크놀로지,2025-12-09,30150.0,30961.8,29274.82,5.449,13.79,1.01,-2.03,True,False,False,미돌파,0,0.0
285130,SK케미칼,2025-12-09,71200.0,71743.2,69956.07,2.491,7.69,0.48,1.11,False,False,False,미돌파,0,0.0
000810,삼성화재,2025-12-09,500000.0,501000.0,488014.29,2.592,0.0,0.87,-0.6,True,True,True,손절,2,-1.116
006400,삼성SDI,2025-12-09,310000.0,313626.0,304991.96,2.753,7.69,0.71,-1.64,True,False,True,추적청산,2,0.391
122870,와이지엔터테인먼트,2025-12-09,61800.0,62625.0,61206.43,2.265,10.0,0.3,1.59,False,False,True,손절,2,-1.132
006280,녹십자,2025-12-09,133700.0,134268.0,131477.68,2.078,10.0,0.49,2.76,False,True,True,추적청산,7,5.486
033780,KT&G,2025-12-09,141100.0,141883.2,138833.93,2.149,4.35,0.63,2.56,False,False,True,추적청산,8,0.871
259960,크래프톤,2025-12-09,245500.0,247995.0,241541.07,2.602,10.0,0.98,2.96,True,False,True,손절,2,-1.115
088980,맥쿼리인프라,2025-12-09,11660.0,11683.32,11566.07,1.004,12.5,0.8,0.6,False,True,False,미돌파,0,0.0
166090,하나머티리얼즈,2025-12-10,43650.0,45090.0,42927.68,4.796,5.88,0.29,5.52,True,False,False,미돌파,0,0.0
376900,로킷헬스케어,2025-12-10,72600.0,76152.0,67695.0,11.105,14.29,0.33,12.53,False,False,False,미돌파,0,0.0
140860,파크시스템스,2025-12-10,218500.0,223446.0,214516.07,3.996,14.29,0.87,3.1,True,False,False,미돌파,0,0.0
009240,한샘,2025-12-10,45850.0,46593.0,45306.96,2.76,14.29,1.47,2.34,False,False,False,미돌파,0,0.0
336570,원텍,2025-12-10,7500.0,7575.12,7366.79,2.75,6.25,0.87,0.66,False,False,True,추적청산,3,0.391
101160,월덱스,2025-12-10,22450.0,22545.0,21956.79,2.609,11.11,0.52,0.66,False,True,True,손절,2,-1.115
003090,대웅,2025-12-10,24350.0,25050.0,23958.04,4.359,5.56,1.32,-0.21,True,False,True,손절,2,-1.069
047810,한국항공우주,2025-12-10,109100.0,114127.8,106913.21,6.321,0.0,0.74,-1.68,True,False,False,미돌파,0,0.0
073240,금호타이어,2025-12-10,6090.0,6172.32,5913.68,4.19,14.29,0.52,3.33,False,False,False,미돌파,0,0.0
069960,현대백화점,2025-12-10,90500.0,91883.4,88823.57,3.33,13.04,0.41,7.75,False,False,True,추적청산,4,0.576
006730,서부T&D,2025-12-10,11610.0,11903.76,11451.11,3.803,12.12,0.43,2.11,False,False,True,추적청산,4,1.411
008930,한미사이언스,2025-12-10,36950.0,37374.6,36545.71,2.218,0.0,0.7,0.94,True,False,True,추적청산,3,0.365
204270,제이앤티씨,2025-12-10,20450.0,20891.7,19976.96,4.378,0.0,0.88,5.1,False,False,True,손절,3,-1.069
028050,삼성E&A,2025-12-10,24700.0,24899.7,24246.61,2.623,10.0,0.9,5.0,True,False,True,시간손절,5,0.345
005180,빙그레,2025-12-10,74600.0,75150.0,74007.14,1.521,12.5,0.38,-0.13,True,False,True,추적청산,6,0.303
001800,오리온홀딩스,2025-12-10,20300.0,20741.4,19974.68,3.697,7.69,0.97,-0.25,True,False,True,추적청산,5,0.685
310210,보로노이,2025-12-10,220500.0,224448.0,209158.93,6.812,4.0,1.22,11.45,True,False,False,미돌파,0,0.0
253450,스튜디오드래곤,2025-12-10,38550.0,38927.7,38129.46,2.051,8.33,1.4,2.03,False,False,True,손절,1,-1.146
089860,롯데렌탈,2025-12-10,31900.0,32064.0,31554.11,1.59,0.0,0.41,0.31,False,False,False,미돌파,0,0.0
108320,LX세미콘,2025-12-10,52300.0,53406.6,51537.14,3.5,0.0,1.32,-0.19,True,False,True,손절,4,-1.086
074600,원익QnC,2025-12-10,20900.0,21342.6,20639.32,3.295,0.0,0.64,4.13,True,False,False,미돌파,0,0.0
140410,메지온,2025-12-10,75800.0,77154.0,69840.36,9.479,4.69,0.74,5.25,False,False,True,손절,4,-1.032
001530,DI동일,2025-12-10,19429.0,19991.9,19092.79,4.497,6.58,0.64,2.85,False,False,True,추적청산,3,0.433
034020,두산에너빌리티,2025-12-10,76800.0,78256.2,75930.71,2.972,5.88,0.63,2.04,True,False,True,손절,4,-1.101
003470,유안타증권,2025-12-10,3680.0,3707.4,3643.48,1.724,11.11,0.99,3.79,False,False,True,추적청산,5,0.581
083450,GST,2025-12-10,25800.0,26402.7,25389.82,3.836,12.5,0.7,2.27,False,False,False,미돌파,0,0.0
090360,로보스타,2025-12-11,77800.0,81061.8,75881.96,6.39,4.76,0.88,3.23,False,False,True,손절,3,-1.047
007310,오뚜기,2025-12-11,390000.0,394788.0,387900.0,1.745,9.09,1.45,0.0,True,False,True,손절,3,-1.172
093370,후성,2025-12-11,8000.0,8116.2,7844.39,3.349,5.0,0.44,1.11,False,False,False,미돌파,0,0.0
328130,루닛,2025-12-11,17601.0,17706.34,17155.22,3.113,5.78,0.7,4.21,False,True,True,추적청산,2,0.392
195940,HK이노엔,2025-12-11,52100.0,52805.4,51459.46,2.549,10.0,1.11,0.95,False,False,False,미돌파,0,0.0
039030,이오테크닉스,2025-12-11,271000.0,274047.0,263801.79,3.738,12.5,1.1,2.52,False,False,True,손절,2,-1.549
039130,하나투어,2025-12-11,48750.0,49098.0,47695.18,2.857,4.35,3.23,1.22,True,False,True,시간손절,5,-0.816
192080,더블유게임즈,2025-12-11,53300.0,53907.6,52635.0,2.361,10.0,1.54,1.66,True,False,True,시간손절,5,0.024
001270,부국증권,2025-12-11,59300.0,60520.8,58385.36,3.528,6.25,0.37,0.17,False,False,True,시간손절,5,-0.423
086450,동국제약,2025-12-11,18920.0,19138.2,18602.75,2.798,7.14,1.13,-0.11,True,False,False,미돌파,0,0.0
008770,호텔신라,2025-12-11,45700.0,46192.2,45283.39,1.967,0.0,0.82,2.35,True,False,True,손절,3,-1.152
219130,타이거일렉,2025-12-11,20550.0,20991.9,19788.89,5.731,5.21,0.39,5.3,False,False,True,추적청산,4,0.077
068270,셀트리온,2025-12-11,177956.0,183469.21,176395.86,3.855,9.38,1.28,-2.25,True,False,False,미돌파,0,0.0
361610,SK아이이테크놀로지,2025-12-11,30100.0,30310.5,29131.79,3.889,10.53,2.8,-3.26,True,False,True,손절,3,-1.077
009450,경동나비엔,2025-12-11,58600.0,58917.6,57785.71,1.921,0.0,0.43,0.17,True,False,False,미돌파,0,0.0
111770,영원무역,2025-12-11,89100.0,91482.6,88004.29,3.802,11.11,1.08,0.78,False,False,True,손절,2,-1.079
047810,한국항공우주,2025-12-11,109600.0,112324.2,108236.79,3.639,3.12,0.89,-3.89,True,False,True,추적청산,3,0.378
112040,위메이드,2025-12-11,27650.0,27805.5,26835.54,3.488,6.67,0.99,4.16,True,True,False,미돌파,0,0.0
012630,HDC,2025-12-11,18030.0,18426.78,17407.0,5.534,10.11,5.15,-1.29,True,False,True,손절,5,-1.054
383220,F&F,2025-12-11,72500.0,72945.6,70374.64,3.524,10.0,1.26,2.55,True,True,True,추적청산,7,1.417
089860,롯데렌탈,2025-12-11,31800.0,31913.7,31256.79,2.058,0.0,0.51,0.62,True,True,True,시간손절,5,0.518
048410,현대바이오,2025-12-11,5420.0,5480.94,5265.27,3.935,12.5,0.91,7.67,False,False,False,미돌파,0,0.0
088980,맥쿼리인프라,2025-12-11,11630.0,11713.38,11556.07,1.343,8.33,1.76,0.43,True,False,False,미돌파,0,0.0
039200,오스코텍,2025-12-11,59900.0,61723.2,57970.0,6.081,13.33,0.78,2.28,False,False,False,미돌파,0,0.0
095340,ISC,2025-12-11,108800.0,111522.6,105833.21,5.102,4.65,0.38,1.36,False,False,False,미돌파,0,0.0
098460,고영,2025-12-11,27250.0,28707.3,26367.86,8.149,10.26,0.77,2.85,False,False,False,미돌파,0,0.0
009240,한샘,2025-12-11,46200.0,46643.1,45305.36,2.868,9.09,1.57,0.32,False,False,True,손절,5,-1.105
003690,코리안리,2025-12-11,11440.0,11643.24,11205.07,3.763,13.16,1.55,1.97,False,False,True,시간손절,5,-0.247
036540,SFA반도체,2025-12-11,4120.0,4143.27,4005.77,3.319,4.55,1.03,3.4,False,True,True,손절,2,-1.09
373220,LG에너지솔루션,2025-12-11,446000.0,446892.0,430573.21,3.652,0.0,2.09,-8.78,True,True,False,미돌파,0,0.0
002790,아모레퍼시픽홀딩스,2025-12-11,26900.0,27555.0,26459.91,3.974,11.11,1.29,3.93,False,False,True,시간손절,5,-0.537
001040,CJ,2025-12-11,182200.0,185269.8,179065.36,3.349,0.0,0.64,2.98,True,False,False,미돌파,0,0.0
067310,하나마이크론,2025-12-12,24650.0,24999.9,23109.82,7.56,9.09,1.26,2.57,False,False,False,미돌파,0,0.0
105560,KB금융,2025-12-12,126100.0,127153.8,124091.07,2.409,4.35,0.96,3.52,True,False,False,미돌파,0,0.0
000100,유한양행,2025-12-12,117000.0,117735.0,115641.07,1.779,13.33,0.83,0.26,False,False,False,미돌파,0,0.0
000080,하이트진로,2025-12-12,18940.0,19338.6,18801.82,2.776,4.26,2.75,0.0,True,False,False,미돌파,0,0.0
140860,파크시스템스,2025-12-12,217000.0,218937.0,206682.14,5.597,14.29,2.58,3.56,True,True,False,미돌파,0,0.0
021240,코웨이,2025-12-12,86200.0,87224.1,84086.96,3.597,11.76,1.76,1.93,False,False,True,추적청산,5,0.732
033780,KT&G,2025-12-12,141600.0,143286.0,139554.29,2.604,0.0,0.87,0.98,False,False,True,추적청산,5,0.614
030000,제일기획,2025-12-12,23050.0,23196.3,22593.75,2.598,10.0,1.63,-1.1,True,False,True,시간손절,5,-0.192
293490,카카오게임즈,2025-12-12,15950.0,16102.14,15686.04,2.584,12.5,0.79,4.55,False,False,False,미돌파,0,0.0
111770,영원무역,2025-12-12,90000.0,92584.8,88138.57,4.802,0.0,0.83,0.55,True,False,True,손절,1,-1.062
045100,한양이엔지,2025-12-12,21450.0,21543.0,20994.36,2.547,0.0,0.45,-1.18,True,True,True,손절,2,-1.118
403870,HPSP,2025-12-12,29450.0,29609.1,28861.25,2.526,9.09,1.24,2.81,False,True,False,미돌파,0,0.0
086790,하나금융지주,2025-12-12,92700.0,93186.0,90759.29,2.604,0.0,1.2,2.63,False,False,False,미돌파,0,0.0
131290,티에스이,2025-12-12,58500.0,59118.0,56108.39,5.091,12.0,1.08,2.01,False,True,False,미돌파,0,0.0
263750,펄어비스,2025-12-12,37500.0,37875.6,36882.86,2.621,6.67,0.69,2.98,False,False,False,미돌파,0,0.0
018260,삼성에스디에스,2025-12-12,175700.0,176953.2,172842.14,2.323,6.45,0.78,0.17,False,False,False,미돌파,0,0.0
085620,미래에셋생명,2025-12-12,8920.0,9138.24,8688.57,4.921,5.26,0.7,3.36,True,False,False,미돌파,0,0.0
032830,삼성생명,2025-12-12,155500.0,158616.6,152280.71,3.994,9.26,1.8,1.71,True,False,False,미돌파,0,0.0
050890,쏠리드,2025-12-12,7970.0,8056.08,7740.82,3.913,4.0,0.76,0.75,False,False,True,손절,2,-1.077
051600,한전KPS,2025-12-12,54600.0,55009.8,53433.93,2.865,0.0,1.28,0.18,False,False,False,미돌파,0,0.0
008770,호텔신라,2025-12-12,45950.0,46593.0,45396.79,2.567,10.53,0.53,1.71,True,False,False,미돌파,0,0.0
066970,엘앤에프,2025-12-12,128400.0,131763.0,124995.54,5.136,1.82,0.72,-4.05,True,False,False,미돌파,0,0.0
181710,NHN,2025-12-12,30000.0,30611.1,29548.93,3.47,11.76,1.57,7.26,True,False,True,손절,2,-1.086
036540,SFA반도체,2025-12-12,4140.0,4178.34,4015.66,3.893,14.81,2.41,3.16,False,False,False,미돌파,0,0.0
161890,한국콜마,2025-12-12,64200.0,64528.8,63407.14,1.738,12.5,0.53,1.98,False,False,False,미돌파,0,0.0
039030,이오테크닉스,2025-12-12,270000.0,275049.0,262285.71,4.64,0.0,1.01,5.26,False,False,False,미돌파,0,0.0
214430,아이쓰리시스템,2025-12-12,70900.0,72945.6,69833.57,4.266,3.85,0.73,0.7,True,False,False,미돌파,0,0.0
031210,서울보증보험,2025-12-12,50700.0,51502.8,50031.25,2.857,8.33,1.0,-1.4,True,False,False,미돌파,0,0.0
211050,인카금융서비스,2025-12-12,14980.0,16192.32,14437.46,10.838,8.18,1.5,6.38,True,False,False,미돌파,0,0.0
115180,큐리언트,2025-12-12,28600.0,30009.9,27950.18,6.863,12.12,0.57,8.04,True,False,True,손절,1,-1.117
073240,금호타이어,2025-12-12,6080.0,6152.28,5953.89,3.225,6.67,0.6,2.56,False,False,False,미돌파,0,0.0
010120,LS ELECTRIC,2025-12-12,101200.0,102604.8,98768.21,3.739,13.79,0.58,1.75,False,False,False,미돌파,0,0.0
298040,효성중공업,2025-12-15,1901000.0,1932858.0,1840182.14,4.795,1.35,0.76,4.33,False,False,True,손절,3,-1.063
119850,지엔씨에너지,2025-12-15,33800.0,34418.7,32741.79,4.872,0.0,0.58,2.03,False,False,False,미돌파,0,0.0
336370,솔루스첨단소재,2025-12-15,8010.0,8136.24,7859.43,3.402,4.76,0.29,3.26,True,False,False,미돌파,0,0.0
298050,HS효성첨단소재,2025-12-15,194800.0,197995.2,191920.71,3.068,10.0,0.9,1.42,False,False,False,미돌파,0,0.0
014620,성광벤드,2025-12-15,26800.0,27154.2,26525.71,2.315,11.11,0.63,2.55,True,False,False,미돌파,0,0.0
035250,강원랜드,2025-12-15,17930.0,18036.0,17786.79,1.382,0.0,0.6,-0.67,True,False,True,추적청산,8,1.615
006400,삼성SDI,2025-12-15,303000.0,310119.0,296959.82,4.243,13.64,0.88,3.5,False,False,False,미돌파,0,0.0
031210,서울보증보험,2025-12-15,50600.0,51302.4,49734.46,3.056,7.69,0.87,-1.4,True,False,False,미돌파,0,0.0
499790,GS피앤엘,2025-12-15,47650.0,48847.5,45582.14,6.685,10.91,0.45,4.03,False,False,True,손절,2,-1.045
361610,SK아이이테크놀로지,2025-12-15,29950.0,30460.8,29245.71,3.989,0.0,1.01,0.33,False,False,False,미돌파,0,0.0
166090,하나머티리얼즈,2025-12-15,42150.0,43186.2,39431.79,8.694,7.46,0.68,5.92,False,False,False,미돌파,0,0.0
000120,CJ대한통운,2025-12-15,95600.0,98396.4,93311.43,5.168,11.36,0.83,0.62,True,False,False,미돌파,0,0.0
336260,두산퓨얼셀,2025-12-15,31200.0,31613.1,30318.57,4.095,5.0,0.63,3.7,False,False,False,미돌파,0,0.0
001040,CJ,2025-12-15,177000.0,180259.8,170901.43,5.192,0.0,0.49,4.84,True,False,False,미돌파,0,0.0
000240,한국앤컴퍼니,2025-12-15,26050.0,26753.4,25519.46,4.612,5.0,2.15,6.8,True,False,False,미돌파,0,0.0
058470,리노공업,2025-12-15,61600.0,62625.0,60421.79,3.518,5.88,0.63,5.52,False,False,False,미돌파,0,0.0
045100,한양이엔지,2025-12-15,21500.0,21743.4,20903.57,3.862,14.29,0.96,-0.94,True,False,False,미돌파,0,0.0
000370,한화손해보험,2025-12-15,5350.0,5430.84,5236.96,3.57,12.5,0.89,-2.1,True,False,False,미돌파,0,0.0
032640,LG유플러스,2025-12-15,15070.0,15150.24,14841.64,2.037,4.17,0.8,1.44,False,False,True,추적청산,4,0.353
102710,이엔에프테크놀로지,2025-12-15,43600.0,43937.7,42315.0,3.693,8.0,0.82,5.93,False,False,True,추적청산,7,1.116
026960,동서,2025-12-15,28350.0,28707.3,27819.82,3.091,14.29,0.65,-3.66,True,False,True,시간손절,5,0.064
030520,한컴,2025-12-15,23600.0,23797.5,23141.79,2.755,0.0,1.02,2.68,False,False,False,미돌파,0,0.0
004490,세방전지,2025-12-15,66700.0,67735.2,65814.46,2.836,13.33,0.45,0.45,False,False,False,미돌파,0,0.0
036830,솔브레인홀딩스,2025-12-15,40200.0,41182.2,39443.39,4.222,14.29,0.74,5.63,False,False,False,미돌파,0,0.0
489790,한화비전,2025-12-15,37600.0,37925.7,36366.96,4.11,4.0,1.95,11.11,True,False,True,손절,3,-1.212
009410,태영건설,2025-12-15,1784.0,1823.64,1730.51,5.107,7.14,0.33,4.09,False,False,True,손절,3,-1.059
096770,SK이노베이션,2025-12-15,112900.0,114628.8,111199.64,2.992,0.0,0.74,3.91,False,False,False,미돌파,0,0.0
078930,GS,2025-12-15,56800.0,57715.2,55343.93,4.109,5.0,0.76,1.22,False,False,False,미돌파,0,0.0
028050,삼성E&A,2025-12-15,25200.0,25450.8,24706.25,2.925,8.33,0.71,0.98,False,False,False,미돌파,0,0.0
114090,GKL,2025-12-15,14380.0,14508.96,14085.77,2.917,3.03,0.51,1.24,False,False,True,추적청산,3,0.397
240810,원익IPS,2025-12-15,60400.0,61222.2,58855.0,3.867,5.26,0.65,2.27,False,False,True,추적청산,3,0.422
131290,티에스이,2025-12-15,55900.0,56713.2,53907.86,4.947,0.0,0.55,7.14,False,False,False,미돌파,0,0.0
178920,PI첨단소재,2025-12-15,16450.0,16583.1,16315.86,1.612,10.53,0.49,2.03,False,False,False,미돌파,0,0.0
139130,iM금융지주,2025-12-15,14270.0,14579.1,13995.64,4.002,7.84,1.31,1.45,False,False,False,미돌파,0,0.0
015750,성우하이텍,2025-12-15,6930.0,7034.04,6784.04,3.554,10.53,0.43,3.21,True,False,False,미돌파,0,0.0
377300,카카오페이,2025-12-15,46800.0,47645.1,46323.21,2.774,4.76,0.74,4.29,True,False,False,미돌파,0,0.0
101490,에스앤에스텍,2025-12-15,46300.0,46693.2,44840.54,3.968,3.57,0.61,5.41,False,False,False,미돌파,0,0.0
093370,후성,2025-12-15,7930.0,8056.08,7762.11,3.649,4.35,0.45,5.6,False,False,False,미돌파,0,0.0
002380,KCC,2025-12-15,432000.0,442383.0,427194.64,3.433,0.0,0.59,0.8,False,False,False,미돌파,0,0.0
018290,브이티,2025-12-16,18250.0,18597.12,17996.86,3.228,6.25,1.1,4.15,True,False,True,손절,2,-1.093
002790,아모레퍼시픽홀딩스,2025-12-16,27400.0,27855.6,26724.91,4.059,10.53,0.94,0.18,False,False,False,미돌파,0,0.0
226950,올릭스,2025-12-16,140700.0,146692.8,129923.93,11.431,9.4,1.66,-12.56,True,False,False,미돌파,0,0.0
014680,한솔케미칼,2025-12-16,223000.0,226452.0,218505.36,3.509,8.33,0.94,7.08,False,False,False,미돌파,0,0.0
003690,코리안리,2025-12-16,11590.0,11893.74,11358.75,4.498,6.38,2.01,-3.11,True,False,False,미돌파,0,0.0
086790,하나금융지주,2025-12-16,92300.0,93687.0,91286.07,2.563,5.26,1.18,0.75,False,False,False,미돌파,0,0.0
006800,미래에셋증권,2025-12-16,21307.0,21898.71,21099.17,3.651,0.0,0.94,1.16,False,False,False,미돌파,0,0.0
012750,에스원,2025-12-16,74900.0,75751.2,74115.54,2.159,8.33,0.79,1.19,False,False,True,추적청산,8,-0.021
016360,삼성증권,2025-12-16,78900.0,79859.4,78138.57,2.155,0.0,1.01,2.23,False,False,False,미돌파,0,0.0
005180,빙그레,2025-12-16,75300.0,76051.8,74210.36,2.421,13.33,1.21,-0.8,True,False,True,시간손절,5,0.228
003540,대신증권,2025-12-16,27450.0,28005.9,27018.75,3.525,0.0,0.84,0.18,True,False,False,미돌파,0,0.0
140860,파크시스템스,2025-12-16,213000.0,215430.0,208208.93,3.352,9.09,0.6,3.62,True,False,False,미돌파,0,0.0
161390,한국타이어앤테크놀로지,2025-12-16,60400.0,61021.8,58993.57,3.324,12.5,0.98,0.49,False,False,True,손절,2,-1.09
000080,하이트진로,2025-12-16,18950.0,19038.0,18812.57,1.184,12.5,1.22,-1.01,True,False,True,시간손절,5,-0.511
240810,원익IPS,2025-12-16,60100.0,61723.2,59259.29,3.992,0.0,0.86,2.75,False,False,True,손절,2,-1.075
225570,넥슨게임즈,2025-12-16,12220.0,12344.64,12040.04,2.468,0.0,1.36,4.9,True,False,False,미돌파,0,0.0
003230,삼양식품,2025-12-16,1243000.0,1284564.0,1169639.29,8.947,10.48,1.98,4.68,True,False,False,미돌파,0,0.0
036530,SNT홀딩스,2025-12-16,59900.0,61322.4,58071.43,5.301,14.81,1.23,2.28,False,False,False,미돌파,0,0.0
036570,NC,2025-12-16,196200.0,199097.4,191453.57,3.839,14.75,0.52,3.35,False,False,False,미돌파,0,0.0
267260,HD현대일렉트릭,2025-12-16,825000.0,847692.0,813589.29,4.023,7.41,0.74,2.71,False,False,False,미돌파,0,0.0
064350,현대로템,2025-12-16,181400.0,185069.4,173355.0,6.33,7.92,0.73,5.62,False,False,False,미돌파,0,0.0
039490,키움증권,2025-12-16,280500.0,286071.0,276601.79,3.31,0.0,0.92,1.58,True,False,False,미돌파,0,0.0
204320,HL만도,2025-12-17,53700.0,56813.4,51742.14,8.926,13.95,1.63,2.36,False,False,False,미돌파,0,0.0
000990,DB하이텍,2025-12-17,65500.0,66132.0,63693.39,3.687,5.26,0.64,1.06,True,False,False,미돌파,0,0.0
066970,엘앤에프,2025-12-17,118600.0,121743.0,115291.79,5.299,13.46,0.77,6.69,False,False,False,미돌파,0,0.0
012630,HDC,2025-12-17,17820.0,18416.76,17551.64,4.697,4.11,0.96,0.89,True,False,False,미돌파,0,0.0
001040,CJ,2025-12-17,176100.0,178656.6,171645.36,3.924,8.77,0.49,2.22,True,False,False,미돌파,0,0.0
127120,제이에스링크,2025-12-17,17220.0,17955.84,16527.86,7.953,12.1,1.01,6.97,False,False,True,시간손절,5,-0.497
014680,한솔케미칼,2025-12-17,224500.0,225450.0,218042.86,3.285,9.09,0.47,4.06,False,True,False,미돌파,0,0.0
137400,피엔티,2025-12-17,40200.0,40831.5,39628.75,2.946,11.11,0.62,5.63,False,False,False,미돌파,0,0.0
248070,솔루엠,2025-12-17,16780.0,16983.9,16478.07,2.978,2.44,0.63,2.1,False,False,False,미돌파,0,0.0
000120,CJ대한통운,2025-12-17,96000.0,96392.4,93605.0,2.892,4.76,0.65,-1.37,True,True,True,추적청산,2,0.396
489790,한화비전,2025-12-17,37050.0,37725.3,36261.07,3.881,13.04,0.64,8.52,True,False,False,미돌파,0,0.0
214370,케어젠,2025-12-17,66500.0,68236.2,61655.0,9.645,1.82,0.67,9.15,True,False,False,미돌파,0,0.0
096770,SK이노베이션,2025-12-17,110500.0,110921.4,107625.36,2.972,7.69,0.87,5.23,True,True,False,미돌파,0,0.0
005880,대한해운,2025-12-17,1863.0,1903.8,1828.83,3.938,10.17,0.42,-1.09,True,False,False,미돌파,0,0.0
175330,JB금융지주,2025-12-17,24800.0,24999.9,24289.64,2.841,9.09,0.52,-1.02,True,False,True,추적청산,7,0.746
004990,롯데지주,2025-12-17,28800.0,29208.3,28300.36,3.109,13.33,0.64,-3.97,True,False,False,미돌파,0,0.0
064960,SNT모티브,2025-12-17,34100.0,35070.0,33466.88,4.571,0.0,0.41,2.57,False,False,False,미돌파,0,0.0
045100,한양이엔지,2025-12-17,21350.0,21492.9,20911.61,2.705,11.11,0.33,-2.89,True,False,True,추적청산,2,0.389
003530,한화투자증권,2025-12-17,4625.0,4669.32,4565.77,2.218,6.67,0.53,0.75,True,False,False,미돌파,0,0.0
002380,KCC,2025-12-17,424500.0,426852.0,416135.71,2.511,0.0,0.71,0.59,False,False,False,미돌파,0,0.0
009450,경동나비엔,2025-12-17,57400.0,57815.4,56109.29,2.951,14.29,0.62,1.2,False,False,False,미돌파,0,0.0
032350,롯데관광개발,2025-12-17,21800.0,22545.0,19773.61,12.293,8.0,1.82,1.13,False,False,True,시간손절,5,0.158
251270,넷마블,2025-12-17,49250.0,49699.2,48598.04,2.216,6.25,0.82,0.3,True,False,False,미돌파,0,0.0
015760,한국전력,2025-12-17,51200.0,52504.8,50212.32,4.366,10.53,1.1,-2.81,True,False,False,미돌파,0,0.0
415640,KB발해인프라,2025-12-17,9740.0,9759.48,9573.11,1.91,0.0,1.05,1.81,False,True,True,추적청산,6,1.042
009240,한샘,2025-12-17,46150.0,46442.7,45565.54,1.889,7.69,0.92,-0.65,True,False,False,미돌파,0,0.0
293490,카카오게임즈,2025-12-17,15430.0,15631.2,15261.82,2.363,10.71,0.74,2.47,True,False,False,미돌파,0,0.0
218410,RFHIC,2025-12-17,31700.0,32715.3,30978.75,5.308,0.0,0.65,0.31,False,False,False,미돌파,0,0.0
011070,LG이노텍,2025-12-17,285000.0,286572.0,277807.14,3.059,0.0,0.52,1.38,False,False,False,미돌파,0,0.0
263750,펄어비스,2025-12-17,37350.0,37675.2,36639.29,2.75,6.25,0.85,0.93,False,False,False,미돌파,0,0.0
196170,알테오젠,2025-12-17,323939.0,336536.73,317945.06,5.524,2.5,1.08,7.78,True,False,False,미돌파,0,0.0
007660,이수페타시스,2025-12-17,126000.0,129959.4,117788.21,9.365,14.95,1.24,14.81,True,False,False,미돌파,0,0.0
112040,위메이드,2025-12-17,26150.0,26302.5,25478.57,3.133,8.33,0.76,5.42,False,False,True,손절,4,-1.096
093370,후성,2025-12-17,7630.0,7765.5,7486.29,3.596,4.55,0.5,3.9,False,False,False,미돌파,0,0.0
009150,삼성전기,2025-12-17,258500.0,260520.0,247277.68,5.083,4.55,0.96,3.72,False,True,False,미돌파,0,0.0
086520,에코프로,2025-12-17,103300.0,107915.4,99569.64,7.734,5.71,0.78,11.56,False,False,False,미돌파,0,0.0
031330,에스에이엠티,2025-12-17,3750.0,3782.55,3693.55,2.353,7.69,0.61,1.96,False,False,False,미돌파,0,0.0
140860,파크시스템스,2025-12-17,213000.0,215430.0,209246.43,2.87,11.11,0.79,2.52,False,False,False,미돌파,0,0.0
010950,S-Oil,2025-12-17,84900.0,85771.2,81751.07,4.687,14.71,0.81,-3.92,True,False,True,손절,1,-1.064
001720,신영증권,2025-12-17,142900.0,145290.0,136530.36,6.029,5.13,0.93,-1.71,True,False,False,미돌파,0,0.0
456040,OCI,2025-12-17,60700.0,61522.8,59797.5,2.804,14.29,1.18,0.49,True,False,False,미돌파,0,0.0
108490,로보티즈,2025-12-18,267000.0,285570.0,259642.86,9.079,4.65,0.59,11.44,True,False,False,미돌파,0,0.0
310210,보로노이,2025-12-18,205500.0,207915.0,197814.29,4.858,6.67,0.8,4.64,True,False,True,추적청산,2,0.438
302440,SK바이오사이언스,2025-12-18,50300.0,51402.6,49567.5,3.57,13.33,1.0,4.37,True,False,True,손절,5,-1.084
319660,피에스케이,2025-12-18,31750.0,32815.5,31220.71,4.86,7.69,0.79,3.2,False,False,False,미돌파,0,0.0
103590,일진전기,2025-12-18,53600.0,55009.8,52145.71,5.207,4.35,0.87,5.63,False,False,True,시간손절,5,-0.899
005850,에스엘,2025-12-18,42150.0,43286.4,41168.39,4.893,14.71,0.55,3.1,True,False,True,시간손절,5,-0.102
023160,태광,2025-12-18,23150.0,23446.8,22626.79,3.497,0.0,0.56,3.94,False,False,True,추적청산,2,0.414
003530,한화투자증권,2025-12-18,4560.0,4654.29,4480.77,3.728,13.79,0.73,1.62,True,False,True,추적청산,5,0.868
028260,삼성물산,2025-12-18,239500.0,246492.0,236505.36,4.052,0.0,0.48,4.96,True,False,True,손절,5,-1.074
126340,비나텍,2025-12-18,68600.0,70099.92,65054.84,7.197,12.48,0.45,9.49,True,False,True,추적청산,3,0.458
009970,영원무역홀딩스,2025-12-18,201000.0,208416.0,197131.79,5.414,10.53,0.89,1.71,False,False,False,미돌파,0,0.0
068270,셀트리온,2025-12-18,173571.0,175827.95,172477.65,1.905,11.54,0.63,2.46,True,False,True,손절,5,-1.157
000370,한화손해보험,2025-12-18,5380.0,5430.84,5257.18,3.198,14.29,1.05,-3.26,True,False,True,추적청산,5,0.634
079160,CJ CGV,2025-12-18,5990.0,6052.08,5783.39,4.44,14.29,0.34,2.28,True,False,True,시간손절,5,-0.299
323410,카카오뱅크,2025-12-18,21050.0,21342.6,20890.54,2.118,14.29,0.73,1.86,True,False,True,추적청산,5,0.864
041830,인바디,2025-12-18,31600.0,32064.0,30749.11,4.101,4.76,0.54,6.37,True,False,True,시간손절,5,-0.312
005940,NH투자증권,2025-12-18,20600.0,20841.6,20368.57,2.27,0.0,0.62,0.48,False,False,True,추적청산,5,0.747
032500,케이엠더블유,2025-12-18,15300.0,15440.82,14930.54,3.305,5.13,0.52,2.11,True,False,True,추적청산,3,0.409
030190,NICE평가정보,2025-12-18,17800.0,18096.12,17260.21,4.619,1.41,1.12,0.78,True,False,False,미돌파,0,0.0
031980,피에스케이홀딩스,2025-12-18,41950.0,42985.8,40962.68,4.706,14.71,0.88,3.01,False,False,False,미돌파,0,0.0
012330,현대모비스,2025-12-18,352000.0,363726.0,347067.86,4.58,14.81,0.62,2.36,False,False,True,손절,1,-1.066
377300,카카오페이,2025-12-18,43900.0,44488.8,43476.43,2.276,13.33,0.8,6.89,True,False,True,추적청산,6,1.954
058610,에스피지,2025-12-18,70000.0,75651.0,66411.96,12.213,12.5,0.58,4.24,False,False,True,추적청산,5,0.998
139130,iM금융지주,2025-12-18,14490.0,14869.68,14339.43,3.566,2.22,0.84,-3.57,True,False,True,추적청산,6,0.822
034020,두산에너빌리티,2025-12-18,74500.0,76051.8,72115.71,5.176,3.03,0.8,3.62,False,False,True,추적청산,4,0.651
204270,제이앤티씨,2025-12-18,19860.0,20440.8,19341.57,5.378,10.11,0.43,2.65,False,False,False,미돌파,0,0.0
003490,대한항공,2025-12-18,21950.0,22194.3,21699.11,2.231,12.5,1.21,0.68,False,False,True,추적청산,4,0.775
443060,HD현대마린솔루션,2025-12-18,186300.0,189778.8,182409.64,3.883,13.11,0.46,7.31,False,False,True,추적청산,4,0.797
074600,원익QnC,2025-12-18,19810.0,20390.7,19495.96,4.388,5.33,0.88,3.6,False,False,True,시간손절,5,0.054
090710,휴림로봇,2025-12-18,5480.0,5781.54,5233.04,9.487,12.77,0.58,1.79,False,False,False,미돌파,0,0.0
036930,주성엔지니어링,2025-12-18,27050.0,27504.9,26515.0,3.599,6.25,0.71,5.75,False,False,False,미돌파,0,0.0
007660,이수페타시스,2025-12-18,121500.0,126051.6,117594.64,6.709,10.0,0.53,18.02,True,False,False,미돌파,0,0.0
012630,HDC,2025-12-18,17640.0,18096.12,17035.86,5.859,14.13,0.5,2.16,False,False,True,시간손절,5,-0.048
056190,SFA,2025-12-18,23350.0,23446.8,22799.29,2.762,10.0,0.73,1.68,True,True,True,추적청산,5,0.664
326030,SK바이오팜,2025-12-18,129000.0,130460.4,126720.36,2.867,6.9,0.49,4.94,False,False,True,손절,4,-1.105
185750,종근당,2025-12-18,86400.0,87574.8,84640.71,3.35,12.0,0.69,2.04,False,False,False,미돌파,0,0.0
034730,SK,2025-12-18,251500.0,256512.0,246198.21,4.021,5.88,0.5,3.82,False,False,True,손절,5,-1.075
095610,테스,2025-12-18,38400.0,39629.1,37546.61,5.255,2.86,0.99,0.39,False,False,False,미돌파,0,0.0
103140,풍산,2025-12-18,100200.0,101903.4,98476.79,3.363,10.71,0.61,1.09,False,False,True,추적청산,7,0.877
000990,DB하이텍,2025-12-18,64000.0,65230.2,62905.18,3.564,11.11,0.83,3.76,False,False,True,추적청산,5,1.011
192080,더블유게임즈,2025-12-18,54100.0,54609.0,53433.93,2.152,0.0,1.35,-1.5,True,False,False,미돌파,0,0.0
001040,CJ,2025-12-18,174200.0,175750.8,170267.86,3.12,0.0,0.4,4.39,True,False,True,손절,1,-1.096
214450,파마리서치,2025-12-18,373000.0,379257.0,363769.64,4.084,8.7,0.38,2.99,True,False,True,추적청산,5,0.903
082270,젬백스,2025-12-18,26950.0,27605.1,26239.11,4.948,0.0,0.45,9.56,True,False,True,추적청산,3,0.439
00104K,CJ4우(전환),2025-12-18,157000.0,157314.0,152197.14,3.253,9.76,1.18,2.24,False,True,False,미돌파,0,0.0
280360,롯데웰푸드,2025-12-18,119800.0,120841.2,118606.79,1.849,6.25,0.48,2.04,True,False,True,손절,1,-1.162
098460,고영,2025-12-18,23900.0,24949.8,23149.46,7.216,0.0,0.3,12.29,False,False,False,미돌파,0,0.0
052400,코나아이,2025-12-18,47500.0,48697.2,46467.23,4.579,5.26,0.71,3.94,False,False,False,미돌파,0,0.0
052020,에스티큐브,2025-12-18,7400.0,7605.18,7163.5,5.808,2.63,0.86,0.67,False,False,True,추적청산,2,0.448
005290,동진쎄미켐,2025-12-18,36700.0,37725.3,35975.18,4.639,0.0,0.41,3.17,True,False,False,미돌파,0,0.0
180640,한진칼,2025-12-18,112300.0,114929.4,109388.93,4.821,9.52,0.77,-1.54,True,False,True,추적청산,6,0.652
000080,하이트진로,2025-12-18,18900.0,19088.1,18801.39,1.502,9.09,0.94,-0.96,True,False,True,시간손절,5,-0.716
183300,코미코,2025-12-18,41967.0,42561.95,41089.17,3.46,4.55,0.49,2.72,False,False,True,추적청산,4,0.799
018260,삼성에스디에스,2025-12-18,169900.0,171141.6,167559.29,2.093,11.54,0.5,2.58,False,False,True,손절,1,-1.143
031330,에스에이엠티,2025-12-18,3725.0,3757.5,3670.05,2.327,7.69,0.48,1.97,False,False,True,추적청산,3,0.371
108320,LX세미콘,2025-12-19,50600.0,50701.2,49530.71,2.309,11.11,1.11,5.42,True,True,True,손절,5,-1.13
006400,삼성SDI,2025-12-19,279500.0,280560.0,265927.68,5.215,4.0,1.69,9.25,True,True,True,손절,5,-1.058
003690,코리안리,2025-12-19,11610.0,11803.56,11478.32,2.755,3.85,0.62,0.94,True,False,False,미돌파,0,0.0
033100,제룡전기,2025-12-19,36550.0,36973.8,35824.82,3.108,5.56,0.74,2.53,False,False,True,추적청산,2,0.403
086280,현대글로비스,2025-12-19,178000.0,178756.8,173095.71,3.167,9.09,0.65,2.36,True,True,True,시간손절,5,0.531
071320,지역난방공사,2025-12-19,102600.0,104308.2,100747.5,3.414,3.7,0.59,5.35,True,False,False,미돌파,0,0.0
010120,LS ELECTRIC,2025-12-19,94200.0,94989.6,91311.07,3.873,3.57,0.76,6.92,False,False,True,손절,4,-1.077
475960,토모큐브,2025-12-19,49850.0,51803.4,47860.89,7.611,10.94,0.61,9.2,False,False,False,미돌파,0,0.0
074600,원익QnC,2025-12-19,20100.0,20641.2,19822.5,3.966,14.71,0.8,0.99,False,False,True,시간손절,5,0.485
112040,위메이드,2025-12-19,26050.0,26653.2,25510.18,4.288,5.26,1.48,5.1,False,False,False,미돌파,0,0.0
060370,LS마린솔루션,2025-12-19,31450.0,32114.1,30041.96,6.452,14.71,0.55,13.84,False,False,False,미돌파,0,0.0
267260,HD현대일렉트릭,2025-12-19,807000.0,823644.0,789932.14,4.093,0.0,0.62,6.81,False,False,True,손절,3,-1.073
009420,한올바이오파마,2025-12-19,42650.0,43587.0,41145.89,5.601,8.11,0.42,-0.24,True,False,False,미돌파,0,0.0
006730,서부T&D,2025-12-19,12920.0,13306.56,12408.79,6.747,5.48,1.39,1.75,False,False,False,미돌파,0,0.0
095340,ISC,2025-12-19,101400.0,104007.6,98611.07,5.189,8.89,0.62,4.7,False,False,True,추적청산,3,0.525
131290,티에스이,2025-12-19,53300.0,54308.4,52059.82,4.14,5.56,0.52,8.89,False,False,True,추적청산,7,1.159
373220,LG에너지솔루션,2025-12-19,379000.0,381762.0,362923.21,4.935,12.9,1.63,14.93,True,True,True,시간손절,5,-0.154
096770,SK이노베이션,2025-12-19,105800.0,106512.6,102005.0,4.232,5.26,2.21,7.11,True,True,False,미돌파,0,0.0
086790,하나금융지주,2025-12-19,92400.0,93687.0,91191.43,2.664,10.0,1.19,0.32,False,False,True,손절,5,-1.113
001680,대상,2025-12-19,21400.0,21442.8,21044.29,1.858,0.0,1.53,0.47,True,True,True,손절,5,-1.161
018260,삼성에스디에스,2025-12-19,171800.0,172143.6,166841.07,3.08,6.98,0.96,2.22,False,True,True,시간손절,5,-0.219
257720,실리콘투,2025-12-19,40550.0,41082.0,39975.8,2.693,0.0,0.47,0.49,True,False,True,손절,2,-1.111
000670,영풍,2025-12-19,54772.0,56830.43,53472.91,5.908,7.43,1.17,18.41,False,False,False,미돌파,0,0.0
006260,LS,2025-12-19,185700.0,188476.2,177698.21,5.718,4.4,1.12,4.77,False,False,True,추적청산,10,1.237
219130,타이거일렉,2025-12-19,20200.0,20591.1,19404.54,5.763,5.21,0.52,6.7,False,False,True,추적청산,10,1.653
247540,에코프로비엠,2025-12-19,155000.0,157815.0,146301.79,7.295,8.16,1.17,11.93,False,False,True,시간손절,5,-0.173
064960,SNT모티브,2025-12-19,35000.0,35270.4,33417.95,5.252,13.33,0.64,0.85,True,True,True,시간손절,5,-0.608
056080,유진로봇,2025-12-19,14380.0,14488.92,13542.96,6.529,8.0,0.42,15.01,False,True,True,시간손절,5,0.209
031210,서울보증보험,2025-12-19,50200.0,51402.6,49643.57,3.422,6.67,1.31,0.99,True,False,False,미돌파,0,0.0
009410,태영건설,2025-12-19,1733.0,1821.64,1691.79,7.128,0.93,0.37,3.18,True,False,False,미돌파,0,0.0
302440,SK바이오사이언스,2025-12-19,51000.0,51703.2,50178.21,2.949,8.33,1.39,2.3,False,False,True,손절,4,-1.102
051600,한전KPS,2025-12-19,52800.0,53106.0,52043.57,2.001,12.5,0.6,3.3,False,False,True,손절,4,-1.15
175330,JB금융지주,2025-12-19,24800.0,25250.4,24440.18,3.209,0.0,1.13,2.36,True,False,True,추적청산,5,0.561
180640,한진칼,2025-12-19,114000.0,116933.4,110371.79,5.611,11.54,0.71,14.67,True,False,True,추적청산,5,0.474
185750,종근당,2025-12-19,87000.0,87274.2,85948.21,1.519,11.11,0.48,1.02,False,True,True,손절,1,-1.197
000210,DL,2025-12-19,39050.0,39428.7,38333.39,2.778,5.88,0.63,4.99,False,False,True,손절,4,-1.108
454910,두산로보틱스,2025-12-19,79400.0,79959.6,75894.64,5.084,3.03,0.53,5.48,False,True,True,추적청산,3,0.441
007390,네이처셀,2025-12-19,22100.0,22394.7,21573.57,3.667,7.69,0.65,0.67,False,False,True,손절,4,-1.082
183300,코미코,2025-12-19,42782.0,43377.58,41714.9,3.833,0.0,0.53,2.1,False,False,True,추적청산,2,0.422
105560,KB금융,2025-12-19,125200.0,126051.6,122727.5,2.637,0.0,0.79,0.71,False,False,True,손절,5,-1.152
006340,대원전선,2025-12-19,3750.0,3857.7,3670.48,4.853,13.33,0.43,9.86,False,False,True,추적청산,2,0.438
018880,한온시스템,2025-12-19,3080.0,3111.21,2936.45,5.617,10.71,0.98,14.56,True,True,False,미돌파,0,0.0
077970,STX엔진,2025-12-19,37500.0,38076.0,35758.93,6.085,0.0,0.82,2.47,False,False,True,손절,3,-1.049
052690,한전기술,2025-12-19,89800.0,90981.6,88237.5,3.016,15.0,1.3,13.57,False,False,True,추적청산,3,0.401
003540,대신증권,2025-12-19,27300.0,27805.5,27016.07,2.839,0.0,0.78,4.04,True,False,False,미돌파,0,0.0
003380,하림지주,2025-12-19,10060.0,10370.7,9743.07,6.052,4.26,0.85,19.84,False,False,False,미돌파,0,0.0
004000,롯데정밀화학,2025-12-19,46800.0,46993.8,45565.71,3.039,0.0,1.4,1.37,False,True,True,손절,4,-1.099
004020,현대제철,2025-12-19,30550.0,30811.5,29787.68,3.323,6.25,1.21,3.48,False,False,False,미돌파,0,0.0
192080,더블유게임즈,2025-12-19,54400.0,54709.2,53344.64,2.494,9.09,1.27,0.0,True,True,True,손절,5,-1.12
017800,현대엘리베이터,2025-12-19,88700.0,89779.2,86826.07,3.289,12.5,1.24,5.13,False,False,True,시간손절,5,-0.186
420770,기가비스,2025-12-19,30150.0,30561.0,29623.21,3.069,7.14,0.4,10.0,True,False,True,추적청산,6,0.503
192400,쿠쿠홀딩스,2025-12-19,30300.0,30611.1,30006.52,1.975,11.11,1.67,1.94,False,False,False,미돌파,0,0.0
000100,유한양행,2025-12-19,116400.0,117434.4,114663.57,2.359,9.09,1.06,0.51,False,False,False,미돌파,0,0.0
090710,휴림로봇,2025-12-19,5520.0,5681.34,5327.32,6.231,7.14,0.38,5.64,True,False,True,추적청산,11,3.882
085660,차바이오텍,2025-12-19,14690.0,14969.88,14326.25,4.3,11.54,0.67,5.89,True,False,True,시간손절,5,-0.629
365340,성일하이텍,2025-12-19,40350.0,41683.2,39243.93,5.852,7.14,0.85,9.63,False,False,True,시간손절,5,0.12
015750,성우하이텍,2025-12-19,6700.0,6863.7,6535.32,4.784,0.0,0.46,4.56,False,False,True,시간손절,5,-0.348
000270,기아,2025-12-19,121000.0,122143.8,117694.82,3.642,5.41,1.16,3.82,False,False,False,미돌파,0,0.0
204270,제이앤티씨,2025-12-19,20150.0,20415.75,19563.77,4.173,7.75,0.56,2.42,False,False,False,미돌파,0,0.0
019170,신풍제약,2025-12-19,14400.0,14919.78,14111.43,5.418,0.0,0.67,0.14,False,False,False,미돌파,0,0.0
005850,에스엘,2025-12-19,43150.0,43687.2,41165.18,5.773,11.9,0.64,2.04,False,False,True,시간손절,5,-0.424
119850,지엔씨에너지,2025-12-19,31100.0,31462.8,29942.32,4.833,8.33,0.45,10.63,False,False,True,시간손절,5,-0.038
041830,인바디,2025-12-19,31900.0,32464.8,31348.57,3.438,0.0,0.61,5.9,False,False,True,손절,2,-1.087
001440,대한전선,2025-12-19,22650.0,23196.3,22086.07,4.786,5.56,0.54,5.62,False,False,True,손절,4,-1.063
439260,대한조선,2025-12-19,74400.0,75450.6,72058.57,4.496,14.29,0.56,3.25,False,False,True,손절,2,-1.067
213420,덕산네오룩스,2025-12-19,38300.0,38476.8,37316.25,3.016,11.11,0.88,2.79,False,True,True,손절,4,-1.099
003540,대신증권,2025-12-22,27450.0,27855.6,27169.29,2.464,10.0,0.63,0.0,True,False,False,미돌파,0,0.0
361610,SK아이이테크놀로지,2025-12-22,27550.0,28005.9,26985.0,3.645,12.5,0.86,8.01,False,False,False,미돌파,0,0.0
036460,한국가스공사,2025-12-22,40900.0,41132.1,40381.61,1.825,9.09,0.96,2.85,False,False,True,손절,4,-1.939
006400,삼성SDI,2025-12-22,282500.0,285570.0,275943.75,3.371,6.67,0.81,6.77,False,False,False,미돌파,0,0.0
029780,삼성카드,2025-12-22,55700.0,56512.8,54638.57,3.316,6.67,0.49,-1.64,True,False,False,미돌파,0,0.0
140860,파크시스템스,2025-12-22,211500.0,217434.0,208428.57,4.142,6.67,1.04,0.24,False,False,False,미돌파,0,0.0
005490,POSCO홀딩스,2025-12-22,305000.0,307614.0,300666.07,2.259,10.0,0.71,4.09,False,False,False,미돌파,0,0.0
475960,토모큐브,2025-12-22,49950.0,51903.6,48026.43,7.47,1.59,0.46,8.35,False,False,False,미돌파,0,0.0
082740,한화엔진,2025-12-22,43350.0,44689.2,42232.32,5.498,2.44,1.08,1.14,False,False,True,추적청산,3,0.445
030530,원익홀딩스,2025-12-22,33700.0,36021.9,32563.04,9.602,6.9,1.0,10.13,False,False,False,미돌파,0,0.0
004000,롯데정밀화학,2025-12-22,47150.0,47294.4,46328.57,2.042,7.14,0.61,1.05,True,True,True,손절,3,-1.147
214320,이노션,2025-12-22,19020.0,19168.26,18884.36,1.481,10.0,0.55,1.45,False,False,False,미돌파,0,0.0
004490,세방전지,2025-12-22,66800.0,67134.0,65745.0,2.069,10.0,0.7,-0.15,True,False,False,미돌파,0,0.0
052400,코나아이,2025-12-22,47000.0,47745.3,46380.62,2.858,0.0,0.83,1.88,False,False,False,미돌파,0,0.0
420770,기가비스,2025-12-22,30750.0,31162.2,30172.14,3.177,13.33,0.38,2.54,False,False,True,시간손절,5,0.247
086520,에코프로,2025-12-22,98000.0,100200.0,94905.0,5.284,7.5,0.47,11.07,False,False,False,미돌파,0,0.0
000880,한화,2025-12-22,82000.0,83166.0,80966.07,2.645,6.25,0.76,-0.86,True,False,True,추적청산,3,0.417
108490,로보티즈,2025-12-22,280500.0,288576.0,269808.93,6.503,10.34,0.5,10.38,False,False,True,손절,2,-1.046
041960,코미팜,2025-12-22,6790.0,6923.82,6691.57,3.354,11.76,0.52,1.74,True,False,False,미돌파,0,0.0
058470,리노공업,2025-12-22,61400.0,61823.4,59685.54,3.458,5.88,0.54,0.32,False,False,True,손절,5,-1.087
121600,나노신소재,2025-12-22,53300.0,53907.6,52014.29,3.512,14.29,0.7,10.87,False,False,False,미돌파,0,0.0
002350,넥센타이어,2025-12-22,7990.0,8116.2,7831.64,3.506,8.7,0.61,0.87,False,False,False,미돌파,0,0.0
950160,코오롱티슈진,2025-12-22,75300.0,77705.1,73512.68,5.395,11.94,0.45,6.11,False,False,False,미돌파,0,0.0
484870,엠앤씨솔루션,2025-12-22,46400.0,46726.27,43803.12,6.256,4.22,0.42,0.5,True,True,False,미돌파,0,0.0
035720,카카오,2025-12-22,58700.0,59418.6,58069.64,2.27,10.0,0.79,1.51,False,False,True,손절,3,-1.132
023590,다우기술,2025-12-22,39750.0,40330.5,39066.43,3.134,5.26,0.73,1.36,False,False,False,미돌파,0,0.0
018880,한온시스템,2025-12-22,3090.0,3101.19,2978.54,3.955,11.11,0.91,13.2,True,True,False,미돌파,0,0.0
293490,카카오게임즈,2025-12-22,15510.0,15661.26,15196.75,2.966,2.63,0.65,0.83,True,False,False,미돌파,0,0.0
003240,태광산업,2025-12-22,776000.0,789576.0,766560.71,2.915,11.11,0.62,6.95,True,False,False,미돌파,0,0.0
090430,아모레퍼시픽,2025-12-22,121900.0,122544.6,120876.43,1.361,9.09,0.69,0.65,False,False,False,미돌파,0,0.0
213420,덕산네오룩스,2025-12-22,38850.0,39428.7,37509.82,4.867,12.12,1.01,0.26,False,False,True,손절,3,-1.062
012750,에스원,2025-12-22,77700.0,78156.0,75902.14,2.884,5.56,0.82,-3.74,True,True,True,손절,4,-1.726
103590,일진전기,2025-12-22,55400.0,57013.8,54175.71,4.978,8.7,0.49,2.29,True,False,False,미돌파,0,0.0
348370,엔켐,2025-12-23,64200.0,65631.0,62160.71,5.288,10.34,0.54,3.31,False,False,True,추적청산,3,0.396
064960,SNT모티브,2025-12-23,34800.0,35821.5,34254.91,4.373,12.0,0.39,-3.11,True,False,False,미돌파,0,0.0
001530,DI동일,2025-12-23,19524.0,19991.9,19086.28,4.53,6.72,1.04,-0.99,True,False,False,미돌파,0,0.0
009520,포스코엠텍,2025-12-23,16310.0,16793.52,15942.5,5.068,12.5,1.47,-3.29,True,False,True,손절,2,-1.059
108320,LX세미콘,2025-12-23,50600.0,51001.8,50038.21,1.889,14.29,0.61,0.78,False,False,False,미돌파,0,0.0
950160,코오롱티슈진,2025-12-23,75400.0,76452.6,73445.89,3.933,0.0,0.25,2.46,False,False,False,미돌파,0,0.0
097950,CJ제일제당,2025-12-23,211000.0,213927.0,209533.93,2.054,14.29,0.77,-1.2,True,False,False,미돌파,0,0.0
388720,유일로보틱스,2025-12-23,87200.0,90380.4,84417.14,6.598,14.29,0.78,3.43,True,False,False,미돌파,0,0.0
004020,현대제철,2025-12-23,30750.0,31162.2,30338.75,2.642,8.33,0.57,0.32,False,False,True,추적청산,3,0.136
282330,BGF리테일,2025-12-23,110200.0,111121.8,109080.71,1.837,0.0,0.97,2.13,False,False,False,미돌파,0,0.0
030190,NICE평가정보,2025-12-23,17310.0,17555.04,16503.14,5.992,4.35,0.71,3.57,False,False,True,손절,5,-1.05
003160,디아이,2025-12-23,21700.0,22144.2,21252.36,4.027,0.0,0.86,-12.2,True,False,False,미돌파,0,0.0
003670,포스코퓨처엠,2025-12-23,196500.0,201402.0,192383.57,4.478,2.9,0.76,6.43,False,False,True,손절,3,-1.265
023160,태광,2025-12-23,23150.0,23496.9,22458.57,4.419,5.88,1.02,3.54,False,False,False,미돌파,0,0.0
018260,삼성에스디에스,2025-12-23,169700.0,171742.8,167963.57,2.201,10.71,0.86,1.74,False,False,False,미돌파,0,0.0
082740,한화엔진,2025-12-23,45200.0,45841.5,43418.39,5.286,12.5,1.76,-7.62,True,False,True,추적청산,2,0.218
056080,유진로봇,2025-12-23,14270.0,14929.8,13927.29,6.715,15.0,0.41,5.81,False,False,False,미돌파,0,0.0
099190,아이센스,2025-12-23,16290.0,16372.68,15937.75,2.656,6.45,0.37,0.97,False,False,False,미돌파,0,0.0
222080,SFA넥셀,2025-12-23,6990.0,7054.08,6860.89,2.739,14.29,0.62,5.16,False,False,True,손절,1,-1.11
028670,팬오션,2025-12-23,3935.0,4013.01,3880.55,3.301,14.29,0.47,1.25,False,False,False,미돌파,0,0.0
071050,한국금융지주,2025-12-23,161100.0,163125.6,158617.14,2.764,12.12,0.67,1.77,False,False,False,미돌파,0,0.0
403870,HPSP,2025-12-23,30400.0,30661.2,29819.29,2.746,7.69,1.07,-7.99,True,False,False,미돌파,0,0.0
047050,포스코인터내셔널,2025-12-23,51200.0,51703.2,50277.14,2.758,9.09,0.69,3.4,False,False,True,손절,2,-1.109
041960,코미팜,2025-12-23,6800.0,6893.76,6623.39,3.922,4.76,0.31,2.44,True,False,True,추적청산,11,2.562
108490,로보티즈,2025-12-23,279000.0,293586.0,269792.86,8.104,10.26,0.6,4.29,True,False,False,미돌파,0,0.0
161390,한국타이어앤테크놀로지,2025-12-24,59100.0,60120.0,58387.14,2.882,7.69,0.49,3.11,True,False,False,미돌파,0,0.0
005380,현대차,2025-12-24,289000.0,300600.0,285264.29,5.102,0.0,1.14,-1.05,True,False,False,미돌파,0,0.0
009150,삼성전기,2025-12-24,253500.0,257514.0,248430.36,3.527,7.14,0.55,1.93,False,False,True,추적청산,6,0.415
011210,현대위아,2025-12-24,71800.0,74949.6,70465.36,5.983,5.26,0.66,2.45,False,False,True,추적청산,5,0.45
093050,LF,2025-12-24,18680.0,19108.14,18517.96,3.089,10.87,1.25,7.75,True,False,False,미돌파,0,0.0
145020,휴젤,2025-12-24,231500.0,238476.0,227258.93,4.704,11.11,0.46,5.7,True,False,False,미돌파,0,0.0
011780,금호석유화학,2025-12-24,125400.0,127053.6,124516.79,1.997,0.0,0.47,0.08,False,False,False,미돌파,0,0.0
012630,HDC,2025-12-24,18050.0,18837.6,17787.82,5.573,14.44,0.71,-1.29,True,False,False,미돌파,0,0.0
028670,팬오션,2025-12-24,3930.0,3967.92,3883.23,2.134,8.33,0.36,1.87,False,False,True,손절,2,-1.356
001800,오리온홀딩스,2025-12-24,20800.0,20941.8,20410.27,2.538,0.0,0.77,2.8,False,False,False,미돌파,0,0.0
373220,LG에너지솔루션,2025-12-24,390500.0,399297.0,385450.0,3.468,0.0,0.47,6.02,False,False,False,미돌파,0,0.0
007810,코리아써키트,2025-12-24,37450.0,39078.0,36408.93,6.83,2.27,0.64,-4.32,True,False,True,추적청산,6,1.64
051900,LG생활건강,2025-12-24,264000.0,265029.0,261319.64,1.4,0.0,0.57,0.75,False,False,False,미돌파,0,0.0
073240,금호타이어,2025-12-24,6100.0,6172.32,6022.36,2.43,9.09,0.46,1.29,True,False,False,미돌파,0,0.0
003030,세아제강지주,2025-12-24,129800.0,131462.4,127475.0,3.033,13.79,1.03,5.46,True,False,True,손절,1,-1.099
005850,에스엘,2025-12-24,42900.0,43737.3,41934.46,4.122,3.57,0.53,1.61,False,False,True,손절,4,-1.073
090360,로보스타,2025-12-24,79300.0,82965.6,76198.57,8.156,8.62,0.63,-9.68,True,False,False,미돌파,0,0.0
204320,HL만도,2025-12-24,54300.0,55811.4,52821.43,5.357,4.35,0.58,-1.12,True,False,False,미돌파,0,0.0
018260,삼성에스디에스,2025-12-24,169500.0,171442.2,168249.29,1.862,13.04,0.66,1.68,False,False,True,손절,2,-1.161
347850,디앤디파마텍,2025-12-24,89300.0,90981.6,85492.14,6.034,9.52,0.46,0.78,False,False,True,추적청산,4,0.507
009240,한샘,2025-12-24,48350.0,48747.3,46416.96,4.78,12.5,1.5,-4.77,True,True,True,손절,2,-1.063
192400,쿠쿠홀딩스,2025-12-24,30200.0,30561.0,29759.2,2.624,7.69,0.49,0.49,False,False,False,미돌파,0,0.0
293490,카카오게임즈,2025-12-24,15280.0,15360.66,15056.64,1.979,9.09,0.66,0.97,True,True,True,손절,2,-1.272
021240,코웨이,2025-12-24,88900.0,90180.0,87876.79,2.554,11.76,0.31,1.22,True,False,False,미돌파,0,0.0
018670,SK가스,2025-12-24,233500.0,235470.0,227567.86,3.356,0.0,1.04,3.31,True,False,False,미돌파,0,0.0
038500,삼표시멘트,2025-12-24,4825.0,4919.82,4481.71,8.905,1.47,0.23,3.5,False,False,True,추적청산,5,0.466
294870,IPARK현대산업개발,2025-12-24,21150.0,21593.1,20839.75,3.489,8.33,0.43,2.76,False,False,False,미돌파,0,0.0
219130,타이거일렉,2025-12-24,21800.0,21993.9,20723.64,5.775,14.29,0.41,-7.65,True,True,True,추적청산,7,1.021
009450,경동나비엔,2025-12-24,56100.0,56512.8,55326.43,2.099,0.0,0.59,2.26,True,False,False,미돌파,0,0.0
060370,LS마린솔루션,2025-12-24,30400.0,31412.7,29676.43,5.527,11.11,0.45,5.44,True,False,False,미돌파,0,0.0
476060,온코닉테라퓨틱스,2025-12-24,18940.0,19739.4,18360.89,6.984,3.67,0.55,-5.4,True,False,True,추적청산,3,0.457
034310,NICE,2025-12-24,13920.0,13997.94,13695.46,2.161,13.64,1.04,0.78,True,False,False,미돌파,0,0.0
041960,코미팜,2025-12-24,6810.0,6973.92,6726.82,3.543,5.26,0.31,0.73,True,False,False,미돌파,0,0.0
356860,티엘비,2025-12-26,28225.0,28902.69,27441.54,5.055,12.49,0.6,1.5,False,False,False,미돌파,0,0.0
079160,CJ CGV,2025-12-26,5990.0,6202.38,5918.61,4.575,12.5,0.48,0.0,True,False,False,미돌파,0,0.0
131290,티에스이,2025-12-26,57900.0,58717.2,56607.32,3.593,12.5,0.75,-9.87,True,False,True,추적청산,2,0.417
016360,삼성증권,2025-12-26,79900.0,80560.8,79277.14,1.593,11.11,2.34,-1.14,True,False,False,미돌파,0,0.0
195870,해성디에스,2025-12-26,55000.0,56713.2,54013.57,4.76,0.0,0.59,2.31,False,False,False,미돌파,0,0.0
111770,영원무역,2025-12-26,83600.0,84969.6,82402.86,3.021,10.53,0.49,5.0,True,False,False,미돌파,0,0.0
094170,동운아나텍,2025-12-26,28450.0,29208.3,27673.48,5.255,4.35,0.53,0.7,False,False,False,미돌파,0,0.0
00104K,CJ4우(전환),2025-12-26,150800.0,152404.2,147385.0,3.293,4.88,1.16,3.95,True,False,True,시간손절,5,0.665
122640,예스티,2025-12-26,16680.0,17134.2,15651.32,8.654,9.3,0.56,2.57,True,False,True,추적청산,9,1.206
086520,에코프로,2025-12-26,97000.0,101001.6,94252.68,6.682,9.09,0.5,1.42,False,False,False,미돌파,0,0.0
069960,현대백화점,2025-12-26,90500.0,92083.8,89592.14,2.706,5.56,0.58,1.52,False,False,False,미돌파,0,0.0
456160,지투지바이오,2025-12-26,67500.0,70440.6,64520.71,8.404,13.73,0.59,1.89,True,False,False,미돌파,0,0.0
023530,롯데쇼핑,2025-12-29,72700.0,73747.2,71953.93,2.432,0.0,0.41,2.15,False,False,False,미돌파,0,0.0
001120,LX인터내셔널,2025-12-29,31950.0,32114.1,30967.14,3.572,10.53,1.44,2.59,True,True,True,시간손절,5,0.252
253450,스튜디오드래곤,2025-12-29,41800.0,42084.0,41023.75,2.519,0.0,0.57,0.24,False,False,True,추적청산,4,0.907
069960,현대백화점,2025-12-29,89400.0,91081.8,87826.43,3.574,7.69,0.73,2.4,True,False,False,미돌파,0,0.0
028670,팬오션,2025-12-29,3865.0,3917.82,3774.52,3.658,0.0,0.68,1.53,True,False,False,미돌파,0,0.0
475150,SK이터닉스,2025-12-29,21100.0,21693.3,20858.68,3.847,0.0,0.5,5.17,True,False,False,미돌파,0,0.0
035760,CJ ENM,2025-12-29,62800.0,63326.4,60925.71,3.791,5.0,0.51,1.41,False,False,True,추적청산,4,0.561
108490,로보티즈,2025-12-29,267500.0,273546.0,260093.75,4.918,10.0,0.42,4.63,False,False,False,미돌파,0,0.0
112610,씨에스윈드,2025-12-29,42100.0,42434.7,41273.39,2.737,11.76,0.56,7.78,False,False,True,손절,2,-1.11
009830,한화솔루션,2025-12-29,25278.0,25801.5,24781.77,3.952,11.07,0.86,0.37,True,False,False,미돌파,0,0.0
237690,에스티팜,2025-12-29,120400.0,121743.0,117911.43,3.147,10.71,0.74,5.72,False,False,False,미돌파,0,0.0
112040,위메이드,2025-12-29,25300.0,25500.9,24525.71,3.824,12.5,0.71,2.88,True,False,False,미돌파,0,0.0
383310,에코프로에이치엔,2025-12-29,25000.0,25651.2,24643.04,3.93,0.0,0.72,2.15,True,False,False,미돌파,0,0.0
086450,동국제약,2025-12-29,17380.0,17494.92,17047.96,2.555,14.29,0.76,2.8,True,True,False,미돌파,0,0.0
000080,하이트진로,2025-12-29,18490.0,18567.06,18267.21,1.615,8.7,1.84,2.79,True,True,False,미돌파,0,0.0
051900,LG생활건강,2025-12-29,258000.0,259518.0,253776.79,2.212,0.0,0.77,2.27,True,False,False,미돌파,0,0.0
039130,하나투어,2025-12-29,49000.0,49448.7,48526.79,1.864,0.0,0.57,-0.62,True,False,False,미돌파,0,0.0
033790,피노,2025-12-29,5550.0,5671.32,5328.86,6.039,11.54,0.24,2.63,False,False,False,미돌파,0,0.0
006120,SK디스커버리,2025-12-29,56400.0,57314.4,55637.5,2.926,0.0,0.25,5.21,True,False,True,추적청산,6,1.556
003570,SNT다이내믹스,2025-12-29,46050.0,47043.9,45092.86,4.147,13.79,0.45,4.86,True,False,False,미돌파,0,0.0
007390,네이처셀,2025-12-29,22050.0,22344.6,21535.36,3.622,7.69,0.7,0.23,True,False,False,미돌파,0,0.0
280360,롯데웰푸드,2025-12-29,115400.0,117835.2,113801.43,3.423,2.94,0.73,3.67,True,False,False,미돌파,0,0.0
462870,시프트업,2025-12-29,35550.0,35721.3,34953.21,2.15,0.0,0.72,3.0,True,False,True,손절,4,-1.14
005880,대한해운,2025-12-29,1756.0,1772.54,1733.82,2.184,14.29,0.26,3.41,False,False,True,손절,3,-1.137
079940,가비아,2025-12-29,32300.0,32565.0,31274.82,3.962,0.0,0.36,1.52,False,False,True,손절,3,-1.076
011780,금호석유화학,2025-12-29,121100.0,122444.4,119537.14,2.374,13.64,0.69,4.19,False,False,False,미돌파,0,0.0
097950,CJ제일제당,2025-12-29,209500.0,210921.0,207544.64,1.601,0.0,0.86,0.24,False,False,False,미돌파,0,0.0
145020,휴젤,2025-12-29,226000.0,229458.0,220210.71,4.03,0.0,0.59,3.0,False,False,True,추적청산,3,0.426
078600,대주전자재료,2025-12-29,66200.0,67134.0,65204.64,2.874,7.14,0.68,0.45,False,False,False,미돌파,0,0.0
015750,성우하이텍,2025-12-29,6770.0,6863.7,6585.07,4.059,8.7,0.43,-1.04,True,False,True,손절,4,-1.074
361610,SK아이이테크놀로지,2025-12-29,26000.0,26553.0,25644.64,3.421,0.0,0.64,4.06,True,False,False,미돌파,0,0.0
009450,경동나비엔,2025-12-29,55300.0,55711.2,54529.64,2.121,0.0,0.74,1.6,True,False,True,추적청산,4,0.359
069260,TKG휴켐스,2025-12-29,18820.0,19017.96,18341.54,3.557,0.0,1.23,4.03,False,False,False,미돌파,0,0.0
002790,아모레퍼시픽홀딩스,2025-12-29,26800.0,27054.0,26545.0,1.881,0.0,0.58,3.77,True,False,True,손절,1,-1.159
139480,이마트,2025-12-29,82400.0,84067.8,81236.96,3.367,14.29,0.47,3.63,False,False,False,미돌파,0,0.0
417200,LS머트리얼즈,2025-12-29,12870.0,13066.08,12385.46,5.209,12.96,0.72,-4.55,True,False,False,미돌파,0,0.0
005690,파미셀,2025-12-29,14780.0,15190.32,14610.11,3.82,4.35,0.82,1.47,False,False,False,미돌파,0,0.0
192080,더블유게임즈,2025-12-29,53800.0,54408.6,52443.57,3.612,5.88,0.96,1.1,True,False,False,미돌파,0,0.0
294870,IPARK현대산업개발,2025-12-29,20700.0,21092.1,20340.39,3.564,0.0,0.34,2.82,True,False,True,추적청산,2,0.416
285130,SK케미칼,2025-12-29,65600.0,66432.6,64296.07,3.216,6.25,1.24,5.75,True,False,False,미돌파,0,0.0
499790,GS피앤엘,2025-12-30,42000.0,42334.5,40748.93,3.745,8.33,1.11,2.67,True,False,True,손절,1,-1.08
483650,달바글로벌,2025-12-30,147500.0,149698.8,143635.0,4.051,2.13,0.46,5.87,True,False,True,손절,3,-1.074
111770,영원무역,2025-12-30,81800.0,82665.0,80188.93,2.995,0.0,0.45,7.57,True,False,False,미돌파,0,0.0
009970,영원무역홀딩스,2025-12-30,191500.0,193586.4,183862.5,5.023,14.1,0.57,10.93,False,False,False,미돌파,0,0.0
012750,에스원,2025-12-30,72100.0,73446.6,71248.57,2.993,5.88,1.16,7.21,True,False,False,미돌파,0,0.0
251970,펌텍코리아,2025-12-30,52100.0,53406.6,50746.43,4.981,9.09,0.78,3.87,True,False,True,손절,4,-1.06
328130,루닛,2025-12-30,19265.0,19772.47,18749.19,5.175,11.68,0.69,6.27,False,False,True,추적청산,4,-0.127
002790,아모레퍼시픽홀딩스,2025-12-30,26850.0,27154.2,26393.39,2.802,0.0,0.53,2.89,True,False,True,추적청산,3,0.554
316140,우리금융지주,2025-12-30,28000.0,28206.3,27706.79,1.771,0.0,0.75,1.58,False,False,False,미돌파,0,0.0
005290,동진쎄미켐,2025-12-30,36650.0,37625.1,36106.61,4.036,8.0,0.65,3.04,False,False,True,추적청산,6,1.224
281740,레이크머티리얼즈,2025-12-30,14750.0,15040.02,14198.64,5.594,13.24,0.67,2.96,False,False,False,미돌파,0,0.0
011780,금호석유화학,2025-12-30,120700.0,121242.0,118531.79,2.235,15.0,0.62,3.29,False,True,False,미돌파,0,0.0
252990,샘씨엔에스,2025-12-30,6730.0,6963.9,6591.75,5.344,9.38,0.72,0.59,False,False,True,손절,4,-1.056
066970,엘앤에프,2025-12-30,95200.0,100200.0,91663.93,8.519,2.74,2.31,11.11,True,False,False,미돌파,0,0.0
029780,삼성카드,2025-12-30,55900.0,56512.8,55245.0,2.243,11.11,0.64,-0.36,True,False,False,미돌파,0,0.0
030610,교보증권,2025-12-30,9470.0,9599.16,9395.71,2.119,13.33,0.6,2.67,False,False,False,미돌파,0,0.0
079160,CJ CGV,2025-12-30,5950.0,6012.0,5748.61,4.381,4.55,0.4,1.98,False,False,False,미돌파,0,0.0
086790,하나금융지주,2025-12-30,94100.0,94889.4,93301.07,1.674,9.09,0.61,0.0,True,False,False,미돌파,0,0.0
036930,주성엔지니어링,2025-12-30,27700.0,28406.7,27436.43,3.416,0.0,1.23,0.72,False,False,True,추적청산,4,1.594
003570,SNT다이내믹스,2025-12-30,46600.0,46993.8,45069.11,4.096,0.0,0.65,4.9,False,False,False,미돌파,0,0.0
003850,보령,2025-12-30,9010.0,9198.36,8903.57,3.205,4.17,0.51,3.74,False,False,True,손절,5,-1.094
007340,DN오토모티브,2025-12-30,24400.0,24649.2,23698.93,3.855,13.33,0.66,5.61,True,False,False,미돌파,0,0.0
073240,금호타이어,2025-12-30,5860.0,5881.74,5672.25,3.562,0.0,0.6,6.54,True,True,True,손절,2,-1.084
456040,OCI,2025-12-30,59600.0,60019.8,58870.71,1.915,12.5,0.52,3.87,True,False,False,미돌파,0,0.0
028050,삼성E&A,2025-12-30,24050.0,24248.4,23569.64,2.799,9.09,1.0,4.94,True,False,False,미돌파,0,0.0
003160,디아이,2025-12-30,21350.0,22044.0,21005.04,4.713,5.88,0.74,0.7,True,False,True,추적청산,11,4.049
004370,농심,2025-12-30,432500.0,434868.0,427733.04,1.641,0.0,0.39,0.57,False,False,False,미돌파,0,0.0
000720,현대건설,2025-12-30,70100.0,71242.2,68308.21,4.118,4.35,0.52,1.41,False,False,False,미돌파,0,0.0
004490,세방전지,2025-12-30,62800.0,63426.6,61823.57,2.527,0.0,0.61,5.99,True,False,False,미돌파,0,0.0
082920,비츠로셀,2025-12-30,17620.0,17825.58,16942.36,4.955,5.97,0.9,7.12,False,False,True,손절,1,-1.061
000210,DL,2025-12-30,37650.0,38025.9,36987.68,2.73,12.5,0.56,3.83,False,False,False,미돌파,0,0.0
462870,시프트업,2025-12-30,35500.0,35871.6,35159.11,1.986,10.0,0.49,4.18,True,False,True,손절,2,-1.151
023530,롯데쇼핑,2025-12-30,72500.0,73045.8,70152.86,3.96,0.0,1.11,3.59,True,False,False,미돌파,0,0.0
005440,현대지에프홀딩스,2025-12-30,8320.0,8356.68,8125.11,2.771,11.76,0.44,3.37,False,True,True,손절,1,-1.108
298020,효성티앤씨,2025-12-30,222500.0,225450.0,219941.96,2.443,12.5,0.81,6.51,False,False,False,미돌파,0,0.0
081660,미스토홀딩스,2025-12-30,42700.0,43336.5,42068.04,2.927,10.53,0.43,3.17,True,False,False,미돌파,0,0.0
031210,서울보증보험,2025-12-30,49750.0,50200.2,49398.39,1.597,9.09,0.41,0.7,True,False,False,미돌파,0,0.0
00104K,CJ4우(전환),2025-12-30,152500.0,155209.8,149688.21,3.557,2.17,0.88,0.52,False,False,False,미돌파,0,0.0
009450,경동나비엔,2025-12-30,55500.0,55911.6,54528.57,2.474,9.09,1.15,1.42,True,False,True,손절,4,-1.121
066570,LG전자,2025-12-30,91900.0,92384.4,90551.79,1.984,7.69,0.58,2.13,False,False,False,미돌파,0,0.0
056190,SFA,2025-12-30,23400.0,23747.4,23161.07,2.469,11.11,0.69,2.3,False,False,True,손절,1,-1.122
140860,파크시스템스,2025-12-30,209000.0,212424.0,204041.07,3.946,14.29,0.7,1.18,True,False,True,추적청산,4,1.353
053800,안랩,2026-01-02,60400.0,61021.8,59885.71,1.862,12.5,0.53,5.03,True,False,False,미돌파,0,0.0
443060,HD현대마린솔루션,2026-01-02,193500.0,197193.6,190850.71,3.217,2.0,0.78,1.17,False,False,False,미돌파,0,0.0
003540,대신증권,2026-01-02,27050.0,27154.2,26236.96,3.378,6.67,0.96,1.81,True,True,True,손절,4,-1.089
185750,종근당,2026-01-02,82800.0,84067.8,82251.43,2.161,0.0,0.96,2.7,True,False,True,손절,3,-1.139
006280,녹십자,2026-01-02,159400.0,164829.0,153168.21,7.074,2.0,1.11,0.19,True,False,False,미돌파,0,0.0
003550,LG,2026-01-02,81000.0,81362.4,79908.57,1.787,10.0,0.5,1.58,False,True,True,추적청산,4,0.414
003690,코리안리,2026-01-02,11530.0,11573.1,11331.0,2.092,0.0,0.83,0.17,False,True,True,추적청산,4,0.722
034220,LG디스플레이,2026-01-02,11830.0,11953.86,11667.68,2.394,0.0,0.74,0.76,False,False,True,추적청산,5,0.84
000500,가온전선,2026-01-02,46510.0,47606.02,44640.53,6.229,9.29,0.94,1.18,True,False,True,추적청산,4,0.867
222080,SFA넥셀,2026-01-02,6670.0,6773.52,6543.14,3.401,11.11,0.99,4.58,True,False,True,추적청산,3,0.412
278470,에이피알,2026-01-02,233000.0,237474.0,225392.86,5.087,5.0,0.73,1.27,True,False,True,손절,2,-1.059
088350,한화생명,2026-01-02,3250.0,3271.53,3139.5,4.036,4.55,0.9,5.11,True,True,False,미돌파,0,0.0
000370,한화손해보험,2026-01-02,5500.0,5551.08,5344.29,3.725,11.76,1.44,1.61,True,True,False,미돌파,0,0.0
415640,KB발해인프라,2026-01-02,10000.0,10521.0,9822.71,6.637,3.12,0.66,1.38,True,False,False,미돌파,0,0.0
010140,삼성중공업,2026-01-02,24150.0,24348.6,23570.89,3.194,8.33,1.06,3.98,True,False,True,추적청산,13,3.879
065350,신성델타테크,2026-01-02,56800.0,57915.6,55204.64,4.681,4.55,0.42,3.4,True,False,True,손절,4,-1.064
211050,인카금융서비스,2026-01-02,12970.0,13156.26,12475.71,5.173,0.0,0.67,0.99,True,False,True,손절,3,-1.058
003030,세아제강지주,2026-01-02,126800.0,130961.4,124790.0,4.712,11.76,0.97,1.48,False,False,True,손절,1,-1.064
00104K,CJ4우(전환),2026-01-02,153300.0,154308.0,148173.21,3.976,13.46,1.25,-0.66,True,True,True,시간손절,5,0.363
003620,KG모빌리티,2026-01-02,3495.0,3577.14,3433.04,4.028,8.7,0.63,4.77,False,False,False,미돌파,0,0.0
090360,로보스타,2026-01-02,79800.0,82264.2,78117.14,5.041,9.68,0.36,-1.4,True,False,False,미돌파,0,0.0
322000,HD현대에너지솔루션,2026-01-02,55300.0,57514.8,53902.86,6.28,13.33,0.99,9.49,False,False,True,손절,4,-1.048
052690,한전기술,2026-01-02,89800.0,91683.0,88078.21,3.932,13.79,0.39,2.18,True,False,True,추적청산,16,6.515
316140,우리금융지주,2026-01-02,28050.0,28156.2,27407.86,2.658,8.33,0.81,0.53,False,True,True,손절,3,-1.113
005380,현대차,2026-01-02,298500.0,302604.0,291660.71,3.616,11.11,0.81,-4.01,True,False,True,추적청산,16,9.39
022100,포스코DX,2026-01-02,29000.0,29208.3,27852.68,4.641,0.0,0.5,2.52,True,True,True,손절,3,-1.065
195870,해성디에스,2026-01-02,54800.0,55210.2,51071.25,7.497,8.57,1.49,1.62,False,True,True,손절,1,-1.04
005180,빙그레,2026-01-05,73300.0,73546.8,71919.82,2.212,8.33,1.84,4.81,True,True,True,추적청산,3,0.35
001680,대상,2026-01-05,20550.0,20841.6,20437.86,1.937,0.0,1.38,3.97,True,False,False,미돌파,0,0.0
003550,LG,2026-01-05,81500.0,82865.4,80708.57,2.603,11.76,0.68,1.57,False,False,True,손절,3,-1.115
005250,녹십자홀딩스,2026-01-05,16000.0,16232.4,15870.32,2.231,7.41,0.68,3.15,False,False,False,미돌파,0,0.0
001450,현대해상,2026-01-05,30700.0,31262.4,30213.39,3.355,5.88,0.9,2.38,True,False,False,미돌파,0,0.0
004000,롯데정밀화학,2026-01-05,43350.0,43937.7,42840.89,2.496,5.88,1.08,6.87,True,False,False,미돌파,0,0.0
323410,카카오뱅크,2026-01-05,22000.0,22244.4,21741.61,2.26,12.5,1.57,0.45,False,False,True,추적청산,2,0.367
012330,현대모비스,2026-01-05,372000.0,383265.0,364664.29,4.853,6.45,0.75,-1.92,True,False,True,손절,1,-1.062
139130,iM금융지주,2026-01-05,15300.0,15581.1,15118.07,2.972,13.51,0.35,2.92,False,False,False,미돌파,0,0.0
000640,동아쏘시오홀딩스,2026-01-05,104697.0,105586.75,102483.91,2.939,12.03,1.21,4.94,True,False,True,손절,3,-1.102
009830,한화솔루션,2026-01-05,25467.0,25754.41,25164.31,2.291,0.0,1.21,2.0,False,False,True,손절,2,-1.131
420770,기가비스,2026-01-05,32350.0,33066.0,31733.93,4.029,0.0,1.16,-5.37,True,False,False,미돌파,0,0.0
028670,팬오션,2026-01-05,3800.0,3822.63,3726.07,2.526,0.0,0.69,3.31,True,False,True,추적청산,3,0.381
003090,대웅,2026-01-05,21650.0,21843.6,21287.5,2.546,12.5,0.61,6.07,True,False,True,손절,2,-1.118
036460,한국가스공사,2026-01-05,38450.0,39027.9,38232.14,2.039,8.33,0.88,5.88,True,False,True,손절,3,-1.147
020150,롯데에너지머티리얼즈,2026-01-05,30650.0,31713.3,29781.43,6.092,9.09,0.94,5.98,False,False,False,미돌파,0,0.0
317450,명인제약,2026-01-05,61900.0,62524.8,59597.5,4.682,4.35,0.99,13.79,False,False,True,시간손절,5,-0.517
012750,에스원,2026-01-05,71400.0,72244.2,70266.79,2.737,0.0,0.78,9.85,True,False,True,추적청산,9,1.542
017960,한국카본,2026-01-05,28100.0,28456.8,27180.54,4.485,0.0,1.42,11.64,True,False,True,추적청산,7,3.8
415640,KB발해인프라,2026-01-05,10020.0,10260.48,9871.21,3.794,9.09,0.84,0.2,True,False,False,미돌파,0,0.0
039490,키움증권,2026-01-05,299000.0,308616.0,291855.36,5.431,13.79,1.46,0.33,False,False,True,추적청산,10,0.814
030200,KT,2026-01-05,51600.0,52304.4,51231.79,2.051,0.0,1.01,3.37,True,False,True,시간손절,5,-0.71
097230,HJ중공업,2026-01-05,20900.0,21593.1,20356.61,5.726,10.0,0.54,5.86,True,False,True,추적청산,7,1.926
010060,OCI홀딩스,2026-01-05,108100.0,110620.8,103680.0,6.274,8.77,1.22,10.59,False,False,True,손절,2,-1.048
073240,금호타이어,2026-01-05,5740.0,5781.54,5562.25,3.793,11.11,1.47,5.9,True,False,True,손절,1,-1.079
079160,CJ CGV,2026-01-05,5810.0,5941.86,5741.82,3.367,12.5,0.75,3.49,False,False,False,미돌파,0,0.0
041830,인바디,2026-01-05,32800.0,33266.4,31950.18,3.957,4.76,0.86,0.76,True,False,True,손절,2,-1.076
001720,신영증권,2026-01-05,132500.0,134969.4,129726.43,3.885,4.76,1.71,7.34,True,False,True,손절,4,-1.077
032500,케이엠더블유,2026-01-06,15860.0,16032.0,15430.93,3.749,13.04,0.77,-4.34,True,False,False,미돌파,0,0.0
251270,넷마블,2026-01-06,49450.0,50100.0,49084.46,2.027,0.0,0.61,-2.28,True,False,False,미돌파,0,0.0
051600,한전KPS,2026-01-06,50300.0,50701.2,49678.57,2.017,13.33,0.79,4.01,False,False,False,미돌파,0,0.0
259960,크래프톤,2026-01-06,248000.0,250500.0,244003.57,2.593,10.0,1.09,-2.27,True,False,False,미돌파,0,0.0
121600,나노신소재,2026-01-06,50400.0,51502.8,49081.25,4.702,5.0,0.92,3.82,False,False,False,미돌파,0,0.0
011780,금호석유화학,2026-01-06,119500.0,120841.2,118011.43,2.342,0.0,1.06,2.53,False,False,False,미돌파,0,0.0
178320,서진시스템,2026-01-06,26650.0,27655.2,25914.64,6.294,6.67,1.01,-5.34,True,False,False,미돌파,0,0.0
006110,삼아알미늄,2026-01-06,24000.0,24799.5,23413.75,5.588,13.64,0.47,3.81,False,False,False,미돌파,0,0.0
225570,넥슨게임즈,2026-01-06,12620.0,13597.14,11693.68,13.999,6.08,6.3,-3.78,True,False,False,미돌파,0,0.0
007070,GS리테일,2026-01-06,19960.0,20140.2,19611.29,2.626,0.0,1.15,3.81,False,False,True,추적청산,3,0.386
161390,한국타이어앤테크놀로지,2026-01-06,57800.0,58817.4,56407.5,4.097,5.0,1.04,0.52,True,False,False,미돌파,0,0.0
003490,대한항공,2026-01-06,22500.0,22645.2,22277.68,1.623,0.0,0.82,1.53,False,False,False,미돌파,0,0.0
052690,한전기술,2026-01-06,95800.0,96091.8,92903.93,3.318,12.0,0.8,-6.44,True,True,True,추적청산,14,6.606
033780,KT&G,2026-01-06,142600.0,143185.8,140025.36,2.207,12.5,1.17,1.52,False,True,True,시간손절,5,-0.416
141080,리가켐바이오,2026-01-06,175300.0,178857.0,172432.32,3.592,4.0,0.84,2.61,False,False,True,추적청산,3,0.416
122640,예스티,2026-01-06,18730.0,18887.7,18014.75,4.622,4.41,0.95,-12.29,True,False,True,추적청산,4,0.688
030520,한컴,2026-01-06,22900.0,23096.1,22546.07,2.381,0.0,0.9,0.87,False,False,False,미돌파,0,0.0
004490,세방전지,2026-01-06,62000.0,62825.4,61034.29,2.851,7.14,1.16,4.17,True,False,True,손절,2,-1.105
111770,영원무역,2026-01-06,82400.0,83667.0,80266.43,4.064,3.7,0.89,1.44,False,False,True,손절,1,-1.074
004990,롯데지주,2026-01-06,26400.0,26703.3,26101.96,2.252,0.0,1.03,4.52,False,False,False,미돌파,0,0.0
018670,SK가스,2026-01-06,226500.0,229458.0,224062.5,2.351,12.5,0.94,1.09,False,False,True,손절,2,-1.128
005850,에스엘,2026-01-06,42050.0,43987.8,41146.61,6.459,2.0,1.54,2.66,True,False,True,추적청산,11,1.195
000210,DL,2026-01-06,36400.0,36923.7,36155.89,2.079,9.09,0.92,3.32,True,False,False,미돌파,0,0.0
373220,LG에너지솔루션,2026-01-06,378000.0,383766.0,371148.21,3.288,10.53,0.88,1.43,False,False,False,미돌파,0,0.0
010780,아이에스동서,2026-01-06,23150.0,23346.6,22303.39,4.468,0.0,0.57,5.32,True,False,False,미돌파,0,0.0
002380,KCC,2026-01-06,398000.0,407814.0,385942.86,5.363,10.53,1.56,3.05,False,False,True,추적청산,9,1.031
388210,씨엠티엑스,2026-01-06,96600.0,97795.2,91470.0,6.468,12.24,0.49,3.11,True,True,True,손절,3,-1.046
035250,강원랜드,2026-01-06,18370.0,18567.06,18234.29,1.792,8.33,0.87,0.92,True,False,False,미돌파,0,0.0
271560,오리온,2026-01-06,103800.0,104709.0,102491.43,2.118,5.88,1.0,2.72,False,False,False,미돌파,0,0.0
035250,강원랜드,2026-01-07,18200.0,18336.6,18033.21,1.655,9.52,0.98,1.57,False,False,False,미돌파,0,0.0
138930,BNK금융지주,2026-01-07,15540.0,15911.76,15343.57,3.571,12.77,0.67,3.12,False,False,False,미돌파,0,0.0
041510,에스엠,2026-01-07,115500.0,121141.8,109538.57,9.578,11.76,2.56,9.77,False,False,False,미돌파,0,0.0
088980,맥쿼리인프라,2026-01-07,11170.0,11242.44,11123.18,1.061,0.0,0.93,0.18,False,False,False,미돌파,0,0.0
015750,성우하이텍,2026-01-07,6670.0,6793.56,6562.07,3.407,5.56,1.55,1.48,True,False,False,미돌파,0,0.0
185750,종근당,2026-01-07,83000.0,84067.8,81967.5,2.498,0.0,1.09,0.6,True,False,True,손절,2,-1.12
175330,JB금융지주,2026-01-07,25000.0,25551.0,24591.79,3.754,0.0,1.1,4.03,False,False,False,미돌파,0,0.0
073240,금호타이어,2026-01-07,5520.0,5631.24,5420.75,3.738,5.88,1.95,6.12,True,False,False,미돌파,0,0.0
000880,한화,2026-01-07,84000.0,85671.0,82450.0,3.76,11.54,1.09,-2.94,True,False,True,추적청산,8,6.308
030000,제일기획,2026-01-07,20550.0,20841.6,20319.11,2.507,12.5,1.03,2.61,True,False,False,미돌파,0,0.0
248070,솔루엠,2026-01-07,16060.0,16252.44,15764.86,3.0,7.69,0.9,1.83,False,False,False,미돌파,0,0.0
105560,KB금융,2026-01-07,124700.0,126552.6,123349.64,2.531,11.54,1.22,0.72,False,False,False,미돌파,0,0.0
002960,한국쉘석유,2026-01-07,439500.0,440880.0,433117.86,1.761,9.09,0.87,2.44,True,True,False,미돌파,0,0.0
122870,와이지엔터테인먼트,2026-01-07,64300.0,65530.8,61965.54,5.441,3.33,1.48,0.62,False,False,True,추적청산,5,0.539
008770,호텔신라,2026-01-07,44500.0,45190.2,44086.43,2.443,11.11,1.51,0.89,True,False,False,미돌파,0,0.0
483650,달바글로벌,2026-01-07,143400.0,144288.0,136337.14,5.51,13.64,0.79,0.9,False,True,False,미돌파,0,0.0
005250,녹십자홀딩스,2026-01-07,15700.0,15891.72,15473.11,2.634,6.06,0.81,0.88,True,False,False,미돌파,0,0.0
214320,이노션,2026-01-07,18300.0,18366.66,18074.46,1.591,14.29,0.86,0.05,True,True,False,미돌파,0,0.0
120110,코오롱인더,2026-01-07,42150.0,42534.9,40940.18,3.749,8.0,0.99,5.92,True,False,False,미돌파,0,0.0
055550,신한지주,2026-01-07,79000.0,80360.4,77708.04,3.301,9.09,1.19,-1.41,True,False,False,미돌파,0,0.0
009410,태영건설,2026-01-07,1678.0,1693.38,1640.92,3.098,7.69,0.34,2.27,True,False,False,미돌파,0,0.0
011780,금호석유화학,2026-01-07,118600.0,120240.0,116924.29,2.758,11.54,0.74,2.06,True,False,False,미돌파,0,0.0
035760,CJ ENM,2026-01-07,62000.0,62224.2,60338.93,3.03,0.0,1.46,1.27,True,True,False,미돌파,0,0.0
086450,동국제약,2026-01-07,17350.0,17755.44,17085.68,3.772,8.62,1.41,0.17,False,False,False,미돌파,0,0.0
298040,효성중공업,2026-01-07,1825000.0,1867728.0,1797946.43,3.736,11.11,0.93,0.82,False,False,True,추적청산,10,3.338
0126Z0,삼성에피스홀딩스,2026-01-07,697000.0,709416.0,673489.29,5.064,11.11,0.23,5.68,False,False,True,손절,3,-1.059
006650,대한유화,2026-01-07,132400.0,136773.0,128153.21,6.302,12.33,1.53,8.63,True,False,False,미돌파,0,0.0
192080,더블유게임즈,2026-01-07,53400.0,53907.6,52529.64,2.556,0.0,1.44,0.74,True,False,False,미돌파,0,0.0
032640,LG유플러스,2026-01-07,14470.0,14669.28,14162.0,3.458,6.98,1.26,2.56,True,False,False,미돌파,0,0.0
326030,SK바이오팜,2026-01-07,124600.0,126051.6,121811.43,3.364,14.29,1.17,0.72,False,False,True,손절,4,-1.089
086790,하나금융지주,2026-01-07,93500.0,95190.0,92389.29,2.942,13.04,1.36,1.48,False,False,False,미돌파,0,0.0
466100,클로봇,2026-01-07,55694.0,57608.99,52703.52,8.515,13.95,0.23,8.7,False,False,False,미돌파,0,0.0
278280,천보,2026-01-08,48850.0,49749.3,47440.36,4.641,2.63,0.73,0.61,True,False,False,미돌파,0,0.0
237690,에스티팜,2026-01-08,128200.0,131161.8,125788.93,4.096,4.65,0.65,-7.55,True,False,True,손절,3,-1.073
002790,아모레퍼시픽홀딩스,2026-01-08,25850.0,26152.2,25115.0,3.966,5.88,1.25,3.72,True,False,True,시간손절,5,-0.222
090460,비에이치,2026-01-08,16130.0,16212.36,15749.61,2.854,11.11,0.85,-0.19,True,True,True,추적청산,4,0.511
099190,아이센스,2026-01-08,15400.0,15671.28,15175.54,3.163,10.26,0.47,3.14,True,False,True,손절,4,-1.095
000150,두산,2026-01-08,759000.0,781560.0,741657.14,5.106,6.25,1.2,2.82,False,False,False,미돌파,0,0.0
137400,피엔티,2026-01-08,36550.0,36873.6,35164.82,4.634,14.29,1.34,2.79,True,True,False,미돌파,0,0.0
161390,한국타이어앤테크놀로지,2026-01-08,56200.0,57114.0,55310.71,3.157,14.29,1.16,3.6,True,False,True,추적청산,12,2.702
005830,DB손해보험,2026-01-08,123600.0,124248.0,121186.79,2.464,13.04,1.88,5.72,False,False,False,미돌파,0,0.0
032350,롯데관광개발,2026-01-08,21050.0,21442.8,20365.18,5.026,11.76,0.78,9.46,False,False,True,시간손절,5,-0.378
060370,LS마린솔루션,2026-01-08,28650.0,29108.1,28121.34,3.39,6.67,0.2,4.34,True,False,True,추적청산,3,0.382
388210,씨엠티엑스,2026-01-08,93800.0,96592.8,90607.5,6.196,13.04,0.39,6.11,True,False,True,추적청산,3,0.452
114090,GKL,2026-01-08,13750.0,14128.2,13447.46,4.818,6.9,1.01,8.15,True,False,True,손절,4,-1.062
039130,하나투어,2026-01-08,46300.0,46643.1,45452.68,2.552,0.0,0.85,5.03,True,False,False,미돌파,0,0.0
030520,한컴,2026-01-08,22350.0,22494.9,21850.89,2.863,10.0,1.27,2.61,True,True,False,미돌파,0,0.0
247540,에코프로비엠,2026-01-08,146300.0,150700.8,143144.64,5.014,8.06,1.1,0.2,False,False,False,미돌파,0,0.0
443060,HD현대마린솔루션,2026-01-08,184100.0,189378.0,179446.79,5.244,14.12,11.7,4.86,True,False,True,추적청산,5,0.605
185750,종근당,2026-01-08,82900.0,84268.2,82061.07,2.619,11.11,1.06,0.0,True,False,False,미돌파,0,0.0
028050,삼성E&A,2026-01-08,24000.0,24248.4,23553.04,2.868,0.0,1.05,0.21,False,False,True,추적청산,6,1.152
259960,크래프톤,2026-01-08,229500.0,232464.0,226417.86,2.601,11.11,1.41,6.71,True,False,False,미돌파,0,0.0
035250,강원랜드,2026-01-08,18080.0,18236.4,17851.04,2.113,6.67,1.03,4.59,False,False,False,미돌파,0,0.0
376300,디어유,2026-01-08,36200.0,36623.1,34621.07,5.467,12.5,0.68,9.73,False,False,True,손절,3,-1.055
241710,코스메카코리아,2026-01-08,65900.0,66633.0,63748.93,4.328,4.35,1.13,1.05,True,False,True,추적청산,4,0.633
458870,씨어스,2026-01-08,38154.0,39767.38,36612.24,7.934,7.4,0.59,12.07,False,False,False,미돌파,0,0.0
003090,대웅,2026-01-08,21350.0,21593.1,20950.89,2.974,0.0,0.58,3.17,True,False,True,손절,3,-1.101
009830,한화솔루션,2026-01-08,24995.0,25187.27,24320.84,3.44,0.0,1.73,1.12,True,False,False,미돌파,0,0.0
119850,지엔씨에너지,2026-01-08,31350.0,31512.9,30138.39,4.362,13.64,0.95,-1.46,True,True,True,추적청산,9,1.445
290650,엘앤씨바이오,2026-01-08,60500.0,61723.2,58743.93,4.827,0.0,0.46,0.98,True,False,True,손절,2,-1.062
004170,신세계,2026-01-08,256000.0,260520.0,248592.86,4.578,0.0,1.25,-3.64,True,False,True,추적청산,7,1.104
000640,동아쏘시오홀딩스,2026-01-08,103725.0,104711.0,101964.34,2.623,13.62,1.0,2.56,True,False,False,미돌파,0,0.0
348370,엔켐,2026-01-09,62200.0,63426.6,60835.36,4.085,5.26,0.54,3.27,False,False,False,미돌파,0,0.0
213420,덕산네오룩스,2026-01-09,36300.0,37224.3,35851.79,3.687,4.55,0.83,3.97,False,False,False,미돌파,0,0.0
050890,쏠리드,2026-01-09,7320.0,7424.82,7135.25,3.9,9.09,0.46,6.39,True,False,False,미돌파,0,0.0
000240,한국앤컴퍼니,2026-01-09,25050.0,25150.2,24019.82,4.495,10.53,0.41,0.2,True,True,True,추적청산,7,1.041
015760,한국전력,2026-01-09,49400.0,50100.0,48716.16,2.762,14.29,0.41,-6.24,True,False,True,추적청산,10,5.558
017800,현대엘리베이터,2026-01-09,86800.0,88877.4,85760.36,3.507,7.69,0.47,1.14,True,False,False,미돌파,0,0.0
229640,LS에코에너지,2026-01-09,35250.0,35320.5,34021.34,3.678,4.76,0.59,1.4,True,True,True,추적청산,8,1.219
006110,삼아알미늄,2026-01-09,23100.0,23246.4,22294.82,4.093,7.14,0.28,-0.65,True,True,True,추적청산,4,0.427
383220,F&F,2026-01-09,64000.0,64328.4,62310.0,3.138,6.67,0.81,3.47,True,True,False,미돌파,0,0.0
131290,티에스이,2026-01-09,59800.0,61322.4,58465.36,4.659,9.09,0.64,5.68,True,False,True,손절,4,-1.064
021240,코웨이,2026-01-09,79600.0,80260.2,78053.93,2.749,0.0,0.95,6.9,True,False,True,손절,1,-1.109
353200,대덕전자,2026-01-09,42000.0,42935.7,41207.14,4.026,11.54,0.57,12.41,True,False,True,추적청산,8,1.948
160190,하이젠알앤엠,2026-01-09,54000.0,55611.0,52522.86,5.553,13.04,0.55,9.24,True,False,False,미돌파,0,0.0
052400,코나아이,2026-01-09,44050.0,44739.3,43655.54,2.422,0.0,0.42,6.28,True,False,True,추적청산,3,0.376
001800,오리온홀딩스,2026-01-09,19530.0,19869.66,19354.57,2.592,12.5,0.55,2.15,False,False,False,미돌파,0,0.0
000810,삼성화재,2026-01-09,470000.0,473946.0,464483.93,1.996,14.29,1.26,5.43,True,False,True,추적청산,7,0.59
214370,케어젠,2026-01-09,70300.0,70641.0,66418.57,5.977,8.82,0.81,4.74,False,True,False,미돌파,0,0.0
462870,시프트업,2026-01-09,33450.0,33967.8,32979.46,2.91,12.5,1.25,6.43,True,False,False,미돌파,0,0.0
023590,다우기술,2026-01-09,38200.0,39428.7,37216.96,5.609,5.26,0.81,3.54,False,False,False,미돌파,0,0.0
383310,에코프로에이치엔,2026-01-09,22700.0,22995.9,22174.64,3.571,0.0,1.0,2.78,True,False,True,추적청산,4,0.479
0126Z0,삼성에피스홀딩스,2026-01-09,688000.0,700398.0,668487.5,4.556,8.51,0.25,3.78,True,False,False,미돌파,0,0.0
000210,DL,2026-01-09,34850.0,35220.3,33755.89,4.158,12.0,0.8,4.52,True,False,True,추적청산,7,0.626
140860,파크시스템스,2026-01-09,221500.0,225951.0,213128.57,5.675,13.64,0.88,1.12,False,False,True,추적청산,4,0.488
388210,씨엠티엑스,2026-01-09,95200.0,98997.6,89848.21,9.242,8.97,0.33,7.93,False,False,True,추적청산,6,0.511
032640,LG유플러스,2026-01-09,14350.0,14458.86,14091.68,2.539,3.45,0.87,0.55,True,False,True,추적청산,6,0.983
031210,서울보증보험,2026-01-09,46300.0,46693.2,45610.36,2.319,12.5,0.86,4.93,True,False,False,미돌파,0,0.0
486990,노타,2026-01-09,49150.0,49699.2,46221.96,6.997,5.66,0.3,12.85,False,True,True,시간손절,5,-0.848
007390,네이처셀,2026-01-09,20500.0,20741.4,19897.68,4.068,7.14,0.81,7.66,True,False,False,미돌파,0,0.0
000080,하이트진로,2026-01-09,17630.0,17735.4,17528.93,1.164,14.29,0.55,3.4,True,False,False,미돌파,0,0.0
052690,한전기술,2026-01-09,97400.0,98396.4,94078.93,4.388,10.81,0.74,-8.46,True,False,True,추적청산,11,4.74
161890,한국콜마,2026-01-09,63300.0,63927.6,61449.29,3.877,9.52,1.2,3.21,False,True,True,시간손절,5,-0.089
069960,현대백화점,2026-01-09,91800.0,93085.8,89490.0,3.863,10.34,0.87,-8.13,True,False,True,추적청산,6,0.466
031980,피에스케이홀딩스,2026-01-09,49000.0,50300.4,47208.39,6.147,0.0,1.24,2.58,False,False,True,추적청산,11,2.181
002790,아모레퍼시픽홀딩스,2026-01-09,26050.0,26302.5,25413.39,3.38,7.14,0.8,10.17,False,False,True,시간손절,5,-0.598
053800,안랩,2026-01-09,59900.0,60520.8,59112.5,2.327,9.09,0.4,0.83,True,False,False,미돌파,0,0.0
122870,와이지엔터테인먼트,2026-01-09,67200.0,69338.4,65725.36,5.211,6.67,0.86,4.55,False,False,False,미돌파,0,0.0
252990,샘씨엔에스,2026-01-09,6260.0,6382.74,6089.32,4.597,8.7,0.89,10.19,True,False,True,추적청산,4,0.464
083450,GST,2026-01-09,27200.0,27955.8,26187.68,6.325,3.57,0.54,10.53,True,False,False,미돌파,0,0.0
019170,신풍제약,2026-01-09,13080.0,13296.54,12938.61,2.692,11.11,0.36,6.17,True,False,False,미돌파,0,0.0
007660,이수페타시스,2026-01-09,109400.0,111322.2,106621.43,4.223,0.0,0.7,9.96,True,False,True,추적청산,6,1.075
031330,에스에이엠티,2026-01-09,4005.0,4063.11,3873.95,4.656,10.34,0.51,-0.88,True,False,True,추적청산,4,0.436
007810,코리아써키트,2026-01-09,46650.0,48396.6,45174.82,6.657,13.21,0.37,2.3,False,False,True,추적청산,8,2.023
086790,하나금융지주,2026-01-09,92900.0,93687.0,91693.57,2.128,13.33,1.06,0.54,False,False,True,추적청산,6,0.814
240810,원익IPS,2026-01-09,75000.0,76753.2,72183.57,5.954,5.56,0.89,6.25,False,False,False,미돌파,0,0.0
460860,동국제강,2026-01-09,7900.0,8086.14,7812.57,3.383,8.7,0.95,2.83,False,False,True,시간손절,5,0.181
003540,대신증권,2026-01-12,25800.0,26252.4,25399.82,3.248,0.0,1.16,3.73,True,False,True,추적청산,6,0.846
089970,브이엠,2026-01-12,27750.0,28557.0,26931.25,5.693,4.0,0.84,12.6,False,False,True,손절,2,-1.053
086450,동국제약,2026-01-12,16910.0,16983.9,16629.86,2.085,11.11,1.11,2.48,True,True,False,미돌파,0,0.0
248070,솔루엠,2026-01-12,15570.0,15711.36,14611.96,6.997,3.0,0.97,4.71,True,True,True,시간손절,5,-0.781
007390,네이처셀,2026-01-12,20400.0,20691.3,20051.96,3.09,10.0,0.72,6.85,True,False,False,미돌파,0,0.0
462870,시프트업,2026-01-12,33300.0,33767.4,32275.18,4.419,0.0,2.4,5.53,True,False,False,미돌파,0,0.0
006040,동원산업,2026-01-12,40700.0,41432.7,40144.64,3.109,4.76,0.59,2.75,True,False,False,미돌파,0,0.0
225570,넥슨게임즈,2026-01-12,12440.0,12925.8,12202.86,5.593,11.29,0.97,3.49,True,False,False,미돌파,0,0.0
417200,LS머트리얼즈,2026-01-12,12750.0,13186.32,12258.68,7.035,0.0,0.76,6.66,False,False,False,미돌파,0,0.0
051900,LG생활건강,2026-01-12,262000.0,262524.0,256707.14,2.216,0.0,1.11,1.87,False,True,True,시간손절,5,0.032
031980,피에스케이홀딩스,2026-01-12,50000.0,51903.6,48091.25,7.345,3.03,1.52,1.77,False,False,True,추적청산,10,1.652
033100,제룡전기,2026-01-12,37750.0,38727.3,36898.57,4.722,3.23,1.54,-0.27,True,False,True,추적청산,6,0.436
032350,롯데관광개발,2026-01-12,21450.0,21693.3,20647.32,4.822,5.88,0.49,0.23,False,False,False,미돌파,0,0.0
003620,KG모빌리티,2026-01-12,3480.0,3607.2,3429.54,4.925,3.33,1.03,1.42,False,False,False,미돌파,0,0.0
005830,DB손해보험,2026-01-12,122900.0,124147.8,121088.93,2.464,0.0,1.2,4.58,False,False,True,손절,1,-1.122
000070,삼양홀딩스,2026-01-12,56800.0,57013.8,55496.43,2.661,0.0,0.5,1.05,True,True,False,미돌파,0,0.0
007660,이수페타시스,2026-01-12,110400.0,112925.4,107350.36,4.937,2.22,0.51,5.56,True,False,True,추적청산,5,0.841
108490,로보티즈,2026-01-12,238500.0,243987.0,231316.96,5.193,5.0,0.49,9.14,True,False,True,추적청산,3,0.442
003230,삼양식품,2026-01-12,1196000.0,1208412.0,1166596.43,3.46,12.5,0.95,6.12,False,False,False,미돌파,0,0.0
388210,씨엠티엑스,2026-01-12,98600.0,102805.2,94583.57,7.997,13.04,0.54,-0.2,True,False,False,미돌파,0,0.0
322000,HD현대에너지솔루션,2026-01-12,54000.0,55811.4,53157.5,4.755,0.0,0.76,6.74,False,False,True,추적청산,4,0.623
356860,티엘비,2026-01-12,27462.0,27994.88,26513.28,5.292,7.97,0.6,4.48,False,False,True,추적청산,2,0.443
056190,SFA,2026-01-12,23850.0,23997.9,23328.39,2.79,10.0,0.7,4.22,False,False,False,미돌파,0,0.0
034310,NICE,2026-01-12,12550.0,12575.1,12271.71,2.413,4.55,0.71,2.71,True,True,True,손절,1,-1.124
003090,대웅,2026-01-12,21550.0,21843.6,21159.2,3.133,0.0,0.5,0.46,False,False,False,미돌파,0,0.0
062040,산일전기,2026-01-12,138600.0,142985.4,135195.71,5.448,3.03,1.15,1.28,False,False,False,미돌파,0,0.0
006110,삼아알미늄,2026-01-12,23300.0,23647.2,22700.71,4.003,14.29,0.38,0.85,False,False,True,시간손절,5,0.298
251970,펌텍코리아,2026-01-12,55100.0,55911.6,52867.86,5.444,7.69,0.64,-3.77,True,False,True,추적청산,2,0.445
018670,SK가스,2026-01-12,222500.0,223947.0,217632.14,2.82,10.0,0.62,2.2,True,False,True,시간손절,5,-0.256
316140,우리금융지주,2026-01-12,27500.0,27555.0,26908.39,2.347,10.0,0.85,1.43,True,True,True,추적청산,4,0.372
005690,파미셀,2026-01-12,13790.0,14138.22,13513.43,4.419,5.88,0.69,6.25,True,False,False,미돌파,0,0.0
458870,씨어스,2026-01-12,37587.0,38631.11,35349.89,8.494,2.36,0.53,7.55,True,False,True,추적청산,13,2.501
383220,F&F,2026-01-12,63600.0,64027.8,61023.93,4.692,8.0,0.89,2.9,True,True,True,추적청산,5,0.498
003850,보령,2026-01-12,8770.0,8867.7,8644.0,2.523,11.76,0.71,5.7,True,False,False,미돌파,0,0.0
383800,LX홀딩스,2026-01-12,7880.0,7955.88,7832.86,1.546,11.11,0.56,1.5,True,False,True,추적청산,8,0.77
005300,롯데칠성,2026-01-12,124800.0,126452.4,122836.79,2.859,14.81,0.41,5.1,True,False,True,추적청산,3,0.395
007340,DN오토모티브,2026-01-12,24150.0,24398.7,23109.11,5.285,13.64,2.34,-1.68,True,True,False,미돌파,0,0.0
074600,원익QnC,2026-01-12,22850.0,23196.3,22138.32,4.561,5.88,1.35,0.65,False,False,True,손절,1,-1.066
030530,원익홀딩스,2026-01-12,39250.0,40981.8,37834.29,7.68,12.0,0.3,10.29,True,False,True,추적청산,6,0.575
293490,카카오게임즈,2026-01-12,14450.0,14629.2,14174.96,3.105,13.89,1.01,5.43,False,False,False,미돌파,0,0.0
069960,현대백화점,2026-01-12,91900.0,94889.4,89768.57,5.397,4.55,1.19,-3.96,True,False,False,미돌파,0,0.0
213420,덕산네오룩스,2026-01-12,36450.0,36973.8,35803.39,3.166,5.56,0.79,4.33,True,False,True,손절,2,-1.095
010060,OCI홀딩스,2026-01-12,104500.0,106913.4,102102.14,4.5,8.11,1.05,3.33,False,False,True,추적청산,6,1.087
093050,LF,2026-01-12,17200.0,17414.76,16935.43,2.752,13.51,0.32,1.77,True,False,False,미돌파,0,0.0
079940,가비아,2026-01-12,30500.0,31362.6,29731.79,5.2,7.14,0.52,7.58,False,False,True,시간손절,5,-0.219
214320,이노션,2026-01-12,18090.0,18186.3,17865.21,1.766,8.33,0.71,0.5,True,False,True,추적청산,7,0.507
103590,일진전기,2026-01-12,61600.0,63025.8,60175.71,4.522,8.7,0.6,1.12,False,False,True,시간손절,5,-0.251
257720,실리콘투,2026-01-13,41750.0,42735.3,40707.86,4.744,2.94,0.92,-2.96,True,False,True,손절,4,-1.063
032830,삼성생명,2026-01-13,159100.0,160821.0,156637.5,2.601,3.33,0.79,3.81,True,False,True,추적청산,4,0.385
031210,서울보증보험,2026-01-13,45300.0,45791.4,44758.75,2.255,0.0,0.96,7.55,True,False,True,추적청산,10,2.017
229640,LS에코에너지,2026-01-13,36000.0,36122.1,35026.16,3.034,0.0,0.6,1.91,False,True,True,추적청산,6,0.984
000210,DL,2026-01-13,35500.0,35671.2,34303.21,3.835,4.35,1.12,2.47,False,True,True,추적청산,6,0.505
018670,SK가스,2026-01-13,223500.0,224949.0,219126.79,2.588,0.0,0.98,1.32,False,False,True,시간손절,5,0.322
003540,대신증권,2026-01-13,26000.0,26352.6,25650.36,2.665,9.09,0.84,5.11,False,False,True,추적청산,5,0.848
008060,대덕,2026-01-13,9640.0,9719.4,9419.75,3.083,13.04,0.84,4.37,True,True,True,추적청산,5,0.754
086790,하나금융지주,2026-01-13,94300.0,94689.0,92600.0,2.206,0.0,1.05,0.63,True,True,True,추적청산,4,0.558
012630,HDC,2026-01-13,16410.0,16563.06,15870.07,4.184,12.73,0.96,4.7,True,True,True,시간손절,5,0.299
036810,에프에스티,2026-01-13,31200.0,32164.2,30123.38,6.345,0.0,1.06,1.58,True,False,False,미돌파,0,0.0
079940,가비아,2026-01-13,30600.0,31462.8,30179.64,4.078,0.0,0.42,6.99,False,False,False,미돌파,0,0.0
005440,현대지에프홀딩스,2026-01-13,7980.0,8096.16,7847.43,3.072,5.0,0.98,1.6,False,False,True,추적청산,4,1.073
019170,신풍제약,2026-01-13,13090.0,13176.3,12645.89,4.025,11.11,0.56,4.45,True,True,True,손절,2,-1.075
005300,롯데칠성,2026-01-13,125700.0,127454.4,123550.71,3.063,13.33,0.57,1.02,True,False,True,추적청산,2,0.402
00104K,CJ4우(전환),2026-01-13,156100.0,158716.8,153251.79,3.443,13.33,0.65,0.06,True,False,True,시간손절,5,0.221
039490,키움증권,2026-01-13,318000.0,324648.0,309574.11,4.643,12.0,0.96,0.31,False,False,False,미돌파,0,0.0
030520,한컴,2026-01-13,22450.0,22745.4,22155.98,2.591,11.11,1.04,1.97,False,False,True,손절,2,-1.116
388210,씨엠티엑스,2026-01-13,100400.0,101001.6,95322.14,5.623,11.36,0.36,-3.93,True,True,True,추적청산,4,0.341
029780,삼성카드,2026-01-13,52300.0,52905.6,51714.64,2.251,11.11,1.17,3.15,False,False,False,미돌파,0,0.0
356860,티엘비,2026-01-13,28177.0,29953.79,27076.59,9.605,3.69,1.62,3.27,False,False,False,미돌파,0,0.0
031980,피에스케이홀딩스,2026-01-13,51000.0,52404.6,49576.25,5.397,4.35,1.54,3.23,False,False,True,추적청산,9,1.964
067310,하나마이크론,2026-01-13,27500.0,28506.9,26730.0,6.233,0.0,0.87,4.84,False,False,True,손절,5,-1.048
034730,SK,2026-01-13,281000.0,282063.0,274575.0,2.655,9.09,1.09,2.26,False,True,True,추적청산,5,1.084
000070,삼양홀딩스,2026-01-13,56700.0,57114.0,55794.29,2.311,10.0,0.46,2.07,True,False,True,추적청산,5,0.554
0126Z0,삼성에피스홀딩스,2026-01-13,668000.0,687372.0,654566.07,4.773,4.0,0.25,3.19,False,False,False,미돌파,0,0.0
034230,파라다이스,2026-01-13,17010.0,17054.04,16475.89,3.39,13.04,0.76,-6.98,True,True,True,시간손절,5,0.544
140410,메지온,2026-01-13,92100.0,95089.8,89123.57,6.274,8.16,0.37,10.84,True,False,False,미돌파,0,0.0
357780,솔브레인,2026-01-13,278000.0,283566.0,270932.14,4.455,5.0,0.95,0.71,False,False,False,미돌파,0,0.0
001510,SK증권,2026-01-13,1299.0,1309.61,1284.61,1.909,11.11,0.83,4.97,False,False,True,추적청산,6,1.53
093320,케이아이엔엑스,2026-01-13,115900.0,117735.0,113042.5,3.986,10.81,0.85,2.28,False,False,False,미돌파,0,0.0
213420,덕산네오룩스,2026-01-13,36500.0,37124.1,35700.71,3.834,8.7,0.9,2.93,True,False,False,미돌파,0,0.0
003030,세아제강지주,2026-01-13,118000.0,118737.0,114802.5,3.314,0.0,0.87,2.48,False,False,True,추적청산,11,2.667
000120,CJ대한통운,2026-01-13,98100.0,98496.6,95587.86,2.953,9.09,0.85,-4.03,True,True,True,추적청산,3,0.398
005940,NH투자증권,2026-01-13,21300.0,21643.2,21012.68,2.913,10.0,1.22,3.4,True,False,False,미돌파,0,0.0
252990,샘씨엔에스,2026-01-13,6580.0,7003.98,6416.54,8.387,1.92,1.71,7.06,False,False,False,미돌파,0,0.0
023590,다우기술,2026-01-13,38050.0,38777.4,37463.21,3.389,10.0,0.55,6.85,False,False,True,추적청산,5,0.42
475150,SK이터닉스,2026-01-13,20700.0,20791.5,19941.84,4.087,14.29,0.64,1.66,True,True,True,손절,4,-1.073
009450,경동나비엔,2026-01-13,55000.0,55410.6,53840.71,2.833,0.0,0.86,0.9,False,False,True,추적청산,4,0.518
099190,아이센스,2026-01-13,15310.0,15661.26,15158.43,3.211,10.0,0.7,3.71,True,False,False,미돌파,0,0.0
071050,한국금융지주,2026-01-13,171400.0,174648.6,167633.57,4.017,5.26,0.84,1.95,False,False,False,미돌파,0,0.0
050890,쏠리드,2026-01-13,7290.0,7364.7,7066.43,4.05,8.7,0.53,6.42,True,False,False,미돌파,0,0.0
060370,LS마린솔루션,2026-01-13,29000.0,29208.3,28412.14,2.726,8.7,0.2,2.19,False,False,True,손절,4,-1.11
084370,유진테크,2026-01-14,84100.0,85570.8,81507.5,4.748,13.33,0.63,5.4,False,False,False,미돌파,0,0.0
475830,오름테라퓨틱,2026-01-14,119500.0,124147.8,112175.36,9.644,2.94,1.08,11.15,True,False,False,미돌파,0,0.0
277810,레인보우로보틱스,2026-01-14,459000.0,463926.0,447603.57,3.518,4.17,0.66,1.5,False,False,True,추적청산,7,1.52
005290,동진쎄미켐,2026-01-14,40400.0,40831.5,39373.57,3.571,0.0,0.75,1.58,False,False,True,손절,1,-1.084
052020,에스티큐브,2026-01-14,8190.0,8416.8,7868.64,6.513,2.33,0.79,2.5,True,False,True,손절,2,-1.046
005830,DB손해보험,2026-01-14,121900.0,123045.6,120073.93,2.415,9.09,1.07,2.25,True,False,True,추적청산,3,0.318
090430,아모레퍼시픽,2026-01-14,119900.0,120841.2,118171.43,2.209,15.0,1.08,0.66,False,False,False,미돌파,0,0.0
083650,비에이치아이,2026-01-14,55900.0,57314.4,54162.86,5.499,3.85,0.88,-1.45,True,False,True,추적청산,7,1.046
042700,한미반도체,2026-01-14,177800.0,186271.8,173362.5,6.93,0.0,1.28,4.66,False,False,False,미돌파,0,0.0
011070,LG이노텍,2026-01-14,282500.0,297594.0,273614.29,8.058,4.65,1.12,-2.73,True,False,False,미돌파,0,0.0
018290,브이티,2026-01-14,16650.0,16843.62,16300.86,3.222,4.76,1.11,7.71,True,False,False,미돌파,0,0.0
138930,BNK금융지주,2026-01-14,15170.0,15240.42,14943.0,1.952,14.29,0.88,2.38,True,True,True,손절,2,-1.154
060250,NHN KCP,2026-01-14,15080.0,15230.4,14752.68,3.137,2.78,0.83,0.46,False,False,False,미돌파,0,0.0
032830,삼성생명,2026-01-14,161900.0,164227.8,156433.21,4.746,9.09,0.84,0.06,False,False,False,미돌파,0,0.0
056190,SFA,2026-01-14,23150.0,23346.6,22678.39,2.862,0.0,0.98,4.54,True,False,True,추적청산,14,7.731
099190,아이센스,2026-01-14,15320.0,15601.14,15076.82,3.361,9.52,1.18,1.23,True,False,False,미돌파,0,0.0
185750,종근당,2026-01-14,82500.0,83266.2,81887.86,1.655,10.0,1.0,0.6,False,False,False,미돌파,0,0.0
145020,휴젤,2026-01-14,233500.0,240480.0,230505.36,4.148,0.0,1.06,-4.47,True,False,False,미돌파,0,0.0
108490,로보티즈,2026-01-14,250000.0,260019.0,237881.25,8.514,2.56,0.76,1.77,False,False,True,추적청산,5,0.227
271560,오리온,2026-01-14,107300.0,108216.0,105054.46,2.922,11.54,1.13,-2.78,True,False,True,추적청산,8,1.312
014680,한솔케미칼,2026-01-14,240000.0,244488.0,233892.86,4.334,5.88,0.89,4.76,False,False,True,추적청산,8,1.257
018670,SK가스,2026-01-14,225500.0,226953.0,218600.0,3.68,7.14,1.56,0.66,False,True,True,시간손절,5,-0.734
080220,제주반도체,2026-01-14,29050.0,30510.9,28298.43,7.251,8.57,0.56,6.89,False,False,True,손절,1,-1.041
102710,이엔에프테크놀로지,2026-01-14,46400.0,47144.1,45451.79,3.59,12.0,0.53,8.84,False,False,True,손절,1,-1.084
090360,로보스타,2026-01-14,74400.0,75651.0,71099.29,6.017,0.0,0.43,3.0,False,False,True,추적청산,7,1.224
095610,테스,2026-01-14,51800.0,52805.4,50120.89,5.084,10.0,0.5,10.54,False,False,False,미돌파,0,0.0
322000,HD현대에너지솔루션,2026-01-14,57700.0,58617.0,56390.71,3.798,5.88,0.81,-2.85,True,False,False,미돌파,0,0.0
003690,코리안리,2026-01-14,10910.0,10971.9,10683.18,2.631,13.64,1.26,7.54,True,False,True,추적청산,6,0.521
175330,JB금융지주,2026-01-14,24550.0,24749.4,24041.79,2.859,9.09,1.05,1.8,True,False,False,미돌파,0,0.0
039200,오스코텍,2026-01-14,44050.0,45090.0,43350.0,3.859,11.11,0.38,3.4,False,False,False,미돌파,0,0.0
041960,코미팜,2026-01-15,7470.0,7625.22,7276.96,4.567,3.57,1.17,10.54,True,False,False,미돌파,0,0.0
204270,제이앤티씨,2026-01-15,18120.0,18166.26,17379.07,4.333,12.9,0.99,7.93,True,True,True,추적청산,12,3.628
005690,파미셀,2026-01-15,13480.0,13587.12,13132.43,3.346,11.43,0.97,4.26,True,True,False,미돌파,0,0.0
009420,한올바이오파마,2026-01-15,47450.0,48396.6,46302.77,4.326,12.5,0.62,9.79,False,False,True,손절,1,-1.069
068270,셀트리온,2026-01-15,200641.0,202475.14,197124.91,2.642,0.0,0.73,1.17,False,False,True,손절,1,-1.114
402340,SK스퀘어,2026-01-15,429500.0,434868.0,415157.14,4.533,6.45,0.9,0.23,False,False,True,손절,4,-1.066
086450,동국제약,2026-01-15,16580.0,16673.28,16342.11,1.986,4.0,0.92,3.21,True,False,True,손절,4,-1.151
139130,iM금융지주,2026-01-15,14250.0,14468.88,14043.11,2.943,14.71,0.78,4.1,False,False,False,미돌파,0,0.0
290650,엘앤씨바이오,2026-01-15,55400.0,56813.4,54433.93,4.188,11.11,0.42,8.43,True,False,False,미돌파,0,0.0
090430,아모레퍼시픽,2026-01-15,119800.0,120841.2,118674.64,1.793,6.67,1.17,0.17,False,False,True,손절,4,-1.167
226950,올릭스,2026-01-15,136300.0,140079.6,131173.21,6.358,7.04,0.51,13.18,False,False,False,미돌파,0,0.0
003690,코리안리,2026-01-15,10920.0,11132.22,10812.11,2.876,8.0,0.78,4.13,False,False,False,미돌파,0,0.0
322000,HD현대에너지솔루션,2026-01-15,58000.0,58617.0,56310.0,3.936,5.56,0.64,-11.32,True,False,True,손절,2,-1.297
196170,알테오젠,2026-01-15,362027.0,369304.13,354877.39,3.906,13.33,0.56,1.67,False,False,True,손절,1,-1.515
214150,클래시스,2026-01-15,58400.0,58817.4,56750.71,3.514,6.25,0.56,-4.29,True,False,True,추적청산,2,0.415
033790,피노,2026-01-15,5150.0,5200.38,4633.18,10.907,10.0,0.68,0.77,True,True,True,시간손절,5,0.148
445680,큐리옥스바이오시스템즈,2026-01-15,98500.0,99999.6,93096.07,6.904,10.53,0.63,10.86,False,True,True,추적청산,7,1.912
120110,코오롱인더,2026-01-15,45700.0,46292.4,44827.86,3.164,0.0,0.53,-11.06,True,False,True,손절,1,-1.095
011070,LG이노텍,2026-01-15,279500.0,285570.0,274098.21,4.017,0.0,0.82,1.24,True,False,True,손절,3,-1.075
347700,스피어,2026-01-15,17220.0,18577.08,16223.57,12.669,2.73,0.65,4.33,False,False,False,미돌파,0,0.0
079940,가비아,2026-01-15,31000.0,31112.1,30176.43,3.007,0.0,0.36,1.74,False,True,True,추적청산,4,0.4
376900,로킷헬스케어,2026-01-15,66200.0,69037.8,62165.71,9.954,13.79,0.68,7.67,False,False,True,추적청산,3,0.47
086900,메디톡스,2026-01-16,119700.0,121843.2,118440.36,2.793,0.0,0.98,0.25,False,False,False,미돌파,0,0.0
099190,아이센스,2026-01-16,15040.0,15230.4,14555.96,4.428,3.51,1.68,2.65,True,False,False,미돌파,0,0.0
094170,동운아나텍,2026-01-16,27000.0,27404.7,25014.46,8.722,14.63,0.57,10.45,True,True,False,미돌파,0,0.0
000100,유한양행,2026-01-16,107900.0,109919.4,105938.93,3.621,2.94,1.29,4.77,True,False,False,미돌파,0,0.0
237690,에스티팜,2026-01-16,122400.0,126652.8,119193.21,5.89,10.94,1.08,7.13,False,False,False,미돌파,0,0.0
101160,월덱스,2026-01-16,22400.0,22795.5,21923.04,3.827,14.29,1.36,0.22,True,False,False,미돌파,0,0.0
290650,엘앤씨바이오,2026-01-16,55200.0,56412.6,52940.36,6.155,13.79,0.72,11.4,True,False,False,미돌파,0,0.0
068270,셀트리온,2026-01-16,199211.0,203191.57,194680.11,4.189,13.79,0.79,3.69,False,False,False,미돌파,0,0.0
068760,셀트리온제약,2026-01-16,61800.0,62625.0,60572.37,3.278,0.0,0.91,3.13,False,False,False,미돌파,0,0.0
0009K0,에임드바이오,2026-01-16,54900.0,58617.0,52089.64,11.136,3.51,0.41,12.02,False,False,False,미돌파,0,0.0
007310,오뚜기,2026-01-16,384000.0,386772.0,381822.32,1.28,14.29,0.84,-2.13,True,False,False,미돌파,0,0.0
189300,인텔리안테크,2026-01-16,68900.0,69639.0,66651.79,4.29,13.64,0.45,6.26,False,True,True,추적청산,14,5.512
475960,토모큐브,2026-01-16,45450.0,47795.4,43702.14,8.564,5.63,0.73,6.39,True,False,False,미돌파,0,0.0
211050,인카금융서비스,2026-01-16,12090.0,12364.68,11843.25,4.217,11.63,0.85,0.0,True,False,False,미돌파,0,0.0
358570,지아이이노베이션,2026-01-16,14110.0,14348.64,13427.11,6.422,14.86,1.07,11.7,False,False,True,손절,3,-1.047
003380,하림지주,2026-01-16,11100.0,11432.82,10698.54,6.423,13.11,0.78,3.14,True,False,False,미돌파,0,0.0
001450,현대해상,2026-01-16,26800.0,27454.8,26497.86,3.486,0.0,1.13,1.65,False,False,False,미돌파,0,0.0
294870,IPARK현대산업개발,2026-01-16,20550.0,20791.5,20149.29,3.089,10.0,1.09,0.48,True,False,True,손절,3,-1.097
079900,전진건설로봇,2026-01-16,49000.0,49899.6,48119.82,3.567,7.14,0.87,-2.73,True,False,True,손절,3,-1.084
383800,LX홀딩스,2026-01-16,8060.0,8136.24,7981.57,1.901,8.33,1.29,-2.54,True,False,True,추적청산,9,1.389
041960,코미팜,2026-01-16,7500.0,7615.2,7346.86,3.524,0.0,1.11,8.54,True,False,True,손절,2,-1.085
397030,에이프릴바이오,2026-01-16,49250.0,51202.2,45918.21,10.32,11.96,0.75,12.68,False,False,False,미돌파,0,0.0
003540,대신증권,2026-01-16,27250.0,27855.6,26883.21,3.491,6.25,1.34,-5.01,True,False,False,미돌파,0,0.0
069620,대웅제약,2026-01-16,164200.0,166833.0,159460.36,4.419,9.84,0.98,4.87,True,False,False,미돌파,0,0.0
032350,롯데관광개발,2026-01-16,20900.0,21242.4,20240.89,4.715,12.5,0.94,2.34,False,False,False,미돌파,0,0.0
007340,DN오토모티브,2026-01-16,23600.0,24348.6,22908.57,5.914,8.0,1.18,5.6,True,False,False,미돌파,0,0.0
009540,HD한국조선해양,2026-01-16,438500.0,441882.0,424455.36,3.944,3.57,0.77,1.9,True,True,True,손절,4,-1.076
008930,한미사이언스,2026-01-16,36850.0,37374.6,35991.61,3.7,4.55,0.83,4.04,True,False,True,추적청산,4,0.898
089030,테크윙,2026-01-19,48500.0,49148.1,47081.07,4.206,9.68,0.73,-2.75,True,False,False,미돌파,0,0.0
251270,넷마블,2026-01-19,48900.0,49498.8,47794.55,3.443,10.71,1.18,0.41,False,False,True,추적청산,2,0.413
181710,NHN,2026-01-19,30400.0,30811.5,29271.25,4.999,8.0,1.67,8.3,False,False,True,추적청산,10,0.696
011170,롯데케미칼,2026-01-19,73800.0,74849.4,70873.57,5.312,0.0,1.11,-7.27,True,False,True,추적청산,9,1.469
0009K0,에임드바이오,2026-01-19,54000.0,55811.4,52344.29,6.212,7.41,0.19,9.7,False,False,True,손절,2,-1.048
103140,풍산,2026-01-19,123400.0,125751.0,119540.0,4.939,0.0,1.1,0.48,False,False,True,손절,2,-1.061
300720,한일시멘트,2026-01-19,16780.0,17003.94,16532.46,2.773,5.71,1.27,4.5,False,False,True,손절,2,-1.108
033790,피노,2026-01-19,5200.0,5260.5,4910.38,6.656,7.02,0.71,8.77,False,False,True,손절,2,-1.046
032830,삼성생명,2026-01-19,167000.0,168736.8,158299.29,6.186,2.2,1.32,-5.63,True,False,True,추적청산,9,1.422
950160,코오롱티슈진,2026-01-19,75500.0,78757.2,73267.68,6.97,13.04,0.88,-3.57,True,False,True,손절,2,-1.256
237690,에스티팜,2026-01-19,123600.0,125851.2,121201.79,3.694,13.89,0.73,3.13,False,False,True,손절,2,-1.081
010780,아이에스동서,2026-01-19,22450.0,22945.8,22131.25,3.55,8.33,0.56,3.65,False,False,True,손절,2,-1.085
101160,월덱스,2026-01-19,22300.0,22545.0,21770.89,3.434,8.33,1.09,2.19,False,False,False,미돌파,0,0.0
358570,지아이이노베이션,2026-01-19,14290.0,14559.06,13875.89,4.692,1.96,0.57,5.8,False,False,True,손절,2,-1.064
034220,LG디스플레이,2026-01-19,12460.0,12514.98,12039.25,3.801,10.26,1.08,-4.01,True,True,True,손절,2,-1.079
082270,젬백스,2026-01-19,23250.0,23346.6,22286.79,4.539,6.25,0.83,0.64,True,True,True,추적청산,2,0.434
090460,비에이치,2026-01-19,16380.0,16452.84,15915.25,3.267,9.52,0.62,4.21,False,True,True,손절,2,-1.092
144960,뉴파워프라즈마,2026-01-20,5930.0,6072.12,5687.89,6.328,0.0,1.06,1.82,False,False,False,미돌파,0,0.0
103590,일진전기,2026-01-20,62700.0,64128.0,59323.21,7.492,9.52,1.29,-1.29,True,False,False,미돌파,0,0.0
218410,RFHIC,2026-01-20,34800.0,35821.5,32381.25,9.604,11.48,0.78,6.33,False,False,False,미돌파,0,0.0
145020,휴젤,2026-01-20,237500.0,245490.0,232726.79,5.199,4.76,1.12,-1.71,True,False,False,미돌파,0,0.0
037460,삼지전자,2026-01-20,16700.0,17374.68,16245.64,6.498,0.0,1.25,1.18,False,False,False,미돌파,0,0.0
010060,OCI홀딩스,2026-01-20,115200.0,119638.8,109904.29,8.137,10.47,0.84,-3.6,True,False,False,미돌파,0,0.0
059090,미코,2026-01-20,13100.0,13216.38,12547.29,5.063,5.36,0.87,-1.63,True,True,False,미돌파,0,0.0
329180,HD현대중공업,2026-01-20,641000.0,653304.0,624030.36,4.481,4.17,0.73,0.62,False,False,False,미돌파,0,0.0
066970,엘앤에프,2026-01-20,114600.0,120340.2,111391.07,7.437,3.95,1.06,2.3,False,False,False,미돌파,0,0.0
000120,CJ대한통운,2026-01-20,96900.0,98296.2,95700.71,2.64,10.53,0.91,1.22,True,False,True,손절,1,-1.114
348370,엔켐,2026-01-20,63100.0,64528.8,61395.0,4.856,11.54,1.21,5.11,False,False,False,미돌파,0,0.0
077970,STX엔진,2026-01-20,37150.0,37825.5,35813.93,5.318,6.06,0.69,3.76,True,False,True,손절,1,-1.056
082920,비츠로셀,2026-01-20,20000.0,20641.2,19255.68,6.712,12.28,0.74,6.1,True,False,False,미돌파,0,0.0
053800,안랩,2026-01-20,59500.0,60120.0,59071.43,1.744,0.0,0.73,0.83,True,False,False,미돌파,0,0.0
336370,솔루스첨단소재,2026-01-20,7540.0,7715.4,7360.14,4.605,10.0,1.53,-3.71,True,False,False,미돌파,0,0.0
460930,현대힘스,2026-01-20,19320.0,19609.14,18590.36,5.195,3.53,0.7,3.16,True,False,False,미돌파,0,0.0
005690,파미셀,2026-01-20,13130.0,13346.64,12716.39,4.722,1.89,0.94,4.16,True,False,False,미돌파,0,0.0
122640,예스티,2026-01-20,17530.0,18056.04,16865.0,6.596,12.75,1.07,2.5,False,False,True,추적청산,7,0.645
000500,가온전선,2026-01-20,51400.0,57349.47,48718.97,15.049,2.76,3.88,0.75,True,False,False,미돌파,0,0.0
023160,태광,2026-01-20,26850.0,27755.4,25464.29,8.255,12.5,0.87,3.94,False,False,False,미돌파,0,0.0
017960,한국카본,2026-01-20,36300.0,36823.5,34972.32,5.027,10.71,0.5,4.97,False,False,False,미돌파,0,0.0
214450,파마리서치,2026-01-20,424500.0,433866.0,414675.0,4.423,0.0,0.94,1.28,True,False,True,손절,1,-1.259
062040,산일전기,2026-01-21,141800.0,144889.2,137755.36,4.924,5.17,1.11,2.0,True,False,True,손절,4,-1.061
086520,에코프로,2026-01-21,95100.0,97594.8,92569.29,5.149,7.32,0.88,-0.96,True,False,True,추적청산,9,6.869
222800,심텍,2026-01-21,47600.0,48597.0,45135.54,7.123,0.0,0.82,0.83,False,False,True,추적청산,10,1.831
403870,HPSP,2026-01-21,32850.0,33516.9,31873.75,4.902,8.0,0.54,3.67,False,False,True,추적청산,11,3.674
323410,카카오뱅크,2026-01-21,21250.0,21392.7,20976.61,1.945,0.0,1.12,0.7,True,False,True,추적청산,7,2.397
039130,하나투어,2026-01-21,45000.0,45490.8,44399.46,2.399,11.76,1.02,0.99,True,False,True,시간손절,5,0.021
483650,달바글로벌,2026-01-21,140100.0,144187.8,135408.57,6.089,1.32,0.94,2.44,True,False,True,추적청산,9,1.3
010120,LS ELECTRIC,2026-01-21,101200.0,103406.4,98228.93,5.007,4.88,1.1,6.12,True,False,True,손절,4,-1.06
241560,두산밥캣,2026-01-21,59600.0,60621.0,58211.07,3.975,5.26,1.24,1.16,False,False,True,시간손절,5,-0.458
004000,롯데정밀화학,2026-01-21,44250.0,44388.6,43270.8,2.518,5.88,1.13,0.9,False,True,True,추적청산,7,1.795
267260,HD현대일렉트릭,2026-01-21,894000.0,909816.0,874132.14,3.922,11.11,0.74,3.04,False,False,False,미돌파,0,0.0
126340,비나텍,2026-01-21,86100.0,88777.2,81485.89,8.213,14.75,0.85,3.48,True,False,True,추적청산,7,0.849
009830,한화솔루션,2026-01-21,25703.0,26085.07,25219.89,3.317,14.24,1.03,5.87,False,False,True,추적청산,4,0.87
003470,유안타증권,2026-01-21,3855.0,3897.78,3770.88,3.256,15.0,0.83,-0.26,True,False,True,추적청산,9,2.071
356860,티엘비,2026-01-21,25984.0,27087.07,25099.38,7.338,2.88,0.71,4.72,True,False,False,미돌파,0,0.0
006120,SK디스커버리,2026-01-21,61600.0,63226.2,59686.43,5.599,3.33,0.64,1.12,True,False,False,미돌파,0,0.0
119850,지엔씨에너지,2026-01-21,34500.0,36272.4,33366.07,8.013,3.92,1.54,1.29,False,False,False,미돌파,0,0.0
137400,피엔티,2026-01-21,39100.0,39528.9,38040.71,3.765,8.7,1.26,-5.82,True,False,True,추적청산,9,4.846
336260,두산퓨얼셀,2026-01-21,36650.0,38476.8,35225.89,8.449,1.75,1.41,0.68,False,False,True,손절,5,-1.036
000880,한화,2026-01-21,119500.0,121642.8,115133.57,5.351,8.0,0.66,7.0,False,False,False,미돌파,0,0.0
051900,LG생활건강,2026-01-21,269500.0,273546.0,264089.29,3.457,6.25,1.21,-2.47,True,False,True,시간손절,5,0.067
086900,메디톡스,2026-01-21,118000.0,118236.0,114239.29,3.38,3.03,1.56,0.67,True,True,True,추적청산,8,1.883
005440,현대지에프홀딩스,2026-01-21,8420.0,8517.0,8204.68,3.667,8.0,0.76,0.94,True,False,True,추적청산,5,0.823
069960,현대백화점,2026-01-21,94200.0,96993.6,92045.36,5.102,12.2,1.09,1.57,False,False,False,미돌파,0,0.0
192400,쿠쿠홀딩스,2026-01-21,26950.0,27404.7,26485.36,3.355,13.33,1.75,2.0,True,False,False,미돌파,0,0.0
042660,한화오션,2026-01-21,141500.0,144187.8,139007.14,3.593,2.63,0.62,0.35,False,False,False,미돌파,0,0.0
083450,GST,2026-01-21,26050.0,26903.7,25326.61,5.862,7.69,0.4,5.62,False,False,False,미돌파,0,0.0
001800,오리온홀딩스,2026-01-21,20550.0,21192.3,20312.2,4.153,13.33,1.36,-0.98,True,False,False,미돌파,0,0.0
008060,대덕,2026-01-21,9890.0,9999.96,9269.21,7.307,13.64,0.78,-2.06,True,True,True,시간손절,5,0.287
0126Z0,삼성에피스홀딩스,2026-01-21,615000.0,631260.0,590573.21,6.445,2.94,0.71,5.67,True,False,True,시간손절,5,-0.127
095610,테스,2026-01-21,47300.0,48747.3,45760.18,6.128,4.35,0.81,8.69,False,False,True,추적청산,8,3.356
094170,동운아나텍,2026-01-21,26950.0,27454.8,26173.57,4.667,0.0,0.49,1.28,False,False,True,추적청산,5,0.629
290650,엘앤씨바이오,2026-01-21,52500.0,53506.8,50348.93,5.902,3.85,1.11,4.2,True,False,True,추적청산,11,5.594
093320,케이아이엔엑스,2026-01-22,121000.0,122544.6,117452.14,4.156,2.44,0.37,-2.98,True,False,True,추적청산,6,1.562
082270,젬백스,2026-01-22,23300.0,24649.2,22472.86,8.829,5.26,1.07,0.43,True,False,True,추적청산,7,3.717
008060,대덕,2026-01-22,9920.0,10150.26,9812.43,3.328,3.7,0.8,0.7,False,False,False,미돌파,0,0.0
214430,아이쓰리시스템,2026-01-22,87500.0,88877.4,83358.21,6.21,9.09,0.63,5.61,True,False,True,추적청산,8,3.643
226950,올릭스,2026-01-22,118900.0,120841.2,110031.07,8.946,3.41,1.08,12.77,True,False,True,추적청산,6,1.57
005690,파미셀,2026-01-22,13210.0,13456.86,13027.82,3.188,3.12,1.57,2.0,False,False,True,추적청산,6,1.155
012450,한화에어로스페이스,2026-01-22,1289000.0,1315626.0,1259896.43,4.236,6.98,0.8,0.39,False,False,False,미돌파,0,0.0
017940,E1,2026-01-22,81900.0,82865.4,77114.29,6.94,11.54,0.79,0.24,True,False,True,추적청산,4,0.868
475150,SK이터닉스,2026-01-22,19640.0,19869.66,19234.39,3.197,2.08,0.94,5.58,False,False,True,추적청산,7,0.438
039030,이오테크닉스,2026-01-22,299500.0,304608.0,289423.21,4.985,12.5,0.93,0.66,True,False,False,미돌파,0,0.0
475830,오름테라퓨틱,2026-01-22,104900.0,109017.6,99357.5,8.861,2.56,0.99,11.92,False,False,True,추적청산,5,0.734
166090,하나머티리얼즈,2026-01-22,53400.0,54909.6,51219.82,6.72,6.67,1.17,0.19,False,False,True,추적청산,5,1.145
047810,한국항공우주,2026-01-22,165700.0,173947.2,159190.71,8.483,6.25,0.9,0.54,False,False,False,미돌파,0,0.0
100090,SK오션플랜트,2026-01-22,19160.0,19338.6,18667.68,3.469,14.0,0.75,6.31,True,True,True,손절,5,-1.086
383800,LX홀딩스,2026-01-22,8120.0,8346.66,8017.5,3.944,10.34,1.23,-1.12,True,False,False,미돌파,0,0.0
005440,현대지에프홀딩스,2026-01-22,8450.0,8657.28,8316.82,3.933,10.71,0.93,0.24,False,False,True,추적청산,4,0.589
079160,CJ CGV,2026-01-22,6180.0,6342.66,5969.46,5.884,9.09,1.17,-1.15,True,False,False,미돌파,0,0.0
006650,대한유화,2026-01-22,156500.0,161322.0,153012.14,5.151,14.93,0.89,1.7,False,False,True,추적청산,3,0.442
108320,LX세미콘,2026-01-22,50900.0,51302.4,49907.14,2.72,9.09,1.43,0.97,False,False,False,미돌파,0,0.0
059090,미코,2026-01-22,12680.0,12825.6,12318.68,3.952,15.0,1.05,3.79,True,True,True,추적청산,10,4.551
298380,에이비엘바이오,2026-01-22,179600.0,183766.8,170162.14,7.403,8.04,1.07,6.75,True,False,True,추적청산,6,1.552
358570,지아이이노베이션,2026-01-22,13400.0,13597.14,12765.04,6.12,0.0,0.77,3.04,True,False,True,추적청산,6,1.889
010060,OCI홀딩스,2026-01-22,115300.0,117434.4,110238.57,6.128,0.0,0.8,3.11,True,False,True,추적청산,3,0.451
181710,NHN,2026-01-22,29800.0,30310.5,29226.61,3.576,6.25,0.67,6.29,False,False,True,추적청산,7,1.011
144960,뉴파워프라즈마,2026-01-22,5920.0,6022.02,5780.36,4.013,5.26,0.79,1.82,False,False,False,미돌파,0,0.0
083450,GST,2026-01-23,26000.0,26202.3,25204.46,3.808,13.33,0.49,5.8,True,False,True,추적청산,5,1.548
108490,로보티즈,2026-01-23,248500.0,262524.0,238235.71,9.252,14.29,0.89,3.5,False,False,True,추적청산,7,1.713
462870,시프트업,2026-01-23,34150.0,34619.1,33417.32,3.471,5.26,0.91,0.15,False,False,True,추적청산,5,1.009
166090,하나머티리얼즈,2026-01-23,54300.0,57815.4,52097.86,9.889,2.0,1.11,0.91,False,False,True,추적청산,4,0.661
489790,한화비전,2026-01-23,54100.0,55310.4,52118.93,5.77,11.54,0.68,0.73,False,False,False,미돌파,0,0.0
0126Z0,삼성에피스홀딩스,2026-01-23,638000.0,647292.0,619012.5,4.369,13.64,0.43,2.0,False,False,True,손절,2,-1.069
294870,IPARK현대산업개발,2026-01-23,20450.0,21092.1,20170.07,4.371,6.25,1.63,0.49,False,False,False,미돌파,0,0.0
319660,피에스케이,2026-01-23,39750.0,40029.9,38416.25,4.031,12.5,0.88,4.56,False,True,True,추적청산,9,4.94
161580,필옵틱스,2026-01-23,46000.0,46092.0,44090.36,4.343,0.0,1.44,-3.37,True,True,True,추적청산,9,2.132
003490,대한항공,2026-01-23,24100.0,24248.4,23701.96,2.253,12.5,0.81,0.82,False,True,True,손절,1,-1.133
064350,현대로템,2026-01-23,207500.0,210921.0,200837.14,4.781,12.5,0.82,3.49,False,False,True,추적청산,5,0.437
097230,HJ중공업,2026-01-23,23750.0,24899.7,23249.82,6.626,11.11,0.61,11.38,False,False,True,손절,1,-1.045
095340,ISC,2026-01-23,104300.0,105210.0,100209.29,4.753,5.0,1.4,0.95,False,False,True,추적청산,9,3.845
475150,SK이터닉스,2026-01-23,19990.0,20340.6,19576.43,3.757,8.2,0.87,0.79,False,False,True,추적청산,6,0.165
080220,제주반도체,2026-01-23,29950.0,30861.6,28955.54,6.176,6.67,0.28,2.92,True,False,False,미돌파,0,0.0
322000,HD현대에너지솔루션,2026-01-23,56000.0,59719.2,54462.86,8.802,8.51,1.98,1.58,False,False,False,미돌파,0,0.0
281820,케이씨텍,2026-01-23,38750.0,39078.0,37501.61,4.034,0.0,0.62,3.85,False,False,True,추적청산,9,2.875
039030,이오테크닉스,2026-01-23,299500.0,302103.0,289680.36,4.112,5.26,0.82,0.17,False,False,True,추적청산,10,3.562
036930,주성엔지니어링,2026-01-23,31650.0,31813.5,30649.29,3.659,5.88,0.51,0.94,True,True,True,추적청산,10,5.738
267260,HD현대일렉트릭,2026-01-23,884000.0,903804.0,864807.14,4.315,12.9,0.94,2.43,False,False,False,미돌파,0,0.0
020560,아시아나항공,2026-01-23,7720.0,7765.5,7622.73,1.838,0.0,0.82,1.28,False,False,True,추적청산,3,0.337
053610,프로텍,2026-01-23,37300.0,37925.7,35448.75,6.531,13.95,1.57,-5.52,True,True,True,추적청산,9,3.033
069260,TKG휴켐스,2026-01-23,18570.0,18827.58,18411.5,2.21,12.5,0.88,-0.65,True,False,True,추적청산,6,1.016
048410,현대바이오,2026-01-23,5870.0,6012.0,5691.52,5.331,11.54,1.32,0.34,False,False,True,추적청산,8,6.744
443060,HD현대마린솔루션,2026-01-23,186600.0,191782.8,184296.43,3.904,8.33,0.46,1.58,False,False,False,미돌파,0,0.0
089970,브이엠,2026-01-23,24650.0,24799.5,23457.5,5.411,15.0,1.09,7.68,True,True,True,추적청산,6,1.581
456040,OCI,2026-01-23,71600.0,73446.6,70234.29,4.374,0.0,0.55,1.65,False,False,False,미돌파,0,0.0
267270,HD건설기계,2026-01-23,118900.0,124849.2,115520.36,7.472,0.0,1.32,0.67,False,False,False,미돌파,0,0.0
011070,LG이노텍,2026-01-26,276000.0,279057.0,267958.93,3.977,11.76,1.0,3.33,False,False,False,미돌파,0,0.0
181710,NHN,2026-01-26,32000.0,32514.9,30892.14,4.991,14.81,1.3,-5.26,True,False,True,시간손절,5,-0.994
010170,대한광통신,2026-01-26,3005.0,3076.14,2807.53,8.732,4.55,0.46,1.31,True,False,False,미돌파,0,0.0
041960,코미팜,2026-01-26,7350.0,7484.94,7200.61,3.799,13.64,0.8,2.39,False,False,True,손절,2,-1.079
005300,롯데칠성,2026-01-26,130500.0,134067.6,129054.64,3.739,14.29,0.73,-1.87,True,False,False,미돌파,0,0.0
020560,아시아나항공,2026-01-26,7750.0,7825.62,7672.3,1.959,0.0,0.84,-0.13,True,False,True,손절,3,-1.153
008060,대덕,2026-01-26,10000.0,10040.04,9838.0,2.012,14.29,0.87,0.3,False,True,True,추적청산,8,1.737
009150,삼성전기,2026-01-26,275000.0,276552.0,266512.5,3.63,13.33,1.08,5.82,False,True,True,손절,1,-1.083
319400,현대무벡스,2026-01-26,31550.0,36222.3,27458.93,24.193,4.05,1.74,9.73,True,False,False,미돌파,0,0.0
007660,이수페타시스,2026-01-26,118800.0,119839.2,114537.86,4.424,9.76,0.96,-2.59,True,False,True,추적청산,3,0.432
090710,휴림로봇,2026-01-26,14820.0,17034.0,10457.0,38.611,13.79,3.83,10.99,True,False,False,미돌파,0,0.0
486990,노타,2026-01-26,42750.0,43486.8,40742.59,6.31,2.22,0.14,9.04,False,False,True,추적청산,2,0.452
298040,효성중공업,2026-01-26,2344000.0,2433858.0,2291071.43,5.867,10.17,1.01,0.68,False,False,False,미돌파,0,0.0
439260,대한조선,2026-01-26,70000.0,70941.6,68429.64,3.541,10.53,0.9,-2.34,True,False,True,추적청산,2,0.415
285130,SK케미칼,2026-01-27,68200.0,68637.0,66550.71,3.04,12.5,0.95,-1.34,True,False,True,손절,2,-1.099
161390,한국타이어앤테크놀로지,2026-01-27,65100.0,65330.4,62381.07,4.514,4.17,1.08,0.61,False,True,True,손절,4,-1.066
039130,하나투어,2026-01-27,45350.0,45991.8,45133.21,1.867,7.69,0.99,0.22,False,False,False,미돌파,0,0.0
008930,한미사이언스,2026-01-27,39850.0,41031.9,38212.86,6.87,14.29,1.44,1.36,True,False,True,추적청산,4,0.456
090360,로보스타,2026-01-27,85100.0,88576.8,83036.07,6.255,4.65,0.45,3.95,False,False,True,추적청산,4,0.165
073240,금호타이어,2026-01-27,5990.0,6042.06,5888.39,2.543,9.09,0.88,1.96,False,False,True,손절,2,-1.118
443060,HD현대마린솔루션,2026-01-27,186800.0,187975.2,182182.14,3.082,2.27,0.43,2.2,False,False,True,손절,2,-1.097
003490,대한항공,2026-01-27,23900.0,24148.2,23597.68,2.28,12.5,0.72,2.25,False,False,False,미돌파,0,0.0
010140,삼성중공업,2026-01-27,30300.0,30711.3,29338.39,4.47,4.55,0.73,1.78,False,False,False,미돌파,0,0.0
108320,LX세미콘,2026-01-27,52200.0,52705.2,51118.93,3.01,7.69,1.5,-0.38,True,False,True,추적청산,4,0.493
456160,지투지바이오,2026-01-27,80200.0,83266.2,77330.0,7.129,6.52,0.55,3.84,False,False,True,손절,4,-1.485
035250,강원랜드,2026-01-27,17550.0,17695.32,17464.43,1.305,6.25,1.25,2.17,True,False,False,미돌파,0,0.0
021240,코웨이,2026-01-27,75900.0,76953.6,74725.0,2.896,11.76,0.87,1.68,True,False,True,추적청산,8,1.641
001430,세아베스틸지주,2026-01-27,68100.0,70140.0,66307.14,5.465,10.34,0.58,7.47,False,False,True,추적청산,3,0.445
00104K,CJ4우(전환),2026-01-27,160900.0,163125.6,157410.36,3.504,10.87,0.66,-0.31,True,False,True,추적청산,2,0.414
009150,삼성전기,2026-01-27,277000.0,277554.0,264017.86,4.877,13.64,1.04,1.77,False,True,True,추적청산,7,0.972
026960,동서,2026-01-27,26300.0,26553.0,25848.75,2.652,0.0,0.99,-1.15,True,False,True,손절,2,-1.113
023160,태광,2026-01-27,26750.0,27404.7,25439.11,7.172,9.09,1.17,0.37,False,False,True,시간손절,5,-0.502
004370,농심,2026-01-27,408000.0,411321.0,404901.79,1.561,11.11,0.9,1.81,False,False,True,손절,2,-1.192
310210,보로노이,2026-01-27,214000.0,221943.0,205949.29,7.206,0.0,0.94,-10.88,True,False,True,추적청산,4,0.163
075580,세진중공업,2026-01-27,19680.0,20040.0,19000.07,5.189,9.3,0.95,1.85,True,False,False,미돌파,0,0.0
181710,NHN,2026-01-27,32000.0,32715.3,31418.39,3.964,9.52,0.92,-4.92,True,False,True,손절,1,-1.076
005180,빙그레,2026-01-27,75100.0,75450.6,74048.21,1.859,10.0,0.91,2.21,False,False,True,손절,4,-1.161
000240,한국앤컴퍼니,2026-01-27,26200.0,26352.6,25327.77,3.889,0.0,0.9,2.06,False,True,True,추적청산,4,0.423
003620,KG모빌리티,2026-01-27,3595.0,3977.94,3415.73,14.133,8.49,6.72,0.14,False,False,True,추적청산,2,0.479
010780,아이에스동서,2026-01-27,22700.0,22945.8,21523.21,6.2,12.5,1.31,1.09,True,False,True,추적청산,5,0.4
249420,일동제약,2026-01-27,39000.0,40380.6,37909.82,6.119,9.76,0.57,1.89,False,False,True,손절,3,-1.049
000080,하이트진로,2026-01-27,18010.0,18116.16,17891.27,1.241,6.67,0.8,0.11,True,False,False,미돌파,0,0.0
249420,일동제약,2026-01-28,39900.0,41031.9,39124.29,4.649,10.0,0.99,-7.84,True,False,False,미돌파,0,0.0
030530,원익홀딩스,2026-01-28,41150.0,42033.9,40081.07,4.646,6.9,0.44,0.84,False,False,True,추적청산,3,0.248
089970,브이엠,2026-01-28,29350.0,29408.7,27526.25,6.401,12.9,1.8,-15.1,True,True,True,추적청산,3,0.265
454910,두산로보틱스,2026-01-28,120400.0,124949.4,117435.54,6.014,6.78,0.57,0.33,False,False,False,미돌파,0,0.0
033790,피노,2026-01-28,5430.0,5601.18,5241.39,6.423,10.34,1.16,-12.66,True,False,True,손절,3,-1.047
032350,롯데관광개발,2026-01-28,21900.0,22545.0,21175.89,6.073,4.35,0.78,4.58,False,False,True,추적청산,10,1.585
445680,큐리옥스바이오시스템즈,2026-01-28,119800.0,122644.8,114959.29,6.266,1.61,0.88,3.15,False,False,True,추적청산,7,0.352
019170,신풍제약,2026-01-28,13240.0,13637.22,13080.11,4.085,14.89,1.76,-8.79,True,False,False,미돌파,0,0.0
010140,삼성중공업,2026-01-28,30200.0,30510.9,29494.29,3.332,6.67,0.68,1.15,False,False,False,미돌파,0,0.0
030190,NICE평가정보,2026-01-28,17010.0,17234.4,16214.5,5.918,1.11,1.01,-3.72,True,False,True,손절,4,-1.051
001510,SK증권,2026-01-28,1377.0,1411.82,1344.45,4.772,14.29,1.88,0.29,True,False,True,추적청산,7,2.732
073240,금호타이어,2026-01-28,6030.0,6112.2,5928.82,3.0,7.14,0.74,2.43,False,False,False,미돌파,0,0.0
009150,삼성전기,2026-01-28,280000.0,284568.0,274205.36,3.642,0.0,1.02,0.0,True,False,False,미돌파,0,0.0
415640,KB발해인프라,2026-01-28,10000.0,10120.2,9922.61,1.952,0.0,1.25,-0.81,True,False,False,미돌파,0,0.0
111770,영원무역,2026-01-28,83200.0,85470.6,80652.5,5.637,14.63,0.85,1.89,False,False,True,추적청산,3,0.447
000270,기아,2026-01-29,154900.0,156813.0,148140.54,5.53,13.24,1.05,5.89,False,False,False,미돌파,0,0.0
181710,NHN,2026-01-29,32300.0,32965.8,31523.75,4.374,4.17,1.02,-8.39,True,False,False,미돌파,0,0.0
079160,CJ CGV,2026-01-29,6080.0,6162.3,5909.68,4.099,9.52,1.43,1.62,False,False,False,미돌파,0,0.0
009540,HD한국조선해양,2026-01-29,421000.0,422844.0,407594.64,3.606,8.33,1.1,0.82,False,True,True,손절,2,-1.083
004370,농심,2026-01-29,409500.0,411321.0,401966.07,2.274,13.33,1.31,0.12,False,True,False,미돌파,0,0.0
009150,삼성전기,2026-01-29,279500.0,281562.0,271748.21,3.485,6.67,0.91,1.24,False,True,True,추적청산,5,0.946
079550,LIG디펜스앤에어로스페이스,2026-01-29,525000.0,531060.0,502185.71,5.437,4.17,0.63,0.76,False,False,True,손절,1,-1.055
460930,현대힘스,2026-01-29,18170.0,18246.42,17733.82,2.809,5.41,0.66,1.3,False,True,True,손절,2,-1.368
161390,한국타이어앤테크놀로지,2026-01-29,65000.0,65430.6,62574.64,4.365,4.35,1.09,2.69,False,True,False,미돌파,0,0.0
000640,동아쏘시오홀딩스,2026-01-29,106348.0,107533.64,102036.36,5.112,8.01,1.11,-4.49,True,False,False,미돌파,0,0.0
204320,HL만도,2026-01-29,65700.0,67134.0,63209.29,5.846,13.33,0.59,3.24,True,False,False,미돌파,0,0.0
322000,HD현대에너지솔루션,2026-01-29,54500.0,55210.2,52600.36,4.727,0.0,1.08,0.37,False,False,False,미돌파,0,0.0
042660,한화오션,2026-01-29,141900.0,142785.0,137732.86,3.538,2.7,0.62,-3.05,True,False,False,미돌파,0,0.0
003490,대한항공,2026-01-29,23700.0,23847.6,23046.61,3.359,7.69,0.97,1.66,True,False,False,미돌파,0,0.0
0009K0,에임드바이오,2026-01-29,58000.0,59619.0,56356.79,5.472,3.85,0.89,-13.73,True,False,False,미돌파,0,0.0
005850,에스엘,2026-01-29,58200.0,59518.8,54990.0,7.609,8.33,0.74,5.83,False,False,False,미돌파,0,0.0
030530,원익홀딩스,2026-01-29,43100.0,44889.6,41220.36,8.174,6.35,1.34,-7.62,True,False,False,미돌파,0,0.0
267250,HD현대,2026-01-30,234000.0,240981.0,229437.5,4.79,5.56,0.79,6.21,True,False,False,미돌파,0,0.0
009450,경동나비엔,2026-01-30,57800.0,58717.2,56640.71,3.536,0.0,1.12,-1.23,True,False,False,미돌파,0,0.0
181710,NHN,2026-01-30,32300.0,32665.2,31626.96,3.178,0.0,0.83,-3.19,True,False,False,미돌파,0,0.0
008770,호텔신라,2026-01-30,46200.0,46693.2,45550.54,2.447,0.0,2.09,0.22,True,False,True,추적청산,2,0.377
007310,오뚜기,2026-01-30,386000.0,389778.0,381675.0,2.079,0.0,1.12,1.28,True,False,False,미돌파,0,0.0
375500,DL이앤씨,2026-01-30,44400.0,44889.6,42354.29,5.648,4.65,1.34,1.55,True,True,True,시간손절,5,0.01
011780,금호석유화학,2026-01-30,144100.0,146191.8,139437.86,4.62,0.0,0.93,2.11,False,False,True,손절,1,-1.065
443060,HD현대마린솔루션,2026-01-30,183400.0,185871.0,180586.07,2.843,5.0,0.5,1.71,True,False,False,미돌파,0,0.0
475960,토모큐브,2026-01-30,45700.0,47845.5,43651.43,8.766,2.7,1.53,0.22,False,False,True,추적청산,5,0.437
006120,SK디스커버리,2026-01-30,57900.0,58617.0,56116.43,4.266,5.0,2.14,7.8,True,False,False,미돌파,0,0.0
003550,LG,2026-01-30,91700.0,93085.8,89456.79,3.899,0.0,1.59,1.71,False,False,False,미돌파,0,0.0
001800,오리온홀딩스,2026-01-30,20900.0,21342.6,20555.66,3.687,0.0,1.09,0.71,False,False,False,미돌파,0,0.0
001430,세아베스틸지주,2026-01-30,72800.0,74649.0,68820.0,7.809,12.24,0.76,2.93,False,False,False,미돌파,0,0.0
006650,대한유화,2026-01-30,156300.0,159318.0,151572.86,4.861,5.0,0.79,2.43,False,False,False,미돌파,0,0.0
192400,쿠쿠홀딩스,2026-01-30,27150.0,27705.3,26386.96,4.758,4.35,1.24,0.91,False,False,False,미돌파,0,0.0
093320,케이아이엔엑스,2026-02-02,131000.0,137123.7,126087.68,8.048,10.15,1.34,0.38,False,False,False,미돌파,0,0.0
298380,에이비엘바이오,2026-02-02,198300.0,205911.0,191377.86,7.058,6.36,0.92,17.72,False,False,True,손절,2,-1.043
376900,로킷헬스케어,2026-02-02,60200.0,63526.8,57984.64,8.724,8.7,0.68,15.45,True,False,False,미돌파,0,0.0
035420,NAVER,2026-02-02,268000.0,279057.0,263050.0,5.736,14.81,0.87,1.65,False,False,False,미돌파,0,0.0
022100,포스코DX,2026-02-02,37500.0,39428.7,36395.36,7.693,6.12,0.29,6.48,True,False,False,미돌파,0,0.0
356860,티엘비,2026-02-02,27987.0,29857.6,27083.5,9.291,0.0,1.19,0.51,True,False,True,손절,3,-1.032
213420,덕산네오룩스,2026-02-02,37350.0,38777.4,36767.5,5.183,8.82,1.14,1.45,True,False,True,손절,4,-1.058
047050,포스코인터내셔널,2026-02-02,61100.0,63727.2,59483.57,6.659,11.11,0.69,3.93,False,False,True,추적청산,4,0.546
257720,실리콘투,2026-02-02,52000.0,54108.0,50127.23,7.357,5.88,0.74,0.95,False,False,False,미돌파,0,0.0
204320,HL만도,2026-02-02,61400.0,64328.4,59543.57,7.438,10.26,0.28,4.81,False,False,False,미돌파,0,0.0
000150,두산,2026-02-02,832000.0,868734.0,793028.57,8.714,4.55,0.9,6.52,False,False,True,손절,4,-1.034
015750,성우하이텍,2026-02-02,7700.0,8206.38,7463.07,9.058,7.69,0.71,1.41,False,False,False,미돌파,0,0.0
015760,한국전력,2026-02-02,57300.0,59418.6,55561.07,6.492,0.0,0.59,5.13,False,False,True,추적청산,4,0.542
278470,에이피알,2026-02-02,274000.0,284568.0,268284.82,5.722,3.7,1.23,1.44,False,False,False,미돌파,0,0.0
003670,포스코퓨처엠,2026-02-02,217500.0,232965.0,212454.64,8.804,5.56,1.12,4.81,False,False,False,미돌파,0,0.0
036460,한국가스공사,2026-02-02,39400.0,40029.9,38643.04,3.465,8.7,0.96,1.99,False,False,True,추적청산,4,0.43
415640,KB발해인프라,2026-02-02,10010.0,10180.32,9924.96,2.508,0.0,0.75,-0.2,True,False,False,미돌파,0,0.0
161390,한국타이어앤테크놀로지,2026-02-03,63400.0,64629.0,61243.57,5.238,14.29,1.03,2.61,True,False,True,추적청산,3,0.443
415640,KB발해인프라,2026-02-03,10030.0,10110.18,9897.21,2.106,12.5,0.87,-0.3,True,False,False,미돌파,0,0.0
399720,가온칩스,2026-02-03,68900.0,70841.4,65823.93,7.083,11.9,0.54,1.15,False,False,False,미돌파,0,0.0
000670,영풍,2026-02-03,59200.0,60721.2,57128.93,5.916,0.0,0.64,0.17,False,False,True,손절,3,-1.727
068270,셀트리온,2026-02-03,197782.0,199132.47,193533.52,2.812,0.0,0.58,1.89,False,False,True,추적청산,3,0.393
251270,넷마블,2026-02-03,51700.0,52404.6,50523.04,3.59,13.33,0.84,2.45,True,False,True,추적청산,8,1.664
484870,엠앤씨솔루션,2026-02-03,44833.0,45556.93,43625.36,4.24,6.82,0.76,4.74,True,False,True,손절,2,-1.071
008770,호텔신라,2026-02-03,46950.0,47094.0,45832.86,2.678,0.0,1.06,-3.07,True,True,True,손절,1,-1.112
460860,동국제강,2026-02-03,8380.0,8406.78,8185.11,2.637,12.5,0.97,-3.84,True,True,True,손절,3,-1.114
051900,LG생활건강,2026-02-03,257500.0,260520.0,253583.93,2.662,9.09,1.32,6.87,True,False,True,추적청산,3,0.387
060370,LS마린솔루션,2026-02-03,30350.0,30611.1,29282.5,4.34,0.0,0.94,-1.0,True,False,True,손절,2,-1.069
185750,종근당,2026-02-03,85200.0,85771.2,83456.07,2.699,11.11,0.86,1.73,True,False,True,추적청산,3,0.389
204320,HL만도,2026-02-03,62900.0,63126.0,59277.86,6.096,6.67,0.47,2.63,False,True,True,손절,3,-1.147
0126Z0,삼성에피스홀딩스,2026-02-03,598000.0,605208.0,578425.0,4.425,14.29,0.46,2.29,True,False,True,손절,3,-1.793
032640,LG유플러스,2026-02-03,16060.0,16382.7,15836.29,3.335,11.36,0.82,1.59,False,False,False,미돌파,0,0.0
307950,현대오토에버,2026-02-03,442000.0,446892.0,414583.93,7.23,13.46,0.29,0.23,False,False,True,손절,2,-1.041
226950,올릭스,2026-02-03,137700.0,141582.6,129387.32,8.614,9.8,0.58,8.14,False,False,True,손절,3,-1.739
047810,한국항공우주,2026-02-03,163700.0,169137.6,158670.71,6.188,2.3,0.94,0.18,True,False,True,손절,3,-1.361
192820,코스맥스,2026-02-03,194900.0,195289.8,186302.14,4.602,12.16,0.75,-2.9,True,True,True,손절,3,-1.065
298040,효성중공업,2026-02-03,2367000.0,2437866.0,2273305.36,6.75,4.51,1.25,0.84,False,False,False,미돌파,0,0.0
388720,유일로보틱스,2026-02-03,132900.0,139478.4,129136.79,7.414,5.06,0.4,7.64,False,False,True,손절,2,-1.054
373220,LG에너지솔루션,2026-02-03,391000.0,392283.0,378676.79,3.468,0.0,0.59,4.28,False,True,True,추적청산,3,0.091
114090,GKL,2026-02-03,12910.0,12985.92,12640.18,2.662,11.11,1.14,-1.1,True,False,True,추적청산,3,0.387
011070,LG이노텍,2026-02-03,244500.0,246993.0,238850.0,3.297,8.33,0.82,5.05,False,False,True,손절,2,-1.091
079160,CJ CGV,2026-02-03,5980.0,6092.16,5871.18,3.627,5.56,0.75,1.64,False,False,True,손절,1,-1.083
122870,와이지엔터테인먼트,2026-02-03,71900.0,72544.8,69657.86,3.98,4.55,0.68,-2.13,True,False,True,손절,3,-1.476
033500,동성화인텍,2026-02-03,27500.0,28156.2,26773.75,4.91,13.04,0.68,1.43,False,False,True,추적청산,3,0.419
000640,동아쏘시오홀딩스,2026-02-03,104891.0,105976.53,102492.21,3.288,3.44,0.59,1.64,True,False,False,미돌파,0,0.0
000240,한국앤컴퍼니,2026-02-03,26600.0,26653.2,25767.05,3.325,0.0,0.99,-1.53,True,True,True,추적청산,3,0.41
018670,SK가스,2026-02-03,226000.0,227454.0,221353.57,2.682,11.11,0.85,0.88,False,True,True,손절,3,-1.112
000810,삼성화재,2026-02-03,491500.0,498996.0,483498.21,3.106,12.5,0.97,2.09,True,False,True,추적청산,3,0.403
006120,SK디스커버리,2026-02-03,55100.0,55711.2,53796.07,3.438,14.29,1.92,10.11,True,False,True,손절,3,-1.087
030530,원익홀딩스,2026-02-04,41500.0,43086.0,40387.23,6.264,9.09,0.39,-0.85,True,False,False,미돌파,0,0.0
484870,엠앤씨솔루션,2026-02-04,44800.0,46092.0,43706.36,5.176,1.71,0.84,5.08,True,False,False,미돌파,0,0.0
023590,다우기술,2026-02-04,49300.0,51202.2,47871.07,6.506,14.55,0.74,4.09,False,False,False,미돌파,0,0.0
460930,현대힘스,2026-02-04,17560.0,17735.4,17250.04,2.737,2.86,0.38,3.62,False,False,False,미돌파,0,0.0
035760,CJ ENM,2026-02-04,69000.0,70440.6,67689.64,3.905,4.55,0.72,3.09,False,False,True,손절,1,-1.077
181710,NHN,2026-02-04,31850.0,32715.3,31316.25,4.276,0.0,0.97,0.31,True,False,False,미돌파,0,0.0
067310,하나마이크론,2026-02-04,36050.0,37524.9,35176.61,6.258,2.63,0.59,0.55,False,False,False,미돌파,0,0.0
036810,에프에스티,2026-02-04,43500.0,45140.1,42155.36,6.612,4.35,0.41,12.21,False,False,False,미돌파,0,0.0
068760,셀트리온제약,2026-02-04,70000.0,72745.2,68875.0,5.32,0.0,0.78,5.41,False,False,True,손절,2,-1.257
251270,넷마블,2026-02-04,51600.0,52705.2,50821.96,3.573,6.67,0.75,2.27,True,False,False,미돌파,0,0.0
082920,비츠로셀,2026-02-04,20650.0,21242.4,20291.96,4.474,0.0,1.1,3.28,True,False,False,미돌파,0,0.0
204320,HL만도,2026-02-04,63300.0,64629.0,61187.5,5.325,3.85,0.27,1.56,False,False,False,미돌파,0,0.0
192820,코스맥스,2026-02-04,191900.0,198897.0,189065.71,4.943,7.32,0.61,1.59,False,False,True,손절,2,-1.061
042660,한화오션,2026-02-04,144000.0,145089.6,139783.93,3.657,0.0,0.93,-0.42,True,False,False,미돌파,0,0.0
003570,SNT다이내믹스,2026-02-04,52000.0,52304.4,50118.57,4.179,11.76,0.57,1.7,False,True,False,미돌파,0,0.0
328130,루닛,2026-02-04,18937.0,19396.72,18328.08,5.509,5.73,0.65,13.86,False,False,True,시간손절,5,-0.024
207940,삼성바이오로직스,2026-02-04,1759000.0,1781556.0,1738217.86,2.433,12.12,0.75,1.79,False,False,True,손절,1,-1.123
388720,유일로보틱스,2026-02-04,132300.0,142083.6,128185.36,9.782,13.16,0.31,9.2,False,False,False,미돌파,0,0.0
121600,나노신소재,2026-02-04,70700.0,72745.2,67904.64,6.654,12.5,0.85,1.53,False,False,False,미돌파,0,0.0
225570,넥슨게임즈,2026-02-05,12490.0,12755.46,12355.43,3.136,10.0,0.73,7.41,False,False,True,손절,1,-1.096
051600,한전KPS,2026-02-05,57300.0,58817.4,56291.79,4.294,0.0,0.61,2.05,False,False,False,미돌파,0,0.0
248070,솔루엠,2026-02-05,16140.0,16182.3,15744.89,2.703,3.03,0.79,0.68,False,True,False,미돌파,0,0.0
006650,대한유화,2026-02-05,149000.0,156412.2,144795.36,7.427,3.03,0.82,6.41,False,False,False,미돌파,0,0.0
399720,가온칩스,2026-02-05,65900.0,68837.4,64412.14,6.429,13.89,0.58,10.58,True,False,False,미돌파,0,0.0
131970,두산테스나,2026-02-05,62000.0,65430.6,59836.79,8.549,2.08,0.66,9.36,False,False,False,미돌파,0,0.0
000880,한화,2026-02-05,118500.0,124849.2,116042.5,7.054,6.67,0.46,0.42,True,False,False,미돌파,0,0.0
046890,서울반도체,2026-02-05,7170.0,7334.64,7057.88,3.773,9.52,0.57,7.96,False,False,False,미돌파,0,0.0
039200,오스코텍,2026-02-05,50400.0,52003.8,49137.32,5.512,4.44,0.68,9.35,False,False,True,손절,2,-1.054
006400,삼성SDI,2026-02-05,385500.0,400299.0,375735.71,6.136,12.82,0.73,0.64,False,False,False,미돌파,0,0.0
017960,한국카본,2026-02-05,34250.0,35621.1,33596.61,5.683,8.82,0.62,0.29,False,False,False,미돌파,0,0.0
102710,이엔에프테크놀로지,2026-02-05,54100.0,55510.8,52702.32,5.059,13.64,0.76,3.22,False,False,True,손절,1,-1.416
012330,현대모비스,2026-02-05,433500.0,447894.0,422049.11,5.77,14.29,0.49,5.14,False,False,False,미돌파,0,0.0
298040,효성중공업,2026-02-05,2334000.0,2394780.0,2255341.07,5.823,1.82,0.77,8.33,True,False,False,미돌파,0,0.0
025540,한국단자,2026-02-05,74900.0,75751.2,73044.11,3.574,4.76,0.57,0.66,True,False,False,미돌파,0,0.0
093320,케이아이엔엑스,2026-02-05,134600.0,139678.8,131498.21,5.857,5.8,1.08,4.27,False,False,False,미돌파,0,0.0
071050,한국금융지주,2026-02-05,211500.0,218937.0,206224.64,5.806,14.29,0.67,4.51,False,False,False,미돌파,0,0.0
181710,NHN,2026-02-05,31700.0,32364.6,31120.54,3.844,15.0,0.87,1.86,True,False,False,미돌파,0,0.0
415640,KB발해인프라,2026-02-05,10000.0,10070.1,9868.5,2.002,6.67,0.93,-0.81,True,False,False,미돌파,0,0.0
357780,솔브레인,2026-02-05,411000.0,423345.0,394369.64,6.844,8.89,0.91,8.67,False,False,False,미돌파,0,0.0
036830,솔브레인홀딩스,2026-02-05,51100.0,54007.8,49570.54,8.216,13.51,0.62,8.59,False,False,False,미돌파,0,0.0
000270,기아,2026-02-05,156200.0,161572.5,153441.43,5.032,7.75,0.67,-0.84,True,False,False,미돌파,0,0.0
005250,녹십자홀딩스,2026-02-05,15230.0,15591.12,15098.43,3.16,10.26,1.19,3.79,True,False,False,미돌파,0,0.0
062040,산일전기,2026-02-06,142500.0,143887.2,135220.0,6.024,4.29,0.82,3.39,True,False,True,추적청산,4,0.941
192820,코스맥스,2026-02-06,198200.0,205911.0,184610.36,10.345,9.23,1.12,2.12,False,False,True,시간손절,5,-0.166
376900,로킷헬스케어,2026-02-06,52300.0,54007.8,50103.57,7.229,6.45,0.83,13.7,True,False,True,추적청산,6,1.29
033500,동성화인텍,2026-02-06,28200.0,28907.7,26083.04,9.771,3.92,0.91,0.53,True,False,True,시간손절,5,-0.441
078930,GS,2026-02-06,67700.0,68336.4,64586.43,5.488,12.5,0.79,1.46,False,False,True,추적청산,2,0.445
079900,전진건설로봇,2026-02-06,56800.0,58717.2,52588.57,10.438,9.43,1.63,-12.25,True,False,False,미돌파,0,0.0
111770,영원무역,2026-02-06,88000.0,90380.4,83157.86,7.991,14.52,0.94,3.19,False,False,True,추적청산,4,0.651
003850,보령,2026-02-06,9300.0,9398.76,9002.79,4.213,9.38,0.85,-0.54,True,False,True,추적청산,5,0.443
096530,씨젠,2026-02-06,25850.0,26452.8,25214.64,4.681,15.0,0.74,9.62,True,False,True,추적청산,5,0.798
298040,효성중공업,2026-02-06,2211000.0,2234460.0,2074991.07,7.137,10.85,0.79,15.06,False,True,True,추적청산,13,2.078
009520,포스코엠텍,2026-02-06,18930.0,19328.58,18224.93,5.71,1.12,0.19,4.87,False,False,True,시간손절,5,0.248
000880,한화,2026-02-06,113200.0,115230.0,105865.36,8.127,3.75,0.4,1.14,False,False,True,시간손절,5,0.238
460860,동국제강,2026-02-06,8350.0,8396.76,8022.54,4.457,3.23,0.73,5.22,False,True,True,시간손절,5,0.422
085660,차바이오텍,2026-02-06,20750.0,21292.5,20004.75,6.048,0.0,0.52,5.03,False,False,False,미돌파,0,0.0
000500,가온전선,2026-02-06,46010.0,46547.91,43096.48,7.415,3.92,0.7,5.48,True,True,True,추적청산,7,0.768
032830,삼성생명,2026-02-06,184300.0,187374.0,179418.93,4.246,12.9,0.97,2.12,True,False,True,추적청산,10,2.92
006650,대한유화,2026-02-06,145700.0,147294.0,136588.93,7.268,0.0,0.5,6.78,False,True,True,추적청산,7,1.192
075580,세진중공업,2026-02-06,17770.0,17965.86,17003.61,5.356,13.92,0.71,8.31,True,True,True,시간손절,5,0.011
066970,엘앤에프,2026-02-06,113800.0,116031.6,107683.93,7.194,0.0,0.64,9.9,False,False,True,시간손절,5,-0.393
0126Z0,삼성에피스홀딩스,2026-02-06,558000.0,568134.0,542564.29,4.501,5.0,0.59,7.92,True,False,True,추적청산,5,1.252
000240,한국앤컴퍼니,2026-02-06,26800.0,27054.0,24912.5,7.916,0.0,0.99,0.56,False,True,True,추적청산,5,1.103
044490,태웅,2026-02-06,28400.0,29058.0,27086.43,6.785,10.0,0.46,7.34,True,False,True,추적청산,10,2.013
068760,셀트리온제약,2026-02-06,68100.0,69538.8,65718.21,5.494,0.0,0.66,6.84,True,False,True,추적청산,10,1.068
402340,SK스퀘어,2026-02-06,514000.0,524046.0,486267.86,7.209,12.9,1.77,9.82,False,False,True,추적청산,3,0.67
023160,태광,2026-02-06,26800.0,27003.9,25339.64,6.163,11.11,0.51,5.96,False,True,True,추적청산,5,0.826
181710,NHN,2026-02-06,31250.0,31763.4,30321.07,4.541,8.33,0.67,3.25,False,False,True,추적청산,9,3.255
079160,CJ CGV,2026-02-06,5930.0,6001.98,5726.57,4.589,13.04,0.78,1.98,True,False,True,시간손절,5,-0.218
006400,삼성SDI,2026-02-06,370000.0,373746.0,354310.71,5.2,3.45,0.46,5.13,False,False,True,시간손절,5,-0.019
000370,한화손해보험,2026-02-06,6200.0,6312.6,5887.39,6.736,5.56,0.73,-1.97,True,False,True,추적청산,6,1.617
214430,아이쓰리시스템,2026-02-06,109700.0,110220.0,97158.57,11.85,7.14,2.02,15.62,False,True,True,시간손절,5,0.387
357780,솔브레인,2026-02-06,407000.0,418836.0,376692.86,10.062,7.04,0.71,16.68,False,False,True,시간손절,5,-0.524
052020,에스티큐브,2026-02-06,8010.0,8226.42,7695.89,6.449,0.0,0.74,-0.63,True,False,True,추적청산,5,0.711
103590,일진전기,2026-02-06,63700.0,64629.0,59905.71,7.308,12.82,0.78,4.93,False,False,True,추적청산,13,2.742
064960,SNT모티브,2026-02-06,33200.0,33366.6,31779.46,4.757,8.0,0.65,5.28,True,True,True,추적청산,4,0.731
071320,지역난방공사,2026-02-06,108300.0,110019.6,103462.5,5.96,10.53,0.64,-8.52,True,False,True,손절,2,-1.05
000070,삼양홀딩스,2026-02-06,60500.0,61322.4,58933.21,3.896,5.0,1.03,0.49,True,False,True,추적청산,10,2.658
082920,비츠로셀,2026-02-06,19600.0,19869.66,18796.29,5.402,8.05,0.85,6.67,True,False,True,추적청산,4,1.25
005380,현대차,2026-02-06,467500.0,473946.0,446557.14,5.779,9.52,0.52,6.5,False,False,True,추적청산,6,0.887
007660,이수페타시스,2026-02-06,114700.0,116733.0,110760.89,5.116,4.44,0.63,2.38,False,False,True,손절,2,-1.059
078600,대주전자재료,2026-02-06,71500.0,73647.0,69156.43,6.097,2.78,0.48,5.67,True,False,True,추적청산,4,2.494
007070,GS리테일,2026-02-06,20800.0,21242.4,20045.18,5.636,5.0,1.42,6.09,False,False,True,추적청산,5,0.93
030000,제일기획,2026-02-06,20750.0,20841.6,20218.57,2.989,10.0,0.85,5.47,True,True,True,추적청산,9,1.369
005070,코스모신소재,2026-02-06,49600.0,50500.8,47994.29,4.963,10.53,0.58,2.75,True,False,True,추적청산,12,2.015
004370,농심,2026-02-06,420000.0,422343.0,410187.5,2.878,10.0,0.84,-3.07,True,True,True,추적청산,6,1.184
475830,오름테라퓨틱,2026-02-06,109000.0,113226.0,104660.0,7.565,1.45,0.43,3.54,False,False,True,추적청산,5,0.663
00104K,CJ4우(전환),2026-02-06,174000.0,174949.2,163316.07,6.649,2.97,0.76,2.14,True,True,True,추적청산,6,0.745
352820,하이브,2026-02-06,355500.0,357213.0,344276.79,3.621,5.0,2.52,4.95,False,True,True,추적청산,4,0.989
417200,LS머트리얼즈,2026-02-06,14240.0,14599.14,13651.61,6.49,3.9,0.66,17.83,False,False,True,추적청산,5,1.23
046890,서울반도체,2026-02-06,7130.0,7254.48,6855.52,5.5,6.06,0.69,8.24,False,False,True,시간손절,5,-0.116
119850,지엔씨에너지,2026-02-06,37800.0,38076.0,35376.07,7.091,11.11,0.81,-3.28,True,True,True,추적청산,5,0.458
285130,SK케미칼,2026-02-06,64800.0,65731.2,62621.79,4.73,11.54,0.72,3.57,True,False,True,손절,5,-1.063
174900,앱클론,2026-02-06,59400.0,63226.2,57113.39,9.668,5.88,0.75,6.16,False,False,True,손절,5,-1.031
144960,뉴파워프라즈마,2026-02-06,6040.0,6112.2,5708.54,6.604,8.57,0.63,1.63,True,False,True,시간손절,5,-0.224
042660,한화오션,2026-02-06,130600.0,132765.0,124885.36,5.935,4.55,0.62,5.7,True,False,True,시간손절,5,-0.427
263750,펄어비스,2026-02-06,53300.0,55510.8,51532.14,7.167,12.12,0.85,6.82,False,False,False,미돌파,0,0.0
0009K0,에임드바이오,2026-02-06,52000.0,56613.0,49990.36,11.698,3.39,0.96,4.59,False,False,False,미돌파,0,0.0
001820,삼화콘덴서,2026-02-06,31000.0,31563.0,29723.39,5.828,9.68,0.84,1.9,False,False,True,추적청산,5,1.804
022100,포스코DX,2026-02-06,37550.0,38577.0,36090.71,6.445,10.0,0.25,2.85,False,False,True,추적청산,5,0.453
454910,두산로보틱스,2026-02-06,101700.0,104608.8,96650.54,7.608,3.12,0.27,10.87,False,False,True,시간손절,5,-0.606
001500,현대차증권,2026-02-06,9230.0,9388.74,8683.46,7.512,11.29,0.72,3.05,True,False,True,추적청산,8,2.893
010130,고려아연,2026-02-06,1641000.0,1646286.0,1536475.0,6.67,5.88,0.41,12.9,False,True,True,시간손절,5,0.171
267260,HD현대일렉트릭,2026-02-06,840000.0,850698.0,798842.86,6.096,11.63,0.88,5.51,True,True,True,추적청산,6,1.485
000150,두산,2026-02-06,828000.0,833664.0,783289.29,6.043,5.0,0.8,2.7,False,True,True,추적청산,3,0.761
115180,큐리언트,2026-02-06,32500.0,32965.8,30585.89,7.219,5.26,0.5,5.11,True,False,True,추적청산,5,1.306
032640,LG유플러스,2026-02-06,15510.0,15806.55,15055.3,4.753,6.3,1.5,3.06,False,False,True,추적청산,9,1.358
041510,에스엠,2026-02-06,105400.0,107013.6,101955.36,4.727,7.32,0.69,9.14,True,False,True,추적청산,7,1.305
064350,현대로템,2026-02-06,202500.0,204157.5,186862.5,8.471,10.17,0.75,12.15,True,True,True,시간손절,5,-0.189
456040,OCI,2026-02-06,74800.0,79859.4,71132.14,10.928,3.75,1.52,-5.95,True,False,True,추적청산,8,0.853
100840,SNT에너지,2026-02-06,41550.0,42384.6,39334.11,7.197,10.2,0.51,1.42,False,False,True,추적청산,8,1.354
121600,나노신소재,2026-02-06,64100.0,66132.0,62657.5,5.254,11.54,0.7,7.24,False,False,True,추적청산,4,1.187
103140,풍산,2026-02-06,107400.0,108516.6,101005.0,6.922,6.45,0.68,18.14,True,True,True,시간손절,5,0.141
241560,두산밥캣,2026-02-06,59500.0,60320.4,57399.29,4.843,4.17,0.85,-1.19,True,False,True,추적청산,6,1.017
003530,한화투자증권,2026-02-06,6090.0,6282.54,5786.02,7.903,4.88,0.6,5.29,False,False,True,추적청산,9,2.554
071970,HD현대마린엔진,2026-02-06,79900.0,81061.8,76393.93,5.758,2.63,0.75,9.72,True,False,True,시간손절,5,0.299
090430,아모레퍼시픽,2026-02-06,137300.0,138676.8,129714.64,6.463,13.92,0.59,1.08,True,True,True,추적청산,4,1.654
108320,LX세미콘,2026-02-06,54100.0,54709.2,52826.79,3.441,6.67,0.92,1.1,False,False,True,추적청산,5,0.413
000080,하이트진로,2026-02-06,17750.0,17915.76,17001.04,5.106,6.02,0.85,-0.85,True,True,True,시간손절,5,0.165
023590,다우기술,2026-02-06,45850.0,46092.0,42977.14,6.758,8.0,0.69,13.82,True,True,True,추적청산,9,2.094
019170,신풍제약,2026-02-06,12620.0,13226.4,12234.36,7.5,8.99,1.18,3.0,False,False,False,미돌파,0,0.0
253450,스튜디오드래곤,2026-02-06,45250.0,45991.8,43870.89,4.611,14.29,0.65,8.22,False,False,True,추적청산,5,0.838
383220,F&F,2026-02-06,73000.0,73647.0,70271.43,4.583,14.29,0.49,0.14,False,False,True,추적청산,3,0.442
001040,CJ,2026-02-06,208000.0,212424.0,198132.5,6.728,12.5,0.86,4.37,False,False,True,추적청산,6,0.773
036830,솔브레인홀딩스,2026-02-06,48600.0,49949.7,46344.29,7.218,14.04,0.54,17.49,False,False,True,추적청산,4,0.687
006260,LS,2026-02-06,214500.0,216432.0,199233.57,7.946,10.71,0.75,6.33,False,True,True,추적청산,13,2.296
030610,교보증권,2026-02-06,11500.0,11763.48,10931.71,7.071,11.11,0.77,3.44,False,False,True,추적청산,9,2.475
051900,LG생활건강,2026-02-06,261500.0,264528.0,255444.64,3.434,13.33,1.08,0.38,False,False,True,추적청산,6,0.824
002380,KCC,2026-02-06,462500.0,471441.0,445507.14,5.501,11.63,1.03,5.42,False,False,True,추적청산,13,3.753
326030,SK바이오팜,2026-02-06,108500.0,109819.2,105435.71,3.992,8.57,1.19,8.05,True,False,True,추적청산,5,0.56
011790,SKC,2026-02-06,101137.0,102940.47,96674.74,6.087,3.64,0.92,8.11,True,False,True,시간손절,5,-0.247
460930,현대힘스,2026-02-06,16320.0,16653.24,15857.75,4.777,8.96,0.6,8.62,True,False,True,추적청산,9,1.95
443060,HD현대마린솔루션,2026-02-09,168500.0,170340.0,164200.71,3.604,4.26,0.97,3.27,False,False,True,손절,3,-1.083
035720,카카오,2026-02-09,57500.0,58516.8,56474.82,3.49,6.25,0.64,1.54,False,False,True,추적청산,4,0.414
347850,디앤디파마텍,2026-02-09,82000.0,84568.8,77894.29,7.892,3.7,0.53,7.87,False,False,False,미돌파,0,0.0
011200,HMM,2026-02-09,20400.0,20641.2,20067.29,2.78,11.11,0.94,-4.45,True,False,True,추적청산,8,2.186
277810,레인보우로보틱스,2026-02-09,687000.0,701400.0,654901.79,6.629,2.86,0.33,3.51,False,False,True,손절,2,-1.045
071970,HD현대마린엔진,2026-02-09,82600.0,84468.6,80878.93,4.25,11.11,0.74,1.67,False,False,True,손절,4,-1.071
064960,SNT모티브,2026-02-09,33950.0,34418.7,33191.79,3.565,5.56,0.31,1.59,False,False,True,추적청산,8,0.999
950160,코오롱티슈진,2026-02-09,97900.0,100200.0,93138.21,7.048,7.27,0.46,4.86,False,False,False,미돌파,0,0.0
017960,한국카본,2026-02-09,35250.0,36222.3,34739.64,4.093,4.35,0.84,-10.33,True,False,False,미돌파,0,0.0
007070,GS리테일,2026-02-09,21000.0,21793.5,20540.89,5.748,9.52,1.82,5.41,False,False,True,추적청산,4,0.69
009240,한샘,2026-02-09,44900.0,45591.0,44364.82,2.69,11.11,1.14,0.44,True,False,True,추적청산,12,1.758
415640,KB발해인프라,2026-02-09,9990.0,10110.18,9890.96,2.168,0.0,0.88,0.2,True,False,False,미돌파,0,0.0
010950,S-Oil,2026-02-09,99600.0,102003.6,97981.07,3.944,9.68,0.61,1.39,False,False,False,미돌파,0,0.0
445680,큐리옥스바이오시스템즈,2026-02-09,120200.0,123346.2,115685.36,6.211,4.92,0.81,-3.0,True,False,False,미돌파,0,0.0
486990,노타,2026-02-09,38300.0,39478.8,37359.11,5.369,9.38,0.44,8.48,False,False,False,미돌파,0,0.0
009420,한올바이오파마,2026-02-09,51700.0,53506.8,50361.61,5.878,0.0,0.54,-4.76,True,False,True,추적청산,2,0.449
094170,동운아나텍,2026-02-09,30550.0,31312.5,29882.14,4.568,13.64,0.63,0.81,False,False,True,손절,3,-1.066
326030,SK바이오팜,2026-02-09,109700.0,113426.4,107712.14,5.038,8.33,1.07,1.61,False,False,True,시간손절,5,-0.397
263750,펄어비스,2026-02-09,53700.0,54809.4,51927.32,5.258,4.55,0.7,2.89,False,False,False,미돌파,0,0.0
067310,하나마이크론,2026-02-09,35100.0,35420.7,33597.68,5.147,11.11,0.43,3.44,False,True,False,미돌파,0,0.0
015760,한국전력,2026-02-09,62600.0,62825.4,60216.79,4.152,15.0,0.52,-9.25,True,True,True,손절,3,-1.072
214150,클래시스,2026-02-09,67800.0,69338.4,65538.93,5.48,13.33,0.5,6.74,True,False,True,손절,3,-1.055
032640,LG유플러스,2026-02-09,15750.0,15911.76,15467.23,2.794,3.03,0.79,0.94,True,False,True,추적청산,8,1.83
241560,두산밥캣,2026-02-09,61200.0,62124.0,60086.43,3.28,13.33,0.77,-6.07,True,False,True,추적청산,5,0.795
140860,파크시스템스,2026-02-09,258500.0,264528.0,250101.79,5.454,4.55,0.62,6.34,True,False,True,시간손절,5,0.463
071970,HD현대마린엔진,2026-02-10,84200.0,85470.6,80773.57,5.495,7.89,0.56,3.33,False,False,True,추적청산,8,0.917
295310,에이치브이엠,2026-02-10,88300.0,91482.6,84561.07,7.566,1.89,0.31,3.71,True,False,True,손절,3,-1.04
039490,키움증권,2026-02-10,449000.0,455409.0,432125.0,5.113,5.71,0.67,1.32,False,False,False,미돌파,0,0.0
214370,케어젠,2026-02-10,118100.0,122544.6,113610.71,7.29,1.45,0.33,1.67,False,False,False,미돌파,0,0.0
140410,메지온,2026-02-10,151700.0,157314.0,146261.79,7.026,10.59,0.43,3.31,False,False,True,손절,1,-1.043
085660,차바이오텍,2026-02-10,20900.0,21543.0,20469.0,4.985,0.0,0.35,0.95,False,False,False,미돌파,0,0.0
003530,한화투자증권,2026-02-10,6370.0,6633.24,6182.96,6.788,5.56,0.62,6.6,False,False,False,미돌파,0,0.0
484870,엠앤씨솔루션,2026-02-10,43100.0,43419.67,40909.78,5.781,3.35,1.21,3.87,False,True,True,추적청산,9,1.208
035420,NAVER,2026-02-10,254000.0,259518.0,250087.5,3.634,0.0,0.68,5.58,False,False,True,손절,3,-1.083
293490,카카오게임즈,2026-02-10,15800.0,16292.52,15511.75,4.792,6.45,0.53,2.29,True,False,False,미돌파,0,0.0
476830,알지노믹스,2026-02-10,68600.0,71342.4,66150.71,7.277,10.59,0.43,6.86,False,False,True,시간손절,5,-0.598
018670,SK가스,2026-02-10,224000.0,225450.0,219923.21,2.451,12.5,0.92,0.88,False,True,True,추적청산,8,1.739
067160,SOOP,2026-02-10,70100.0,71442.6,69162.86,3.191,11.76,0.48,2.64,True,False,True,손절,3,-1.094
031980,피에스케이홀딩스,2026-02-10,72600.0,75350.4,70993.57,5.782,6.06,0.47,6.8,False,False,True,손절,1,-1.052
207940,삼성바이오로직스,2026-02-10,1710000.0,1743480.0,1683757.14,3.425,10.2,0.69,2.23,False,False,False,미돌파,0,0.0
124500,아이티센글로벌,2026-02-10,49800.0,52504.8,48255.18,8.094,6.06,0.5,1.97,False,False,False,미돌파,0,0.0
034020,두산에너빌리티,2026-02-11,95500.0,96693.0,93318.57,3.49,4.0,0.74,1.04,False,False,False,미돌파,0,0.0
329180,HD현대중공업,2026-02-11,537000.0,544086.0,524917.86,3.523,7.14,0.78,7.89,False,False,True,추적청산,7,1.56
079900,전진건설로봇,2026-02-11,59000.0,61522.8,56725.36,7.798,5.13,0.77,8.53,False,False,True,추적청산,2,0.261
036570,NC,2026-02-11,213500.0,220941.0,209868.75,5.011,5.56,1.74,0.23,False,False,False,미돌파,0,0.0
112610,씨에스윈드,2026-02-11,42950.0,43887.6,42486.96,3.191,4.76,0.6,4.24,False,False,True,손절,2,-1.094
008060,대덕,2026-02-11,10950.0,11372.7,10805.39,4.988,10.42,0.72,1.35,False,False,False,미돌파,0,0.0
009240,한샘,2026-02-11,45850.0,46192.2,45146.43,2.264,13.33,0.87,0.33,True,False,True,추적청산,10,1.686
097230,HJ중공업,2026-02-11,23750.0,24248.4,23067.5,4.87,0.0,0.33,4.62,False,False,False,미돌파,0,0.0
007070,GS리테일,2026-02-11,22850.0,24148.2,22225.36,7.963,2.94,2.05,2.97,False,False,False,미돌파,0,0.0
032500,케이엠더블유,2026-02-11,18590.0,19238.4,18207.0,5.361,3.7,0.42,1.43,False,False,False,미돌파,0,0.0
064960,SNT모티브,2026-02-11,34950.0,35070.0,33996.43,3.061,6.25,0.39,1.41,False,True,True,추적청산,6,0.765
298040,효성중공업,2026-02-11,2401000.0,2457906.0,2316133.93,5.768,10.91,0.63,-0.71,True,False,False,미돌파,0,0.0
377300,카카오페이,2026-02-11,61700.0,62725.2,58348.21,6.978,2.94,0.41,10.06,False,False,True,추적청산,7,0.785
000500,가온전선,2026-02-11,48900.0,49498.8,47004.31,5.039,8.59,0.4,2.22,False,False,True,추적청산,10,3.417
010140,삼성중공업,2026-02-11,28000.0,28356.6,27331.79,3.614,6.25,0.5,4.27,False,False,False,미돌파,0,0.0
067310,하나마이크론,2026-02-11,33650.0,34619.1,32391.25,6.435,0.0,0.33,6.66,False,False,True,손절,3,-1.047
093320,케이아이엔엑스,2026-02-11,126800.0,135270.0,122654.64,9.326,7.14,0.65,6.07,False,False,False,미돌파,0,0.0
079160,CJ CGV,2026-02-11,6090.0,6182.34,6029.36,2.475,0.0,0.72,-4.1,True,False,False,미돌파,0,0.0
219130,타이거일렉,2026-02-11,34300.0,34869.6,32389.55,7.112,5.13,0.38,9.5,False,False,True,손절,4,-1.042
005290,동진쎄미켐,2026-02-11,50500.0,51903.6,49164.82,5.277,4.76,0.42,6.65,False,False,True,추적청산,5,0.534
083450,GST,2026-02-11,28750.0,29458.8,27835.89,5.509,3.85,0.52,0.69,True,False,True,시간손절,5,-0.091
214370,케어젠,2026-02-11,118000.0,122143.8,113490.36,7.085,1.52,0.22,6.35,False,False,False,미돌파,0,0.0
219130,타이거일렉,2026-02-12,34850.0,35821.5,33388.75,6.791,13.16,0.35,5.43,True,False,False,미돌파,0,0.0
098460,고영,2026-02-12,32200.0,32314.5,30098.04,6.859,0.0,0.51,7.6,False,True,False,미돌파,0,0.0
019170,신풍제약,2026-02-12,12800.0,12865.68,12471.11,3.067,13.33,0.71,1.31,False,True,False,미돌파,0,0.0
352820,하이브,2026-02-12,380500.0,383265.0,368942.86,3.737,13.04,0.77,-4.39,True,True,True,추적청산,5,0.917
141080,리가켐바이오,2026-02-12,178600.0,183666.6,174053.57,5.234,1.39,0.48,1.87,False,False,False,미돌파,0,0.0
000100,유한양행,2026-02-12,109400.0,110019.6,106457.5,3.238,13.79,1.15,-1.86,True,True,False,미돌파,0,0.0
281740,레이크머티리얼즈,2026-02-12,23750.0,24749.4,22920.71,7.389,0.0,0.29,7.05,True,False,False,미돌파,0,0.0
278280,천보,2026-02-12,53500.0,54208.2,51558.93,4.887,5.0,0.58,0.19,False,False,False,미돌파,0,0.0
036830,솔브레인홀딩스,2026-02-12,51400.0,52304.4,47629.64,8.938,5.26,0.48,-0.59,True,False,False,미돌파,0,0.0
001060,JW중외제약,2026-02-12,33550.0,34168.2,32400.54,5.173,14.29,0.35,0.89,False,False,True,추적청산,6,1.342
089030,테크윙,2026-02-12,43900.0,46442.7,42541.61,8.4,4.55,1.0,2.23,False,False,False,미돌파,0,0.0
383310,에코프로에이치엔,2026-02-12,35650.0,37575.0,33144.29,11.792,12.16,0.92,2.06,False,False,False,미돌파,0,0.0
226950,올릭스,2026-02-12,129100.0,132163.8,123817.32,6.315,1.56,0.58,2.27,False,False,False,미돌파,0,0.0
039030,이오테크닉스,2026-02-12,378500.0,382263.0,356412.5,6.762,2.38,1.16,1.3,False,True,False,미돌파,0,0.0
486990,노타,2026-02-12,37850.0,39178.2,36405.18,7.078,10.87,0.83,1.94,False,False,False,미돌파,0,0.0
420770,기가비스,2026-02-13,57400.0,58416.6,53297.14,8.764,9.3,0.98,1.88,False,False,True,추적청산,9,1.382
298050,HS효성첨단소재,2026-02-13,257000.0,261522.0,242982.14,7.089,9.68,0.96,-4.47,True,False,True,시간손절,5,0.064
111770,영원무역,2026-02-13,90700.0,92284.2,86141.07,6.657,14.0,0.9,-3.07,True,True,False,미돌파,0,0.0
003670,포스코퓨처엠,2026-02-13,224000.0,230460.0,218125.0,5.352,0.0,0.56,-2.75,True,False,True,추적청산,8,0.851
006730,서부T&D,2026-02-13,17360.0,17615.16,16594.14,5.796,11.39,0.63,1.81,False,False,True,손절,1,-1.052
000880,한화,2026-02-13,117800.0,120841.2,115509.29,4.412,12.5,0.55,-4.06,True,False,True,추적청산,9,1.525
126340,비나텍,2026-02-13,111800.0,115129.8,104160.36,9.528,3.26,0.82,1.32,False,False,True,시간손절,5,0.321
036570,NC,2026-02-13,212000.0,217434.0,209395.54,3.697,8.33,0.58,2.08,False,False,True,추적청산,7,1.138
319400,현대무벡스,2026-02-13,27450.0,28907.7,26621.25,7.909,13.51,0.51,11.59,False,False,False,미돌파,0,0.0
377300,카카오페이,2026-02-13,62500.0,64629.0,60773.21,5.966,9.68,0.23,3.7,False,False,True,추적청산,5,0.576
011170,롯데케미칼,2026-02-19,81000.0,82063.8,78066.07,4.871,9.68,0.76,-8.14,True,False,True,추적청산,7,1.406
011780,금호석유화학,2026-02-19,144200.0,145490.4,140202.14,3.635,4.88,0.81,-4.04,True,False,True,추적청산,7,1.137
052400,코나아이,2026-02-19,61100.0,63526.8,58874.64,7.323,10.53,0.47,3.32,False,False,True,추적청산,5,1.047
457190,이수스페셜티케미컬,2026-02-19,100800.0,101753.1,94230.89,7.393,14.88,0.43,1.37,False,True,False,미돌파,0,0.0
064760,티씨케이,2026-02-19,216000.0,225450.0,205933.57,8.657,6.25,0.93,1.82,True,False,False,미돌파,0,0.0
007070,GS리테일,2026-02-19,22250.0,22444.8,21522.14,4.111,7.14,0.76,-5.95,True,True,True,추적청산,5,0.457
005810,풍산홀딩스,2026-02-19,39900.0,40380.6,38207.68,5.381,0.0,1.36,0.37,False,False,True,시간손절,5,0.114
323280,태성,2026-02-19,70500.0,71643.0,65084.29,9.155,11.11,0.69,9.15,True,False,True,시간손절,5,-0.207
192820,코스맥스,2026-02-19,200000.0,204408.0,194807.14,4.697,0.0,0.97,3.61,True,False,False,미돌파,0,0.0
437730,삼현,2026-02-19,52500.0,53807.4,49720.36,7.596,8.82,0.88,6.91,True,False,False,미돌파,0,0.0
141080,리가켐바이오,2026-02-19,177700.0,180159.6,167163.57,7.214,8.33,0.8,0.28,False,False,False,미돌파,0,0.0
079160,CJ CGV,2026-02-19,5980.0,6092.16,5920.32,2.821,0.0,0.85,0.99,False,False,False,미돌파,0,0.0
081660,미스토홀딩스,2026-02-19,53200.0,54308.4,51287.14,5.563,7.69,1.22,1.85,False,False,True,손절,4,-1.054
166090,하나머티리얼즈,2026-02-19,61300.0,62023.8,58315.36,5.979,0.0,0.84,4.22,False,False,True,손절,2,-1.05
178920,PI첨단소재,2026-02-19,20400.0,20591.1,19532.77,5.14,6.02,0.69,1.21,False,False,False,미돌파,0,0.0
090430,아모레퍼시픽,2026-02-19,161400.0,162324.0,156523.21,3.574,4.55,0.47,2.24,False,True,True,손절,1,-1.084
005300,롯데칠성,2026-02-19,141800.0,143686.8,137258.21,4.474,1.92,1.03,0.63,False,False,False,미돌파,0,0.0
466100,클로봇,2026-02-19,63461.0,64062.87,59040.77,7.839,6.66,0.38,1.03,False,True,True,추적청산,7,0.788
000990,DB하이텍,2026-02-19,91400.0,91983.6,87122.14,5.285,8.33,0.95,7.68,False,True,True,시간손절,5,0.358
458870,씨어스,2026-02-20,50360.0,51897.59,48942.01,5.695,14.73,0.72,7.93,False,False,False,미돌파,0,0.0
020150,롯데에너지머티리얼즈,2026-02-20,44250.0,45841.5,42843.39,6.54,6.38,0.43,2.32,False,False,False,미돌파,0,0.0
484870,엠앤씨솔루션,2026-02-20,46666.0,47059.93,45019.78,4.335,0.0,0.52,-8.27,True,False,True,추적청산,3,0.431
415640,KB발해인프라,2026-02-20,10010.0,10100.16,9970.82,1.281,11.11,1.18,0.4,True,False,False,미돌파,0,0.0
000990,DB하이텍,2026-02-20,93000.0,95190.0,90398.21,5.034,13.89,0.71,3.93,False,False,False,미돌파,0,0.0
064350,현대로템,2026-02-20,220000.0,221442.0,212033.93,4.249,7.14,0.86,-10.0,True,True,True,추적청산,7,0.565
004170,신세계,2026-02-20,351500.0,364728.0,341614.29,6.337,0.0,0.86,6.64,False,False,True,시간손절,5,0.116
073240,금호타이어,2026-02-20,7050.0,7104.18,6746.75,5.031,10.34,0.53,4.21,False,True,True,시간손절,5,-0.407
030190,NICE평가정보,2026-02-20,16900.0,17084.1,16552.32,3.113,10.26,0.44,2.87,False,False,True,추적청산,4,0.522
002350,넥센타이어,2026-02-20,9250.0,9368.7,9025.86,3.659,12.0,0.56,4.93,False,False,True,추적청산,2,0.259
093370,후성,2026-02-20,8320.0,8426.82,8164.39,3.114,10.53,0.52,-1.84,True,False,True,손절,1,-1.096
067310,하나마이크론,2026-02-20,34850.0,35370.6,33173.93,6.21,8.57,0.56,-2.35,True,False,True,추적청산,5,0.452
365340,성일하이텍,2026-02-20,66500.0,67434.6,64610.71,4.188,9.52,0.18,-4.89,True,False,True,손절,1,-1.072
166090,하나머티리얼즈,2026-02-20,61600.0,63927.6,59731.43,6.564,8.82,0.41,-1.15,True,False,False,미돌파,0,0.0
317450,명인제약,2026-02-23,62100.0,63226.2,61490.36,2.745,7.69,0.51,1.43,False,False,True,추적청산,5,0.873
0009K0,에임드바이오,2026-02-23,51700.0,52605.0,49714.64,5.494,13.04,0.53,2.82,True,False,True,추적청산,3,0.445
082920,비츠로셀,2026-02-23,21350.0,21492.9,20552.25,4.377,13.33,1.03,2.29,True,True,True,추적청산,3,0.431
039030,이오테크닉스,2026-02-23,368000.0,385269.0,358255.36,7.012,4.44,0.79,2.0,True,False,True,추적청산,6,0.721
462870,시프트업,2026-02-23,33850.0,34218.3,33304.55,2.67,14.29,0.6,0.44,False,False,False,미돌파,0,0.0
012330,현대모비스,2026-02-23,445500.0,456411.0,439228.57,3.765,10.71,0.65,0.11,False,False,False,미돌파,0,0.0
002790,아모레퍼시픽홀딩스,2026-02-23,34000.0,34569.0,33325.0,3.599,0.0,0.58,2.58,False,False,False,미돌파,0,0.0
011170,롯데케미칼,2026-02-23,86200.0,87875.4,80648.93,8.224,3.17,1.41,-7.75,True,False,True,추적청산,5,0.597
195870,해성디에스,2026-02-23,58400.0,59719.2,56610.71,5.205,8.33,0.54,5.35,False,False,True,추적청산,4,0.986
019210,와이지-원,2026-02-23,9100.0,9348.66,8553.11,8.51,12.7,0.33,9.18,True,False,True,추적청산,4,0.516
219130,타이거일렉,2026-02-23,33200.0,35320.5,31822.68,9.903,8.47,0.79,3.21,True,False,False,미돌파,0,0.0
302440,SK바이오사이언스,2026-02-23,50000.0,50300.4,48845.36,2.893,8.7,0.82,0.4,False,False,True,손절,4,-1.104
097950,CJ제일제당,2026-02-23,222000.0,223446.0,219121.43,1.935,0.0,1.0,2.84,True,False,False,미돌파,0,0.0
053800,안랩,2026-02-24,65000.0,65731.2,64315.0,2.155,10.0,0.55,-1.09,True,False,True,추적청산,2,0.361
005380,현대차,2026-02-24,524000.0,531060.0,501266.07,5.61,8.0,0.59,-3.56,True,False,True,추적청산,5,0.932
365340,성일하이텍,2026-02-24,63700.0,65931.6,62736.43,4.846,12.0,0.34,2.9,False,False,False,미돌파,0,0.0
174900,앱클론,2026-02-24,58900.0,59318.4,55014.64,7.255,2.94,0.8,5.91,False,True,False,미돌파,0,0.0
082920,비츠로셀,2026-02-24,21500.0,21793.5,20600.11,5.476,5.0,0.87,-3.12,True,False,True,추적청산,3,0.445
122870,와이지엔터테인먼트,2026-02-24,73700.0,74348.4,72045.71,3.097,11.76,0.6,1.47,True,False,False,미돌파,0,0.0
348370,엔켐,2026-02-24,76800.0,79258.2,74143.93,6.453,2.44,0.43,3.52,False,False,True,손절,4,-1.505
009520,포스코엠텍,2026-02-24,20100.0,20440.8,19724.95,3.502,9.26,0.29,0.5,True,False,True,손절,3,-1.086
039490,키움증권,2026-02-24,458000.0,472443.0,434694.64,7.99,14.06,0.9,-1.22,True,False,True,손절,4,-1.038
00104K,CJ4우(전환),2026-02-24,183000.0,183967.2,176691.07,3.955,5.17,0.59,3.53,True,True,True,손절,4,-1.076
006730,서부T&D,2026-02-24,17300.0,18126.18,16827.93,7.162,0.0,0.78,0.06,True,False,False,미돌파,0,0.0
105560,KB금융,2026-02-24,166700.0,169638.6,160930.71,5.133,10.96,0.95,1.07,False,False,False,미돌파,0,0.0
124500,아이티센글로벌,2026-02-24,53100.0,54508.8,49064.11,9.989,10.64,0.64,-7.06,True,False,True,추적청산,5,0.763
302440,SK바이오사이언스,2026-02-24,50400.0,50901.6,49799.64,2.165,12.5,0.79,0.59,True,False,False,미돌파,0,0.0
012750,에스원,2026-02-24,93000.0,93787.2,90612.5,3.385,4.0,1.24,1.17,False,False,False,미돌파,0,0.0
009450,경동나비엔,2026-02-24,68100.0,68937.6,66613.21,3.372,5.56,0.76,1.3,False,False,False,미돌파,0,0.0
298050,HS효성첨단소재,2026-02-24,254000.0,257013.0,248232.14,3.417,7.69,0.5,3.42,True,False,True,추적청산,2,0.412
014820,동원시스템즈,2026-02-24,27900.0,28506.9,27519.46,3.464,13.33,1.11,2.96,False,False,False,미돌파,0,0.0
108320,LX세미콘,2026-02-24,55800.0,56412.6,55043.93,2.426,10.0,0.66,0.53,False,False,True,추적청산,3,1.504
020150,롯데에너지머티리얼즈,2026-02-24,44650.0,45991.8,43230.36,6.004,6.98,0.6,-1.94,True,False,True,손절,4,-1.05
023160,태광,2026-02-24,29850.0,30009.9,28274.64,5.782,3.57,1.11,-3.11,True,True,True,손절,2,-1.052
064350,현대로템,2026-02-24,221500.0,223446.0,214264.29,4.109,0.0,0.7,-7.52,True,False,True,추적청산,5,0.457
281820,케이씨텍,2026-02-24,48300.0,49248.3,46077.32,6.439,9.43,0.62,-5.92,True,False,True,손절,4,-1.047
101490,에스앤에스텍,2026-02-24,90000.0,91783.2,86995.71,5.216,2.7,0.42,-0.67,True,False,False,미돌파,0,0.0
281740,레이크머티리얼즈,2026-02-24,22200.0,23146.2,21332.86,7.834,10.34,0.8,6.53,False,False,True,손절,5,-1.387
085660,차바이오텍,2026-02-24,21250.0,21492.9,20694.86,3.713,8.33,0.41,-2.91,True,False,True,추적청산,4,0.236
456040,OCI,2026-02-24,86000.0,87975.6,83886.79,4.648,12.9,0.61,0.81,False,False,True,손절,4,-1.065
347850,디앤디파마텍,2026-02-24,88600.0,91783.2,86045.36,6.252,0.0,0.92,-2.78,True,False,False,미돌파,0,0.0
302440,SK바이오사이언스,2026-02-25,50500.0,50801.4,49816.25,1.939,0.0,0.66,-2.54,True,False,False,미돌파,0,0.0
039130,하나투어,2026-02-25,49350.0,49699.2,48290.18,2.835,0.0,0.93,2.66,True,False,True,손절,2,-1.106
281740,레이크머티리얼즈,2026-02-25,23200.0,24298.5,21744.64,10.51,13.64,1.08,3.13,False,False,False,미돌파,0,0.0
00104K,CJ4우(전환),2026-02-25,182500.0,185570.4,179361.79,3.346,10.42,0.57,2.67,False,False,False,미돌파,0,0.0
214320,이노션,2026-02-25,20250.0,20290.5,19730.68,2.759,0.0,1.12,0.49,False,True,False,미돌파,0,0.0
012750,에스원,2026-02-25,92100.0,93687.0,90722.14,3.165,4.35,0.98,0.11,False,False,False,미돌파,0,0.0
137400,피엔티,2026-02-25,54500.0,55911.6,52199.64,6.639,12.9,0.8,-6.45,True,False,False,미돌파,0,0.0
000990,DB하이텍,2026-02-25,90900.0,93486.6,89070.71,4.724,11.76,0.66,2.26,False,False,True,추적청산,4,0.087
115180,큐리언트,2026-02-25,32300.0,33416.7,31419.11,5.978,9.68,0.41,6.38,False,False,True,손절,1,-1.05
347700,스피어,2026-02-25,43050.0,47043.9,34240.27,27.216,2.1,1.8,3.48,True,False,False,미돌파,0,0.0
376900,로킷헬스케어,2026-02-25,63800.0,65130.0,60999.64,6.342,9.38,0.46,-3.74,True,False,False,미돌파,0,0.0
066970,엘앤에프,2026-02-25,124900.0,126252.0,121124.82,4.061,10.53,0.63,-10.43,True,False,True,손절,3,-1.235
161890,한국콜마,2026-02-25,71600.0,72144.0,70229.29,2.654,7.14,0.96,1.1,True,False,True,추적청산,3,0.741
039490,키움증권,2026-02-25,467500.0,475449.0,450839.29,5.176,13.16,0.75,0.43,False,False,False,미돌파,0,0.0
053800,안랩,2026-02-25,65600.0,67434.6,64735.36,4.003,0.0,1.06,0.0,True,False,False,미돌파,0,0.0
247540,에코프로비엠,2026-02-25,216000.0,220440.0,208902.32,5.234,0.0,0.41,-10.15,True,False,True,손절,3,-1.057
383310,에코프로에이치엔,2026-02-25,36250.0,37074.0,35193.39,5.073,3.57,0.4,-4.77,True,False,True,추적청산,2,0.315
007660,이수페타시스,2026-02-25,116100.0,120240.0,112064.64,6.799,12.86,1.66,-14.27,True,False,True,손절,2,-1.044
237690,에스티팜,2026-02-26,147100.0,148997.4,139928.93,6.086,10.53,0.86,4.17,True,False,True,추적청산,3,0.451
017940,E1,2026-02-26,105700.0,106913.4,102701.07,3.94,6.45,0.68,1.58,False,False,False,미돌파,0,0.0
001720,신영증권,2026-02-26,233000.0,236472.0,220752.86,6.647,12.0,1.12,3.12,False,False,False,미돌파,0,0.0
079900,전진건설로봇,2026-02-26,59000.0,61021.8,57131.43,6.375,12.9,0.31,2.32,True,False,False,미돌파,0,0.0
128940,한미약품,2026-02-26,594000.0,601200.0,572364.29,4.796,13.64,0.51,4.35,False,False,False,미돌파,0,0.0
094170,동운아나텍,2026-02-26,29400.0,30961.8,27525.0,11.1,14.29,1.83,6.52,True,False,True,손절,2,-1.027
131290,티에스이,2026-02-26,93200.0,95190.0,89717.5,5.749,4.65,0.51,2.2,False,False,False,미돌파,0,0.0
030000,제일기획,2026-02-26,22050.0,22344.6,21672.86,3.006,0.0,1.11,0.0,True,False,False,미돌파,0,0.0
457190,이수스페셜티케미컬,2026-02-26,106800.0,112224.0,103815.54,7.493,10.0,1.03,-5.95,True,False,True,손절,3,-1.518
003030,세아제강지주,2026-02-26,147000.0,154308.0,144265.71,6.508,0.0,1.17,1.08,False,False,False,미돌파,0,0.0
204320,HL만도,2026-02-26,63100.0,63426.6,60673.04,4.341,4.55,0.85,-4.82,True,True,True,손절,1,-1.069
415640,KB발해인프라,2026-02-26,10020.0,10120.2,9985.0,1.336,0.0,1.72,0.0,True,False,False,미돌파,0,0.0
068270,셀트리온,2026-02-26,230666.0,233037.14,226053.44,2.997,9.08,0.75,1.02,False,False,False,미돌파,0,0.0
399720,가온칩스,2026-02-26,71100.0,71843.4,68921.43,4.067,9.09,0.57,-2.16,True,False,False,미돌파,0,0.0
030610,교보증권,2026-02-26,15130.0,15841.62,14520.64,8.339,10.53,1.16,5.08,False,False,False,미돌파,0,0.0
052020,에스티큐브,2026-02-26,8930.0,9128.22,8603.18,5.752,6.98,0.76,0.78,False,False,False,미돌파,0,0.0
039490,키움증권,2026-02-26,471500.0,474948.0,447160.71,5.851,6.67,0.68,3.28,True,True,True,손절,2,-1.051
218410,RFHIC,2026-02-26,57300.0,57514.8,53941.61,6.213,0.0,0.67,2.72,False,True,True,추적청산,3,0.452
145020,휴젤,2026-02-26,265500.0,271542.0,259464.29,4.448,5.26,0.64,1.48,False,False,False,미돌파,0,0.0
029780,삼성카드,2026-02-26,63100.0,63827.4,61436.79,3.745,5.26,0.92,1.1,False,False,True,손절,2,-1.08
028670,팬오션,2026-02-26,5300.0,5360.7,5121.59,4.46,10.53,0.77,4.16,False,False,True,손절,1,-1.067
023590,다우기술,2026-02-26,57100.0,58416.6,55675.0,4.693,14.29,0.57,0.52,False,False,False,미돌파,0,0.0
111770,영원무역,2026-02-27,96900.0,101903.4,90065.71,11.617,11.21,2.35,-11.64,True,False,True,손절,2,-1.026
348370,엔켐,2026-02-27,76000.0,78857.4,74606.79,5.39,14.71,0.7,5.35,False,False,False,미돌파,0,0.0
033240,자화전자,2026-02-27,41800.0,43587.0,40380.18,7.357,3.77,0.42,2.68,False,False,False,미돌파,0,0.0
093050,LF,2026-02-27,22550.0,22895.7,21702.57,5.211,15.0,0.61,3.22,False,False,False,미돌파,0,0.0
010780,아이에스동서,2026-02-27,31150.0,31863.6,30363.93,4.707,13.04,0.5,2.81,False,False,False,미돌파,0,0.0
036810,에프에스티,2026-02-27,44050.0,45290.4,42430.54,6.315,6.38,1.28,-0.69,True,False,False,미돌파,0,0.0
192820,코스맥스,2026-02-27,190000.0,191281.8,183887.5,3.866,1.75,1.03,2.46,True,False,False,미돌파,0,0.0
028670,팬오션,2026-02-27,5280.0,5380.74,5071.38,5.749,11.54,0.98,1.31,True,False,True,추적청산,2,0.448
376300,디어유,2026-02-27,38400.0,39378.6,37441.07,4.92,0.0,0.57,9.0,False,False,False,미돌파,0,0.0
053610,프로텍,2026-02-27,58600.0,60520.8,56642.5,6.408,3.33,0.62,1.18,False,False,False,미돌파,0,0.0
020150,롯데에너지머티리얼즈,2026-02-27,44700.0,45641.1,43632.14,4.402,6.67,0.33,-1.02,True,False,False,미돌파,0,0.0
094170,동운아나텍,2026-02-27,29300.0,31462.8,28613.75,9.055,9.8,1.77,6.39,False,False,False,미돌파,0,0.0
097230,HJ중공업,2026-02-27,25300.0,25901.7,24652.32,4.824,5.0,1.81,5.77,True,False,True,손절,1,-1.062
232140,와이씨,2026-02-27,21600.0,22695.3,20639.43,9.059,8.57,0.61,-1.41,True,False,False,미돌파,0,0.0
225570,넥슨게임즈,2026-02-27,11860.0,11993.94,11646.5,2.897,14.29,0.67,3.03,True,False,True,손절,1,-1.104
356860,티엘비,2026-02-27,28893.0,29380.64,28092.64,4.384,5.03,0.7,1.94,True,False,True,손절,1,-1.336
214320,이노션,2026-02-27,20050.0,20240.4,19732.71,2.508,12.5,0.93,1.72,True,False,True,손절,1,-1.12
064760,티씨케이,2026-02-27,224500.0,231963.0,215507.86,7.094,3.7,0.93,-5.15,True,False,True,손절,1,-1.042
095610,테스,2026-02-27,73600.0,75150.0,70687.86,5.938,14.29,0.54,0.27,False,False,True,손절,1,-1.051
115180,큐리언트,2026-02-27,32250.0,32865.6,30655.18,6.726,2.86,0.67,0.15,True,False,False,미돌파,0,0.0
033500,동성화인텍,2026-02-27,29450.0,30661.2,28709.46,6.365,12.12,0.88,0.51,True,False,True,손절,2,-1.047
018290,브이티,2026-02-27,17300.0,17785.5,16978.79,4.536,11.11,1.59,10.13,True,False,False,미돌파,0,0.0
490470,세미파이브,2026-02-27,27350.0,27905.7,26552.68,4.849,15.0,0.54,4.54,False,False,False,미돌파,0,0.0
067310,하나마이크론,2026-02-27,36200.0,37575.0,34853.93,7.242,8.7,0.84,-3.87,True,False,True,손절,1,-1.041
253450,스튜디오드래곤,2026-02-27,44650.0,45390.6,44112.14,2.817,5.26,0.89,5.2,True,False,False,미돌파,0,0.0
006110,삼아알미늄,2026-02-27,31150.0,32164.2,30464.82,5.283,7.14,0.49,2.66,True,False,True,손절,1,-1.057
068760,셀트리온제약,2026-02-27,71800.0,72945.6,70763.93,2.991,12.5,0.49,4.52,False,False,False,미돌파,0,0.0
000100,유한양행,2026-02-27,110200.0,110921.4,108033.93,2.603,9.09,1.7,1.43,False,True,False,미돌파,0,0.0
003530,한화투자증권,2026-02-27,8340.0,8667.3,8036.36,7.28,10.2,0.41,10.32,False,False,False,미돌파,0,0.0
185750,종근당,2026-02-27,93400.0,95590.8,92371.43,3.368,7.69,0.88,3.11,False,False,False,미돌파,0,0.0
003090,대웅,2026-02-27,26950.0,28156.2,26368.04,6.351,0.0,0.79,3.23,False,False,False,미돌파,0,0.0
458870,씨어스,2026-02-27,46492.0,48322.45,45245.03,6.369,7.89,0.87,7.68,True,False,False,미돌파,0,0.0
241560,두산밥캣,2026-02-27,65000.0,67635.0,63044.64,6.787,12.5,8.2,0.76,True,False,True,손절,2,-1.054
082270,젬백스,2026-02-27,46600.0,48947.7,45290.89,7.471,0.0,0.89,0.21,False,False,False,미돌파,0,0.0
010140,삼성중공업,2026-02-27,28950.0,29559.0,28711.79,2.866,0.0,1.38,1.86,True,False,True,손절,1,-1.105
128940,한미약품,2026-02-27,593000.0,599196.0,565910.71,5.555,14.81,0.75,2.79,True,False,True,손절,2,-1.923
069620,대웅제약,2026-03-03,178600.0,186772.8,171632.32,8.106,4.48,1.34,6.93,True,False,False,미돌파,0,0.0
475960,토모큐브,2026-03-03,64000.0,66933.6,62183.04,7.097,2.63,0.6,3.47,False,False,False,미돌파,0,0.0
064760,티씨케이,2026-03-03,217000.0,238476.0,209385.71,12.198,7.69,1.06,-2.36,True,False,False,미돌파,0,0.0
950160,코오롱티슈진,2026-03-03,105100.0,113025.6,98938.75,12.463,1.56,1.28,-8.57,True,False,False,미돌파,0,0.0
086790,하나금융지주,2026-03-03,120100.0,123145.8,118196.43,4.019,12.82,0.97,6.97,True,False,False,미돌파,0,0.0
041830,인바디,2026-03-03,31600.0,32665.2,30616.43,6.272,11.43,1.36,11.24,True,False,False,미돌파,0,0.0
030200,KT,2026-03-03,63000.0,65330.4,62111.07,4.928,0.0,0.97,6.94,False,False,False,미돌파,0,0.0
383800,LX홀딩스,2026-03-03,8610.0,8927.82,8003.32,10.355,10.59,1.24,9.75,True,False,False,미돌파,0,0.0
347700,스피어,2026-03-03,42950.0,46693.2,40840.98,12.533,3.06,0.9,5.81,False,False,False,미돌파,0,0.0
214320,이노션,2026-03-03,19810.0,20290.5,19633.68,3.237,1.82,0.79,3.83,True,False,False,미돌파,0,0.0
033500,동성화인텍,2026-03-03,29450.0,31312.5,28757.86,8.159,6.67,1.51,3.6,True,False,False,미돌파,0,0.0
028050,삼성E&A,2026-03-03,35150.0,37474.8,34233.21,8.65,0.0,1.39,1.54,False,False,False,미돌파,0,0.0
145990,삼양사,2026-03-03,50400.0,51202.2,49771.79,2.794,9.09,0.73,5.79,True,False,False,미돌파,0,0.0
081660,미스토홀딩스,2026-03-03,48950.0,49899.6,48165.18,3.476,3.85,0.91,8.85,False,False,False,미돌파,0,0.0
033790,피노,2026-03-03,5910.0,6382.74,5746.75,9.964,3.51,1.06,1.66,True,False,False,미돌파,0,0.0
214430,아이쓰리시스템,2026-03-03,111000.0,123246.0,105642.86,14.283,4.94,2.59,1.77,False,False,False,미돌파,0,0.0
099190,아이센스,2026-03-03,22550.0,23647.2,21830.82,7.681,3.45,0.78,16.48,False,False,False,미돌파,0,0.0
003850,보령,2026-03-03,9810.0,10110.18,9568.11,5.362,8.89,0.69,3.82,True,False,False,미돌파,0,0.0
122640,예스티,2026-03-04,21600.0,23346.6,20141.25,13.729,12.07,1.43,9.43,False,False,True,시간손절,5,0.182
089860,롯데렌탈,2026-03-04,31750.0,32214.3,30256.43,6.078,2.86,1.55,7.57,False,False,True,시간손절,5,0.02
052020,에스티큐브,2026-03-04,7950.0,8597.16,7727.25,10.119,2.56,1.81,12.64,False,False,True,추적청산,10,4.771
005440,현대지에프홀딩스,2026-03-04,13810.0,14699.34,13142.32,10.592,2.36,0.5,26.35,True,False,True,시간손절,5,-0.381
439260,대한조선,2026-03-04,92200.0,102204.0,88096.79,13.803,3.08,2.18,2.23,False,False,True,시간손절,5,-0.213
00104K,CJ4우(전환),2026-03-04,165000.0,167634.6,154968.21,7.556,11.5,1.53,9.84,True,True,True,손절,2,-1.04
219130,타이거일렉,2026-03-04,25700.0,27855.6,23838.57,14.421,9.86,2.41,26.15,True,False,True,시간손절,5,0.227
089030,테크윙,2026-03-04,51000.0,58617.0,46474.82,20.714,2.63,5.77,-11.48,True,False,True,추적청산,4,0.691
086450,동국제약,2026-03-05,18700.0,19388.7,18085.46,6.722,14.68,0.93,11.79,False,False,True,시간손절,5,-0.757
023160,태광,2026-03-05,25200.0,25701.3,24184.29,5.902,12.5,1.07,13.1,False,False,True,추적청산,8,1.553
025540,한국단자,2026-03-05,71500.0,72444.6,69603.93,3.921,4.55,1.0,10.4,False,False,False,미돌파,0,0.0
002240,고려제강,2026-03-05,21400.0,21893.7,20662.5,5.624,10.0,1.39,7.36,False,False,False,미돌파,0,0.0
014620,성광벤드,2026-03-05,32800.0,34068.0,30144.46,11.517,13.04,0.9,10.14,True,False,True,시간손절,5,0.441
241710,코스메카코리아,2026-03-05,73600.0,76252.2,71758.93,5.893,11.43,0.87,13.21,False,False,True,손절,1,-1.051
483650,달바글로벌,2026-03-05,149400.0,153105.6,145273.21,5.116,9.52,0.62,12.27,False,False,False,미돌파,0,0.0
126340,비나텍,2026-03-05,121000.0,125250.0,113867.14,9.088,12.63,0.71,-1.68,True,False,True,추적청산,7,1.093
006400,삼성SDI,2026-03-05,392500.0,407814.0,380451.79,6.709,6.82,0.94,9.35,False,False,True,손절,2,-1.045
006110,삼아알미늄,2026-03-05,30350.0,31062.0,27869.46,10.278,3.57,2.85,6.33,False,False,True,시간손절,5,0.108
003550,LG,2026-03-05,96800.0,98797.2,93162.86,5.703,0.0,1.13,3.1,False,False,False,미돌파,0,0.0
083650,비에이치아이,2026-03-05,80800.0,85470.6,78622.86,8.012,7.02,1.09,8.91,True,False,True,추적청산,5,1.582
035720,카카오,2026-03-05,51200.0,52504.8,49837.14,5.081,0.0,1.01,10.8,False,False,True,손절,2,-1.059
0126Z0,삼성에피스홀딩스,2026-03-05,561000.0,578154.0,540439.29,6.523,6.45,0.47,16.64,False,False,False,미돌파,0,0.0
081660,미스토홀딩스,2026-03-05,48100.0,48897.6,46211.96,5.492,11.11,0.7,8.73,False,False,False,미돌파,0,0.0
034230,파라다이스,2026-03-05,17090.0,17595.12,16741.14,4.853,6.15,0.71,12.9,False,False,False,미돌파,0,0.0
138930,BNK금융지주,2026-03-05,18800.0,19238.4,17841.64,7.26,8.33,0.82,13.56,False,False,False,미돌파,0,0.0
010060,OCI홀딩스,2026-03-05,131300.0,135971.4,126285.71,7.123,3.9,0.32,11.1,False,False,True,추적청산,8,1.569
000240,한국앤컴퍼니,2026-03-05,25800.0,26853.6,24248.04,9.703,9.09,0.79,22.52,False,False,False,미돌파,0,0.0
028260,삼성물산,2026-03-05,293000.0,299598.0,283994.64,5.208,12.5,1.2,15.56,False,False,False,미돌파,0,0.0
041960,코미팜,2026-03-05,8410.0,8707.38,7990.71,8.231,10.17,0.62,6.56,False,False,False,미돌파,0,0.0
000720,현대건설,2026-03-05,144000.0,148797.0,134446.79,9.644,8.26,0.73,7.22,False,False,True,시간손절,5,0.45
047040,대우건설,2026-03-05,8540.0,9198.36,8035.32,12.644,6.12,0.74,2.4,False,False,False,미돌파,0,0.0
001800,오리온홀딩스,2026-03-05,22950.0,23396.7,22100.27,5.541,0.0,0.75,8.02,False,False,False,미돌파,0,0.0
099190,아이센스,2026-03-05,21450.0,22094.1,20400.18,7.667,0.0,0.75,15.88,False,False,True,손절,2,-1.039
241560,두산밥캣,2026-03-05,57200.0,58516.8,54631.07,6.64,6.25,0.85,11.73,False,False,True,추적청산,6,0.53
009240,한샘,2026-03-05,42950.0,43737.3,41737.86,4.571,3.23,0.99,14.44,False,False,True,손절,2,-1.385
042660,한화오션,2026-03-05,122100.0,124949.4,117168.21,6.227,14.52,0.99,14.01,False,False,True,손절,1,-1.07
018260,삼성에스디에스,2026-03-05,166900.0,170640.6,162595.71,4.715,4.62,1.22,6.6,False,False,False,미돌파,0,0.0
005250,녹십자홀딩스,2026-03-05,14330.0,14669.28,13928.79,5.048,11.11,1.0,13.41,False,False,False,미돌파,0,0.0
035900,JYP Ent.,2026-03-05,61600.0,63727.2,59866.25,6.059,14.71,1.26,11.75,False,False,True,시간손절,5,0.643
006120,SK디스커버리,2026-03-05,54100.0,54308.4,51802.86,4.614,5.26,0.55,12.46,False,True,True,추적청산,2,0.254
139130,iM금융지주,2026-03-05,17250.0,17635.2,16527.07,6.284,3.33,1.28,15.23,False,False,False,미돌파,0,0.0
034730,SK,2026-03-05,359500.0,375249.0,349669.64,6.817,2.38,1.18,12.1,True,False,False,미돌파,0,0.0
068760,셀트리온제약,2026-03-05,62800.0,65831.4,60455.71,8.166,14.89,1.26,15.02,False,False,False,미돌파,0,0.0
093050,LF,2026-03-05,20450.0,21292.5,19933.07,6.385,13.04,0.47,10.89,False,False,False,미돌파,0,0.0
298050,HS효성첨단소재,2026-03-05,209000.0,214428.0,202574.64,5.528,10.53,0.91,20.68,False,False,False,미돌파,0,0.0
005850,에스엘,2026-03-05,66000.0,67534.8,63220.0,6.389,14.71,0.8,8.59,False,False,True,손절,2,-1.121
499790,GS피앤엘,2026-03-05,46650.0,48997.8,45414.46,7.313,1.72,0.6,17.87,False,False,False,미돌파,0,0.0
458870,씨어스,2026-03-05,40188.0,42608.05,38169.56,10.417,13.03,1.0,16.9,False,False,False,미돌파,0,0.0
034020,두산에너빌리티,2026-03-05,90500.0,93386.4,88183.93,5.571,12.2,0.89,12.31,False,False,True,추적청산,10,1.562
060370,LS마린솔루션,2026-03-05,27500.0,28607.1,26658.21,6.813,3.23,1.03,17.42,False,False,False,미돌파,0,0.0
023530,롯데쇼핑,2026-03-05,96000.0,98396.4,92233.93,6.263,14.29,0.65,14.44,False,False,True,손절,2,-1.248
259960,크래프톤,2026-03-05,220000.0,225951.0,214256.25,5.176,5.26,1.09,17.29,False,False,True,손절,2,-1.422
006730,서부T&D,2026-03-05,14130.0,14609.16,13617.71,6.786,13.41,0.96,13.37,False,False,True,손절,2,-1.044
460860,동국제강,2026-03-05,8710.0,8847.66,8431.18,4.707,3.23,0.87,5.53,False,False,True,추적청산,2,0.427
120110,코오롱인더,2026-03-05,61400.0,63927.6,59244.29,7.326,7.69,0.8,4.51,False,False,False,미돌파,0,0.0
140410,메지온,2026-03-05,128600.0,136272.0,120928.57,11.259,14.93,1.33,1.08,False,False,False,미돌파,0,0.0
004990,롯데지주,2026-03-05,31400.0,32013.9,30192.14,5.691,0.0,0.64,16.49,False,False,False,미돌파,0,0.0
032830,삼성생명,2026-03-05,214000.0,219939.0,202933.39,7.732,14.29,1.09,13.01,True,False,False,미돌파,0,0.0
016360,삼성증권,2026-03-05,95200.0,98797.2,93033.93,5.833,13.33,1.07,13.53,False,False,False,미돌파,0,0.0
383800,LX홀딩스,2026-03-05,8260.0,8336.64,7996.46,4.08,11.54,0.7,16.06,False,False,False,미돌파,0,0.0
001430,세아베스틸지주,2026-03-05,61000.0,64328.4,58987.5,8.303,6.67,0.93,13.48,False,False,False,미돌파,0,0.0
018880,한온시스템,2026-03-05,3960.0,4178.34,3822.43,8.518,12.96,0.41,12.58,False,False,True,손절,2,-1.035
329180,HD현대중공업,2026-03-05,559000.0,566130.0,540189.29,4.582,5.0,0.92,5.89,False,False,False,미돌파,0,0.0
039200,오스코텍,2026-03-05,50600.0,53506.8,46935.54,12.281,12.82,1.13,5.07,False,False,True,손절,5,-1.024
004000,롯데정밀화학,2026-03-05,44600.0,45540.9,43224.55,5.086,13.16,0.8,13.23,False,False,True,추적청산,7,1.468
002380,KCC,2026-03-05,539000.0,555108.0,518282.14,6.634,3.45,1.05,20.15,False,False,False,미돌파,0,0.0
248070,솔루엠,2026-03-05,16960.0,17214.36,16442.0,4.487,6.67,0.68,10.45,False,False,True,손절,2,-1.067
011200,HMM,2026-03-05,21250.0,21693.3,20488.5,5.554,5.26,1.42,9.38,False,False,True,손절,2,-1.054
010140,삼성중공업,2026-03-05,27200.0,27655.2,25635.71,7.302,11.43,1.55,6.04,False,False,True,추적청산,7,0.718
267260,HD현대일렉트릭,2026-03-05,984000.0,1009014.0,952753.57,5.576,2.22,1.12,7.61,True,False,False,미돌파,0,0.0
456160,지투지바이오,2026-03-05,90200.0,93186.0,86200.18,7.497,5.56,0.81,14.5,False,False,True,추적청산,2,0.46
001720,신영증권,2026-03-05,188700.0,195790.8,179281.79,8.432,12.5,0.84,19.01,False,False,True,손절,2,-1.295
007390,네이처셀,2026-03-05,19770.0,20741.4,18884.98,8.95,7.93,1.64,10.74,False,False,False,미돌파,0,0.0
253450,스튜디오드래곤,2026-03-05,38900.0,40530.9,37980.0,6.294,4.55,1.7,15.43,False,False,True,시간손절,5,-0.491
257720,실리콘투,2026-03-05,38750.0,40029.9,37450.18,6.444,11.63,0.63,11.63,False,False,True,손절,2,-1.047
457190,이수스페셜티케미컬,2026-03-05,97000.0,99699.0,92789.11,6.931,12.96,0.68,6.82,False,False,True,손절,2,-1.043
251270,넷마블,2026-03-05,48500.0,48847.5,45461.43,6.932,13.56,1.8,15.51,True,True,True,추적청산,5,0.981
056080,유진로봇,2026-03-05,30250.0,31963.8,28395.18,11.165,10.34,0.7,18.13,False,False,True,손절,2,-1.027
006800,미래에셋증권,2026-03-05,64918.0,68839.4,62945.86,8.561,2.09,0.85,10.56,False,False,False,미돌파,0,0.0
003620,KG모빌리티,2026-03-05,3510.0,3637.26,3410.2,6.243,0.0,0.54,17.8,False,False,False,미돌파,0,0.0
004170,신세계,2026-03-05,337500.0,347694.0,324290.18,6.731,13.16,0.71,7.15,False,False,False,미돌파,0,0.0
066970,엘앤에프,2026-03-06,118600.0,119137.8,110004.64,7.666,2.63,1.1,5.04,False,True,True,손절,1,-1.039
003540,대신증권,2026-03-06,40000.0,41082.0,37571.43,8.545,12.28,0.23,13.89,False,False,False,미돌파,0,0.0
017670,SK텔레콤,2026-03-06,76500.0,77454.6,74034.64,4.415,7.69,0.5,7.05,False,False,False,미돌파,0,0.0
0126Z0,삼성에피스홀딩스,2026-03-06,544000.0,555108.0,518407.14,6.611,10.0,0.7,20.12,False,False,False,미돌파,0,0.0
031330,에스에이엠티,2026-03-06,4870.0,4984.95,4630.86,7.103,14.04,0.73,12.88,False,False,False,미돌파,0,0.0
032350,롯데관광개발,2026-03-06,19060.0,19458.84,18339.79,5.751,10.34,0.54,18.37,True,False,False,미돌파,0,0.0
475960,토모큐브,2026-03-06,59600.0,62023.8,56208.21,9.376,2.04,0.51,8.59,False,False,False,미돌파,0,0.0
041960,코미팜,2026-03-06,8350.0,8557.08,8043.61,6.001,10.26,0.35,7.84,False,False,False,미돌파,0,0.0
000640,동아쏘시오홀딩스,2026-03-06,103823.0,105197.98,100405.57,4.556,9.74,1.48,10.62,True,False,False,미돌파,0,0.0
003550,LG,2026-03-06,94000.0,96592.8,91444.64,5.33,9.52,0.67,9.09,False,False,False,미돌파,0,0.0
326030,SK바이오팜,2026-03-06,102900.0,106512.6,99424.29,6.655,11.48,0.76,12.57,False,False,False,미돌파,0,0.0
005250,녹십자홀딩스,2026-03-06,14050.0,14468.88,13766.54,4.854,3.39,1.08,11.91,False,False,False,미돌파,0,0.0
037460,삼지전자,2026-03-06,21000.0,21793.5,19898.43,8.696,3.12,0.67,14.11,False,False,False,미돌파,0,0.0
383220,F&F,2026-03-06,62800.0,63827.4,60900.71,4.585,4.35,0.86,12.41,True,False,False,미돌파,0,0.0
319400,현대무벡스,2026-03-06,31800.0,33066.0,28860.54,12.718,5.56,0.56,6.74,False,False,False,미돌파,0,0.0
016380,KG스틸,2026-03-06,5570.0,5611.2,5396.14,3.833,0.0,0.83,6.86,False,False,False,미돌파,0,0.0
090710,휴림로봇,2026-03-06,12860.0,13647.24,11894.25,12.845,8.5,0.74,14.49,False,False,False,미돌파,0,0.0
075580,세진중공업,2026-03-06,16160.0,16472.88,15424.64,6.363,4.82,0.75,14.95,False,False,True,손절,1,-1.047
003620,KG모빌리티,2026-03-06,3505.0,3617.22,3349.34,7.406,11.36,0.27,15.44,False,False,False,미돌파,0,0.0
009150,삼성전기,2026-03-06,404500.0,415830.0,383849.11,7.691,1.92,0.64,13.29,False,False,False,미돌파,0,0.0
073240,금호타이어,2026-03-06,5960.0,6092.16,5757.07,5.5,0.0,0.6,16.06,False,False,False,미돌파,0,0.0
025540,한국단자,2026-03-06,70700.0,71843.4,69097.5,3.822,0.0,0.84,14.92,False,False,False,미돌파,0,0.0
001060,JW중외제약,2026-03-06,32300.0,32915.7,30676.96,6.801,5.41,0.44,10.77,False,False,False,미돌파,0,0.0
094170,동운아나텍,2026-03-06,27850.0,28957.8,26751.07,7.62,13.51,0.64,5.27,False,False,False,미돌파,0,0.0
140410,메지온,2026-03-06,125100.0,133266.0,118595.36,11.009,7.09,0.84,6.15,False,False,True,손절,1,-1.266
323280,태성,2026-03-06,76900.0,77955.6,70268.21,9.861,1.54,0.97,-9.08,True,True,False,미돌파,0,0.0
328130,루닛,2026-03-06,16921.0,17518.97,16111.07,8.036,3.86,0.56,11.3,False,False,False,미돌파,0,0.0
079160,CJ CGV,2026-03-06,5030.0,5090.16,4849.62,4.725,0.0,0.87,10.34,False,False,False,미돌파,0,0.0
018260,삼성에스디에스,2026-03-06,163900.0,167734.8,159256.07,5.055,5.8,0.88,14.32,False,False,False,미돌파,0,0.0
093320,케이아이엔엑스,2026-03-06,110000.0,111723.0,103955.36,6.953,3.08,0.89,6.14,False,False,False,미돌파,0,0.0
001120,LX인터내셔널,2026-03-06,39500.0,40480.8,38080.98,5.928,7.79,0.71,11.63,False,False,True,추적청산,2,0.449
383800,LX홀딩스,2026-03-06,8250.0,8296.56,7935.61,4.351,3.57,0.62,12.7,False,True,False,미돌파,0,0.0
137310,에스디바이오센서,2026-03-06,7590.0,7995.96,7402.89,7.417,5.77,0.79,11.23,False,False,False,미돌파,0,0.0
008770,호텔신라,2026-03-06,42050.0,42835.5,41058.93,4.147,10.34,0.38,13.12,False,False,False,미돌파,0,0.0
005180,빙그레,2026-03-06,76400.0,77655.0,74300.36,4.32,7.14,0.8,8.17,False,False,False,미돌파,0,0.0
277810,레인보우로보틱스,2026-03-06,832000.0,880758.0,773760.71,12.148,5.32,1.07,5.45,False,False,False,미돌파,0,0.0
004800,효성,2026-03-06,146200.0,146793.0,139470.0,4.989,3.64,0.39,16.31,False,True,False,미돌파,0,0.0
007660,이수페타시스,2026-03-06,114600.0,116432.4,105800.71,9.131,14.44,0.61,3.29,False,False,False,미돌파,0,0.0
030190,NICE평가정보,2026-03-06,16550.0,16613.16,15892.11,4.34,5.17,0.7,2.07,False,True,False,미돌파,0,0.0
009520,포스코엠텍,2026-03-09,17500.0,17895.72,16823.38,5.992,5.81,0.53,11.84,False,False,True,시간손절,5,0.019
060370,LS마린솔루션,2026-03-09,26550.0,27054.0,25179.29,6.93,3.45,0.87,20.75,False,False,True,추적청산,7,1.509
383220,F&F,2026-03-09,60000.0,60821.4,57523.21,5.423,0.0,0.73,15.13,True,False,True,추적청산,5,0.76
089970,브이엠,2026-03-09,39900.0,42234.3,37674.64,10.796,6.41,0.71,4.09,False,False,True,시간손절,5,-0.518
214450,파마리서치,2026-03-09,315500.0,322143.0,298783.93,7.251,10.0,0.39,9.73,False,False,True,시간손절,5,-0.647
466100,클로봇,2026-03-09,54558.0,56375.53,52312.13,7.208,8.98,0.55,22.37,False,False,True,손절,4,-1.118
003090,대웅,2026-03-09,22100.0,22695.3,21484.29,5.336,11.11,0.8,18.0,True,False,True,추적청산,4,0.735
097950,CJ제일제당,2026-03-09,190000.0,190380.0,185207.5,2.717,10.26,0.78,11.21,True,True,True,추적청산,5,1.068
001820,삼화콘덴서,2026-03-09,43350.0,44589.0,40654.64,8.824,0.0,0.33,19.57,False,False,True,추적청산,9,2.323
145020,휴젤,2026-03-09,249500.0,253506.0,239180.36,5.651,0.0,0.5,7.59,False,False,True,손절,3,-1.053
456160,지투지바이오,2026-03-09,95600.0,98997.6,90439.46,8.645,13.24,0.55,11.65,True,False,True,추적청산,5,0.699
018880,한온시스템,2026-03-09,3925.0,4028.04,3658.54,9.173,8.62,0.19,15.41,False,False,True,시간손절,5,-0.109
000720,현대건설,2026-03-09,146400.0,147995.4,137582.14,7.036,12.66,0.72,11.11,False,True,True,추적청산,2,0.457
005070,코스모신소재,2026-03-09,49100.0,51001.8,46032.23,9.744,0.0,0.73,15.92,False,False,True,시간손절,5,-0.786
300720,한일시멘트,2026-03-09,16190.0,16292.52,15700.68,3.633,13.04,0.64,11.09,True,False,True,추적청산,5,0.703
011070,LG이노텍,2026-03-09,250500.0,255009.0,236341.07,7.32,10.34,0.55,21.47,False,False,True,시간손절,5,-0.095
064960,SNT모티브,2026-03-09,32350.0,32665.2,30941.25,5.278,10.71,0.89,13.15,False,False,True,시간손절,5,-0.037
028670,팬오션,2026-03-09,5000.0,5300.58,4733.89,10.691,12.63,0.76,5.3,False,False,False,미돌파,0,0.0
001530,DI동일,2026-03-09,19920.0,21042.0,19006.71,9.672,9.77,1.28,17.17,True,False,False,미돌파,0,0.0
267250,HD현대,2026-03-09,263000.0,274047.0,254203.57,7.241,9.09,0.68,10.09,False,False,True,시간손절,5,-0.598
131970,두산테스나,2026-03-09,63100.0,66232.2,60361.07,8.864,6.12,1.01,7.21,False,False,True,추적청산,13,3.299
302440,SK바이오사이언스,2026-03-09,41450.0,41933.7,40524.64,3.36,14.29,0.89,15.32,True,False,True,추적청산,4,0.612
128940,한미약품,2026-03-09,481500.0,489477.0,458933.93,6.24,8.33,0.78,18.8,True,False,True,추적청산,3,0.428
319400,현대무벡스,2026-03-09,29600.0,30636.15,28039.64,8.475,2.53,0.32,14.45,False,False,True,추적청산,4,0.458
030530,원익홀딩스,2026-03-09,30400.0,31362.6,28920.36,7.787,10.26,0.57,13.14,False,False,True,시간손절,5,0.141
079900,전진건설로봇,2026-03-09,49800.0,50901.6,46935.54,7.792,1.54,0.16,16.86,True,False,True,추적청산,5,0.814
347850,디앤디파마텍,2026-03-09,78900.0,81262.2,75352.5,7.272,10.87,0.63,14.61,False,False,True,추적청산,7,0.758
348370,엔켐,2026-03-09,60000.0,62124.0,56431.07,9.164,10.64,1.16,21.05,False,False,True,손절,4,-1.108
008770,호텔신라,2026-03-09,40400.0,40631.1,39459.46,2.884,5.88,0.59,15.75,True,False,True,추적청산,4,1.108
397030,에이프릴바이오,2026-03-09,61400.0,63627.0,58716.43,7.718,5.26,0.4,14.96,False,False,True,추적청산,6,0.461
069620,대웅제약,2026-03-09,162100.0,165229.8,156211.61,5.458,1.41,0.71,8.05,False,False,True,시간손절,5,-0.568
056080,유진로봇,2026-03-09,29550.0,30561.0,27806.61,9.013,2.27,0.28,19.15,False,False,True,손절,4,-1.033
383800,LX홀딩스,2026-03-09,8110.0,8156.28,7762.07,4.833,3.23,0.6,10.78,True,True,True,시간손절,5,-0.129
399720,가온칩스,2026-03-09,58100.0,61422.6,55537.14,9.582,14.0,0.81,16.52,False,False,True,시간손절,5,-0.001
062040,산일전기,2026-03-09,138400.0,140981.4,131818.04,6.5,5.71,0.4,16.98,False,False,True,추적청산,3,0.58
090360,로보스타,2026-03-09,64500.0,65831.4,61196.43,7.041,5.41,0.62,19.58,False,False,True,추적청산,4,0.422
034730,SK,2026-03-09,329000.0,333165.0,312853.57,6.097,6.45,0.64,17.96,False,False,True,추적청산,3,0.631
014820,동원시스템즈,2026-03-09,23500.0,24298.5,22824.29,6.067,8.0,0.5,11.15,False,False,True,추적청산,5,0.587
020150,롯데에너지머티리얼즈,2026-03-09,37550.0,38376.6,35393.75,7.773,0.0,0.43,16.0,False,False,True,시간손절,5,-0.701
336260,두산퓨얼셀,2026-03-09,37750.0,38877.6,35905.18,7.646,14.89,0.55,5.15,True,False,True,추적청산,6,1.264
032500,케이엠더블유,2026-03-09,16780.0,17414.76,15988.59,8.189,12.82,0.85,10.27,False,False,True,추적청산,8,4.069
096530,씨젠,2026-03-09,22350.0,22745.4,21498.57,5.482,0.0,0.98,14.86,True,False,True,시간손절,5,-0.572
195940,HK이노엔,2026-03-09,48550.0,49599.0,47077.86,5.083,2.5,0.61,10.09,False,False,True,시간손절,5,0.298
011210,현대위아,2026-03-09,82500.0,84769.2,77762.5,8.266,14.29,0.62,18.56,True,False,True,시간손절,5,-0.546
290650,엘앤씨바이오,2026-03-09,82000.0,85069.8,77903.57,8.424,5.56,0.38,16.84,False,False,True,손절,3,-1.036
122640,예스티,2026-03-09,21900.0,23547.0,20400.54,13.362,7.14,1.01,5.19,False,False,True,시간손절,5,0.487
038500,삼표시멘트,2026-03-09,13770.0,15019.98,12894.32,14.152,10.61,0.27,20.63,False,False,False,미돌파,0,0.0
006120,SK디스커버리,2026-03-09,53000.0,56212.2,51378.21,8.6,9.52,1.09,11.37,False,False,True,시간손절,5,0.169
051600,한전KPS,2026-03-09,54400.0,55811.4,52095.36,6.658,9.68,0.48,12.26,False,False,True,추적청산,8,0.897
003570,SNT다이내믹스,2026-03-09,47800.0,49248.3,44778.04,9.077,2.67,0.94,14.64,True,False,True,추적청산,6,0.641
009830,한화솔루션,2026-03-09,47633.0,49523.85,45077.23,8.979,10.55,0.36,4.72,True,False,False,미돌파,0,0.0
127120,제이에스링크,2026-03-09,37650.0,38226.3,34859.11,8.809,11.11,0.72,3.59,False,False,True,손절,2,-1.034
475960,토모큐브,2026-03-09,54500.0,56312.4,51358.93,8.796,12.5,0.86,16.92,False,False,True,손절,4,-1.034
042700,한미반도체,2026-03-09,305000.0,314127.0,288201.07,8.253,7.32,0.66,5.72,False,False,True,시간손절,5,-0.581
0126Z0,삼성에피스홀딩스,2026-03-09,510000.0,515028.0,487719.64,5.302,4.88,0.52,24.44,True,True,True,추적청산,3,0.608
080220,제주반도체,2026-03-09,41150.0,44388.6,39128.21,11.851,12.64,0.38,19.16,False,False,True,시간손절,5,-0.137
383310,에코프로에이치엔,2026-03-09,33750.0,35420.7,31782.5,10.271,3.28,0.43,11.53,False,False,True,손절,3,-1.029
373220,LG에너지솔루션,2026-03-09,359500.0,365229.0,347253.57,4.922,3.57,1.0,15.81,True,False,True,추적청산,4,0.488
005930,삼성전자,2026-03-09,173500.0,175851.0,165335.0,5.98,0.0,1.17,19.86,False,False,True,추적청산,4,0.647
251970,펌텍코리아,2026-03-09,47200.0,48546.9,44689.11,7.947,11.94,0.75,9.4,False,False,True,시간손절,5,-0.931
000640,동아쏘시오홀딩스,2026-03-09,101880.0,102278.15,99018.51,3.187,7.99,0.51,10.27,True,True,True,추적청산,3,0.406
007660,이수페타시스,2026-03-09,103600.0,108216.0,98080.71,9.366,11.9,0.7,18.81,True,False,True,시간손절,5,-0.27
006360,GS건설,2026-03-09,19010.0,19138.2,18245.39,4.665,10.45,0.68,15.13,True,True,True,추적청산,7,2.206
005690,파미셀,2026-03-09,13430.0,13777.5,12647.29,8.203,2.3,0.3,17.3,True,False,True,추적청산,4,1.071
019170,신풍제약,2026-03-09,10500.0,10581.12,10059.79,4.927,0.0,0.65,14.15,False,True,True,추적청산,4,0.649
052400,코나아이,2026-03-09,60200.0,61122.0,56935.0,6.85,9.09,0.55,9.88,False,False,True,추적청산,4,0.919
204270,제이앤티씨,2026-03-09,18240.0,18687.3,17067.68,8.667,11.54,0.57,17.84,False,False,True,시간손절,5,-0.694
486990,노타,2026-03-09,31200.0,32514.9,29860.71,8.163,9.3,0.42,18.54,False,False,True,추적청산,7,2.843
006400,삼성SDI,2026-03-09,389000.0,395289.0,370571.43,6.253,13.16,0.74,16.52,False,False,True,시간손절,5,-0.545
388210,씨엠티엑스,2026-03-09,136000.0,141081.6,128813.57,8.696,5.15,0.76,11.69,False,False,True,시간손절,5,-0.18
011790,SKC,2026-03-09,90985.0,93615.86,86857.82,7.219,5.09,0.67,14.49,False,False,True,시간손절,5,-0.32
460860,동국제강,2026-03-09,8840.0,9168.3,8457.89,7.749,0.0,0.34,13.92,False,False,True,시간손절,5,-0.205
035900,JYP Ent.,2026-03-09,62500.0,63025.8,59692.86,5.288,7.14,0.68,10.46,False,True,True,추적청산,4,0.619
281740,레이크머티리얼즈,2026-03-09,20900.0,21693.3,19623.68,9.54,2.96,0.66,11.63,False,False,True,손절,4,-1.031
003850,보령,2026-03-09,9120.0,9569.1,8802.89,8.007,10.61,0.41,8.34,False,False,False,미돌파,0,0.0
033780,KT&G,2026-03-09,153600.0,156813.0,146951.07,6.289,7.06,0.96,5.82,True,False,True,시간손절,5,-0.485
161890,한국콜마,2026-03-09,66300.0,67033.8,64153.57,4.297,4.55,0.42,13.11,True,False,True,추적청산,8,0.824
298020,효성티앤씨,2026-03-09,305500.0,308616.0,285703.57,7.424,2.78,0.96,28.2,True,True,True,추적청산,5,1.101
126340,비나텍,2026-03-09,125000.0,129057.6,117727.86,8.779,1.08,0.97,-1.13,True,False,True,추적청산,5,0.927
005250,녹십자홀딩스,2026-03-09,13470.0,13847.64,13151.93,5.024,1.72,1.04,15.44,True,False,True,시간손절,5,0.044
121600,나노신소재,2026-03-09,63800.0,65931.6,60365.36,8.442,6.52,0.83,10.64,False,False,True,손절,4,-1.173
267260,HD현대일렉트릭,2026-03-09,907000.0,936870.0,867453.57,7.409,5.17,1.0,13.62,False,False,True,시간손절,5,-0.5
004020,현대제철,2026-03-09,36900.0,37725.3,34787.14,7.788,6.67,0.64,20.65,True,False,True,손절,5,-1.039
036830,솔브레인홀딩스,2026-03-09,49900.0,52805.4,47611.25,9.836,2.3,0.6,10.41,False,False,True,추적청산,4,1.075
108490,로보티즈,2026-03-09,233000.0,242484.0,218264.29,9.988,9.76,0.64,19.24,False,False,True,추적청산,3,0.563
006340,대원전선,2026-03-09,5170.0,5390.76,4779.81,11.333,2.08,0.22,23.86,True,False,True,추적청산,10,1.136
011200,HMM,2026-03-09,20650.0,21643.2,20183.14,6.746,12.5,0.67,3.28,False,False,False,미돌파,0,0.0
008060,대덕,2026-03-09,11440.0,11593.14,10905.5,5.931,10.53,1.03,7.52,False,False,True,추적청산,3,1.102
018290,브이티,2026-03-09,14510.0,14719.38,13907.07,5.519,4.69,1.29,16.13,True,False,True,추적청산,3,0.545
093370,후성,2026-03-09,6820.0,7104.18,6477.36,8.823,11.11,0.86,15.07,False,False,True,시간손절,5,-0.471
160190,하이젠알앤엠,2026-03-09,55600.0,56813.4,52239.29,8.051,10.81,0.54,19.42,False,False,True,시간손절,5,-0.762
021240,코웨이,2026-03-09,72200.0,73647.0,68189.29,7.411,14.89,0.37,11.84,True,False,True,시간손절,5,0.006
006260,LS,2026-03-09,230500.0,232965.0,218117.86,6.373,13.04,0.73,18.98,False,False,True,추적청산,4,0.858
000210,DL,2026-03-09,41000.0,42184.2,39581.25,6.17,9.76,0.62,20.7,True,False,True,추적청산,4,0.685
298040,효성중공업,2026-03-09,2389000.0,2432856.0,2236492.86,8.071,10.3,0.72,15.37,False,False,True,추적청산,4,0.634
004990,롯데지주,2026-03-09,29850.0,30410.7,28678.21,5.697,3.85,0.5,16.5,True,False,True,추적청산,4,0.314
454910,두산로보틱스,2026-03-09,85500.0,87374.4,80402.5,7.979,0.0,0.35,19.72,False,False,True,추적청산,4,0.608
171090,선익시스템,2026-03-09,122200.0,125049.6,112747.14,9.838,12.0,0.41,6.72,True,False,True,손절,3,-1.03
014680,한솔케미칼,2026-03-09,284000.0,297594.0,268082.14,9.917,9.8,0.98,15.98,False,False,True,손절,4,-1.03
166090,하나머티리얼즈,2026-03-09,61800.0,66031.8,58800.71,10.951,11.11,1.25,0.96,False,False,True,손절,4,-1.11
030000,제일기획,2026-03-10,20600.0,20741.4,20248.75,2.375,14.29,0.72,3.51,False,False,True,시간손절,5,-0.007
003030,세아제강지주,2026-03-10,134900.0,137274.0,129115.71,5.943,0.0,0.64,1.53,False,False,True,추적청산,10,3.013
010780,아이에스동서,2026-03-10,28700.0,29759.4,27804.29,6.57,3.12,0.49,4.33,False,False,True,추적청산,5,1.13
001740,SK네트웍스,2026-03-10,5270.0,5511.0,5101.12,7.437,5.88,0.94,5.72,False,False,False,미돌파,0,0.0
036810,에프에스티,2026-03-10,37450.0,39779.4,35919.29,9.704,4.69,0.9,3.23,False,False,False,미돌파,0,0.0
010950,S-Oil,2026-03-10,117900.0,122745.0,112834.64,8.074,14.67,0.95,16.56,True,False,False,미돌파,0,0.0
081660,미스토홀딩스,2026-03-10,48500.0,49148.1,47438.93,3.478,8.0,0.58,0.92,False,False,True,추적청산,2,0.21
016380,KG스틸,2026-03-10,5580.0,5641.26,5474.21,2.961,8.33,0.67,4.45,False,False,True,추적청산,3,0.399
023530,롯데쇼핑,2026-03-10,93900.0,97695.0,91978.57,5.851,8.7,0.45,9.45,False,False,True,추적청산,9,0.974
006260,LS,2026-03-10,243000.0,246993.0,231666.07,6.205,8.33,0.73,8.47,False,False,True,추적청산,3,0.387
161390,한국타이어앤테크놀로지,2026-03-10,59100.0,59518.8,56372.14,5.287,0.0,1.16,11.53,False,True,True,손절,3,-1.175
298040,효성중공업,2026-03-10,2550000.0,2620230.0,2455532.14,6.286,3.82,0.87,2.15,True,False,True,시간손절,5,-0.498
006360,GS건설,2026-03-10,19860.0,20440.8,19356.93,5.302,5.88,0.6,6.98,False,False,True,추적청산,6,1.301
019170,신풍제약,2026-03-10,10930.0,11011.98,10567.75,4.034,6.06,0.48,3.27,False,False,True,시간손절,5,-0.146
005290,동진쎄미켐,2026-03-10,52600.0,53907.6,50569.46,6.192,3.85,0.9,0.57,False,False,False,미돌파,0,0.0
004490,세방전지,2026-03-10,60000.0,60721.2,58261.07,4.052,5.56,0.62,8.54,False,False,True,추적청산,2,0.426
033780,KT&G,2026-03-10,154600.0,157314.0,151542.5,3.669,4.55,0.91,4.74,False,False,True,시간손절,5,-0.396
353200,대덕전자,2026-03-10,64600.0,68336.4,59985.0,12.221,2.74,1.35,-10.05,True,False,False,미돌파,0,0.0
417200,LS머트리얼즈,2026-03-10,17540.0,18036.0,16407.75,9.028,8.15,1.04,-9.76,True,False,True,추적청산,10,2.329
499790,GS피앤엘,2026-03-10,44500.0,46492.8,43175.71,7.135,7.55,0.4,8.62,False,False,True,추적청산,7,0.904
018670,SK가스,2026-03-10,229500.0,234969.0,221687.5,5.652,15.0,1.12,12.57,False,False,False,미돌파,0,0.0
138930,BNK금융지주,2026-03-10,18330.0,18737.4,17729.71,5.378,12.35,0.71,6.86,False,False,True,시간손절,5,-0.311
329180,HD현대중공업,2026-03-10,583000.0,590178.0,558578.57,5.354,12.0,0.93,1.19,True,True,True,시간손절,5,-0.157
017800,현대엘리베이터,2026-03-10,88900.0,90280.2,86175.0,4.547,9.68,0.62,6.03,False,False,True,손절,3,-1.084
030200,KT,2026-03-10,60800.0,61522.8,59039.29,4.037,5.26,0.43,3.49,False,False,False,미돌파,0,0.0
011210,현대위아,2026-03-10,87800.0,91182.0,84192.86,7.665,3.64,0.62,10.04,True,False,False,미돌파,0,0.0
005930,삼성전자,2026-03-10,187900.0,191883.0,182268.57,5.011,4.17,0.91,3.69,True,False,True,손절,3,-1.296
007810,코리아써키트,2026-03-10,52400.0,53506.8,49188.39,8.071,5.88,0.57,1.13,False,False,True,시간손절,5,-0.27
000150,두산,2026-03-10,1053000.0,1079154.0,999632.14,7.369,6.67,0.54,8.59,True,False,True,추적청산,4,0.465
009150,삼성전기,2026-03-10,402000.0,409818.0,384342.86,6.216,5.26,1.06,1.71,False,False,True,손절,3,-1.048
280360,롯데웰푸드,2026-03-10,113400.0,115029.6,111107.68,3.409,10.34,0.85,8.33,False,False,True,손절,5,-1.088
100790,미래에셋벤처투자,2026-03-10,21900.0,22645.2,20799.02,8.153,14.29,0.46,0.68,False,False,True,추적청산,6,0.463
087010,펩트론,2026-03-10,289000.0,326151.0,263096.43,19.333,5.17,2.54,-11.8,True,False,False,미돌파,0,0.0
001530,DI동일,2026-03-10,20350.0,20591.1,19300.0,6.27,14.85,1.18,8.33,True,True,True,추적청산,7,1.133
267250,HD현대,2026-03-10,269000.0,285570.0,262735.71,7.996,7.69,0.71,7.56,False,False,True,손절,3,-1.038
009540,HD한국조선해양,2026-03-10,404000.0,412323.0,385960.71,6.394,6.98,0.8,8.49,False,False,True,추적청산,3,0.453
096770,SK이노베이션,2026-03-10,119800.0,122745.0,115541.07,5.869,3.7,0.54,8.48,False,False,True,손절,3,-1.051
090460,비에이치,2026-03-10,16750.0,17234.4,16320.96,5.3,11.43,0.44,5.85,False,False,True,추적청산,3,0.26
069260,TKG휴켐스,2026-03-10,17900.0,18126.18,17401.61,3.997,10.53,0.84,4.99,False,False,True,추적청산,7,1.0
099320,쎄트렉아이,2026-03-11,190700.0,199798.8,181444.29,9.186,0.0,0.65,-25.71,True,False,True,시간손절,5,-0.392
069960,현대백화점,2026-03-11,89500.0,93286.2,87448.04,6.258,0.0,0.82,1.1,False,False,False,미돌파,0,0.0
010780,아이에스동서,2026-03-11,30850.0,32464.8,29579.64,8.887,0.0,2.15,-13.84,True,False,True,시간손절,5,-0.056
161000,애경케미칼,2026-03-11,10190.0,10510.98,10005.11,4.813,2.63,0.59,-14.37,True,False,False,미돌파,0,0.0
017670,SK텔레콤,2026-03-11,77900.0,80059.8,76675.36,4.227,11.54,0.68,-10.81,True,False,False,미돌파,0,0.0
010950,S-Oil,2026-03-11,114600.0,119137.8,108781.07,8.693,6.33,1.1,9.41,False,False,True,손절,2,-1.035
122640,예스티,2026-03-11,24000.0,25551.0,22883.39,10.44,10.87,1.28,-11.11,True,False,False,미돌파,0,0.0
183300,코미코,2026-03-11,55413.0,58943.65,53398.44,9.408,13.04,1.34,-21.57,True,False,False,미돌파,0,0.0
000660,SK하이닉스,2026-03-11,955000.0,986970.0,929460.71,5.827,2.27,0.8,-12.49,True,False,False,미돌파,0,0.0
100090,SK오션플랜트,2026-03-11,18210.0,18757.44,17770.86,5.26,14.29,0.71,-19.41,True,False,True,시간손절,5,0.128
031330,에스에이엠티,2026-03-11,5080.0,5330.64,4902.07,8.04,5.71,0.97,-14.03,True,False,False,미돌파,0,0.0
100790,미래에셋벤처투자,2026-03-11,22750.0,24048.0,21668.84,9.893,10.26,0.9,-28.53,True,False,False,미돌파,0,0.0
475830,오름테라퓨틱,2026-03-11,119900.0,129658.8,112972.5,12.869,5.63,1.01,-15.29,True,False,True,시간손절,5,-0.027
195870,해성디에스,2026-03-12,54300.0,55410.6,51605.0,6.868,3.45,0.69,0.37,False,False,False,미돌파,0,0.0
007660,이수페타시스,2026-03-12,108800.0,114127.8,105315.71,7.721,13.04,0.34,5.88,False,False,False,미돌파,0,0.0
171090,선익시스템,2026-03-12,119000.0,120841.2,108772.5,9.987,11.11,0.93,2.06,False,False,True,손절,3,-1.03
000640,동아쏘시오홀딩스,2026-03-12,104300.0,105610.8,100981.87,4.383,2.63,1.43,0.29,False,False,False,미돌파,0,0.0
014680,한솔케미칼,2026-03-12,284000.0,291582.0,274683.93,5.795,11.54,0.98,3.24,False,False,False,미돌파,0,0.0
415640,KB발해인프라,2026-03-12,10000.0,10050.06,9929.11,1.204,0.0,1.05,0.2,False,False,False,미돌파,0,0.0
001680,대상,2026-03-12,20800.0,20891.7,20398.75,2.36,0.0,0.63,0.24,False,True,False,미돌파,0,0.0
073240,금호타이어,2026-03-12,5890.0,5961.9,5700.29,4.388,0.0,0.61,2.48,False,False,False,미돌파,0,0.0
010130,고려아연,2026-03-12,1674000.0,1728450.0,1619532.14,6.301,7.23,0.51,4.83,False,False,False,미돌파,0,0.0
491000,리브스메드,2026-03-12,87700.0,92384.4,83072.32,10.08,14.29,0.89,-11.58,True,False,False,미돌파,0,0.0
285130,SK케미칼,2026-03-12,58900.0,60520.8,57609.64,4.81,9.09,0.61,0.84,False,False,False,미돌파,0,0.0
450080,에코프로머티,2026-03-12,68300.0,70841.4,66005.36,6.827,2.63,0.6,-8.07,True,False,False,미돌파,0,0.0
004490,세방전지,2026-03-12,61200.0,62625.0,59736.43,4.612,4.55,0.65,1.61,False,False,False,미돌파,0,0.0
128940,한미약품,2026-03-12,488000.0,495990.0,459671.43,7.322,0.0,1.72,5.97,True,False,True,추적청산,7,0.803
214450,파마리서치,2026-03-12,313500.0,319638.0,302032.14,5.508,3.57,0.83,1.1,False,False,True,시간손절,5,-0.006
039200,오스코텍,2026-03-12,48050.0,49248.3,45981.79,6.633,11.76,0.95,5.04,True,False,True,추적청산,4,1.549
068760,셀트리온제약,2026-03-12,61200.0,62324.4,59637.5,4.311,5.0,0.75,2.55,False,False,False,미돌파,0,0.0
003160,디아이,2026-03-12,32000.0,33266.4,30852.14,7.257,0.0,0.5,5.33,False,False,False,미돌파,0,0.0
003690,코리안리,2026-03-12,13710.0,13737.42,13147.86,4.292,4.55,0.53,-4.58,True,True,False,미돌파,0,0.0
096770,SK이노베이션,2026-03-12,121700.0,125650.8,118404.64,5.767,9.26,1.41,3.79,True,False,False,미돌파,0,0.0
098460,고영,2026-03-12,29950.0,31162.2,29143.39,6.478,6.45,0.61,2.12,False,False,False,미돌파,0,0.0
031980,피에스케이홀딩스,2026-03-12,102300.0,107614.8,99010.36,7.996,4.48,0.68,6.23,False,False,False,미돌파,0,0.0
003850,보령,2026-03-12,9450.0,9589.14,9227.57,3.771,7.41,0.26,0.42,False,False,True,손절,1,-1.08
003490,대한항공,2026-03-12,24250.0,24549.0,23404.11,4.664,11.76,0.63,1.02,False,False,True,추적청산,5,0.523
034230,파라다이스,2026-03-12,17020.0,17504.94,16640.5,4.938,6.06,0.32,0.41,False,False,False,미돌파,0,0.0
145020,휴젤,2026-03-12,244500.0,247995.0,230367.86,7.108,0.0,1.39,5.23,True,False,False,미돌파,0,0.0
021240,코웨이,2026-03-12,74200.0,75651.0,72793.57,3.777,14.29,0.48,0.4,False,False,False,미돌파,0,0.0
006260,LS,2026-03-12,253000.0,263025.0,245989.29,6.477,14.81,0.68,-1.4,True,False,False,미돌파,0,0.0
033500,동성화인텍,2026-03-13,29050.0,29308.5,27592.68,5.854,11.54,1.1,-17.14,True,True,True,손절,3,-1.051
030190,NICE평가정보,2026-03-13,17460.0,17625.18,16852.0,4.387,12.7,1.49,-5.5,True,False,True,손절,1,-1.068
010130,고려아연,2026-03-13,1628000.0,1701396.0,1590867.86,6.496,2.38,0.56,7.08,False,False,False,미돌파,0,0.0
00104K,CJ4우(전환),2026-03-13,154900.0,157614.6,151451.96,3.91,4.26,0.73,3.07,False,False,True,추적청산,10,2.061
439260,대한조선,2026-03-13,101600.0,105210.0,96930.36,7.87,10.29,0.67,0.97,False,False,False,미돌파,0,0.0
138930,BNK금융지주,2026-03-13,18270.0,18697.32,17947.96,4.008,12.5,0.56,0.81,False,False,False,미돌파,0,0.0
037460,삼지전자,2026-03-13,22700.0,23346.6,21672.57,7.17,11.54,0.66,-8.1,True,False,False,미돌파,0,0.0
069960,현대백화점,2026-03-13,84500.0,87174.0,82659.29,5.179,2.94,0.45,5.59,True,False,True,추적청산,6,0.442
323280,태성,2026-03-13,74600.0,77655.0,72700.71,6.38,8.11,0.6,2.99,True,False,False,미돌파,0,0.0
039490,키움증권,2026-03-13,429000.0,442383.0,414508.93,6.301,9.3,0.57,1.49,False,False,False,미돌파,0,0.0
402340,SK스퀘어,2026-03-13,534000.0,545088.0,509178.57,6.588,14.81,0.66,3.44,False,False,True,추적청산,5,1.33
460860,동국제강,2026-03-13,9270.0,9478.92,8969.64,5.373,13.16,0.42,0.54,True,False,False,미돌파,0,0.0
009450,경동나비엔,2026-03-13,60700.0,61522.8,59486.43,3.31,13.33,0.21,1.14,False,False,True,추적청산,6,0.698
001430,세아베스틸지주,2026-03-13,70500.0,73446.6,68347.86,6.942,7.14,0.78,-13.89,True,False,False,미돌파,0,0.0
001040,CJ,2026-03-13,176400.0,181061.4,172782.14,4.573,6.35,0.49,3.97,False,False,True,추적청산,7,1.578
119850,지엔씨에너지,2026-03-13,35800.0,37074.0,34939.64,5.757,12.12,0.21,3.37,False,False,False,미돌파,0,0.0
280360,롯데웰푸드,2026-03-13,112900.0,115731.0,111669.29,3.51,0.0,0.65,0.18,False,False,False,미돌파,0,0.0
251970,펌텍코리아,2026-03-13,46350.0,47494.8,45406.25,4.397,9.38,0.32,5.02,False,False,False,미돌파,0,0.0
079160,CJ CGV,2026-03-13,4920.0,4964.91,4651.48,6.313,3.77,0.36,2.19,True,True,False,미돌파,0,0.0
004000,롯데정밀화학,2026-03-16,51100.0,52905.6,49494.82,6.447,14.29,1.66,-6.46,True,False,False,미돌파,0,0.0
445680,큐리옥스바이오시스템즈,2026-03-16,90300.0,92384.4,84238.93,8.817,7.81,0.86,3.63,True,False,True,추적청산,4,2.18
067310,하나마이크론,2026-03-16,32050.0,32665.2,30148.57,7.704,5.13,0.57,-0.31,True,False,True,추적청산,5,0.461
009410,태영건설,2026-03-16,1837.0,1873.74,1778.6,5.078,11.27,0.65,-12.08,True,False,False,미돌파,0,0.0
000150,두산,2026-03-16,1088000.0,1124244.0,1035632.14,7.882,8.7,0.55,-11.02,True,False,True,시간손절,5,-0.695
098460,고영,2026-03-16,29050.0,29809.5,27749.82,6.909,3.12,0.48,1.53,False,False,True,손절,5,-1.043
039030,이오테크닉스,2026-03-16,410000.0,419838.0,389769.64,7.162,0.0,0.37,0.73,True,False,True,시간손절,5,-0.07
009970,영원무역홀딩스,2026-03-16,219000.0,229458.0,212762.5,7.276,14.81,0.53,0.9,True,False,True,손절,5,-1.041
253450,스튜디오드래곤,2026-03-16,40050.0,40881.6,39219.29,4.066,7.69,0.59,1.84,False,False,False,미돌파,0,0.0
000670,영풍,2026-03-16,51200.0,52705.2,49912.86,5.298,14.29,0.56,-0.2,True,False,True,추적청산,9,1.732
420770,기가비스,2026-03-16,70100.0,72444.6,65307.14,9.852,13.56,0.73,-10.92,True,False,True,추적청산,5,0.607
484870,엠앤씨솔루션,2026-03-16,43466.0,45490.8,41293.93,9.226,3.91,0.83,3.62,False,False,False,미돌파,0,0.0
950160,코오롱티슈진,2026-03-16,103400.0,105610.8,98043.21,7.166,6.9,0.54,0.19,True,False,True,손절,3,-1.042
001120,LX인터내셔널,2026-03-17,45000.0,45941.7,43492.77,5.331,2.63,0.53,-9.49,True,False,False,미돌파,0,0.0
089970,브이엠,2026-03-17,41050.0,43086.0,39483.75,8.361,13.56,0.77,0.73,False,False,True,추적청산,4,0.702
077970,STX엔진,2026-03-17,34200.0,35420.7,32810.54,7.369,2.33,0.84,-5.39,True,False,True,손절,4,-1.041
010140,삼성중공업,2026-03-17,29150.0,30160.2,28290.36,6.2,10.0,0.79,-4.67,True,False,False,미돌파,0,0.0
140860,파크시스템스,2026-03-17,264000.0,275049.0,255996.43,6.927,13.33,1.14,7.85,False,False,False,미돌파,0,0.0
056190,SFA,2026-03-17,29100.0,30085.05,28269.2,6.036,3.51,0.56,2.18,False,False,True,손절,4,-1.05
241710,코스메카코리아,2026-03-17,73300.0,76653.0,71981.07,6.095,0.0,0.81,0.95,False,False,True,추적청산,8,0.327
402340,SK스퀘어,2026-03-17,587000.0,609216.0,572285.71,6.062,7.14,0.75,-5.96,True,False,True,손절,4,-1.274
336570,원텍,2026-03-17,6950.0,7084.14,6812.14,3.84,10.0,0.76,0.71,False,False,True,손절,4,-1.078
001430,세아베스틸지주,2026-03-17,68200.0,70440.6,66720.0,5.282,7.14,0.5,-10.18,True,False,True,손절,2,-1.062
005880,대한해운,2026-03-17,2370.0,2700.39,2232.46,17.328,2.41,3.34,-8.22,True,False,False,미돌파,0,0.0
281820,케이씨텍,2026-03-17,47050.0,48797.4,46101.61,5.524,7.5,1.04,-3.18,True,False,True,추적청산,4,0.27
071970,HD현대마린엔진,2026-03-18,80700.0,81863.4,77858.93,4.892,3.33,0.77,0.98,False,False,False,미돌파,0,0.0
066970,엘앤에프,2026-03-18,111300.0,112324.2,104196.43,7.236,12.31,0.93,2.45,False,True,False,미돌파,0,0.0
100790,미래에셋벤처투자,2026-03-18,24050.0,25651.2,22160.27,13.609,14.75,1.7,-5.71,True,False,False,미돌파,0,0.0
175330,JB금융지주,2026-03-18,30550.0,30911.7,29622.5,4.171,5.26,0.6,2.4,False,False,True,손절,1,-1.206
491000,리브스메드,2026-03-18,85300.0,88677.0,81007.14,8.649,1.64,0.71,2.85,True,False,False,미돌파,0,0.0
044490,태웅,2026-03-18,44100.0,45841.5,42658.39,6.944,8.33,0.46,8.03,False,False,True,손절,1,-1.234
267250,HD현대,2026-03-18,275500.0,282063.0,268192.86,4.917,14.29,0.64,0.9,False,False,False,미돌파,0,0.0
043260,성호전자,2026-03-18,42500.0,44438.7,40328.57,9.249,12.9,0.43,11.46,False,False,False,미돌파,0,0.0
037460,삼지전자,2026-03-19,22950.0,23847.6,22188.11,6.959,11.54,0.47,0.22,True,False,False,미돌파,0,0.0
025540,한국단자,2026-03-19,74300.0,75651.0,72574.29,4.067,13.04,0.47,1.33,False,False,True,추적청산,6,0.532
006120,SK디스커버리,2026-03-19,60300.0,61923.6,57722.5,6.784,0.0,1.85,-6.35,True,False,True,손절,4,-1.288
189300,인텔리안테크,2026-03-19,123400.0,130159.8,120150.0,7.69,7.69,0.68,13.28,True,False,False,미돌파,0,0.0
099190,아이센스,2026-03-19,20300.0,21192.3,19825.43,6.45,0.0,0.33,0.98,False,False,False,미돌파,0,0.0
009410,태영건설,2026-03-19,1845.0,1891.78,1781.78,5.815,5.68,0.55,-5.97,True,False,True,추적청산,2,0.448
012630,HDC,2026-03-19,25050.0,25851.6,24238.04,6.242,0.0,0.63,-2.45,True,False,True,추적청산,2,0.452
100840,SNT에너지,2026-03-19,41550.0,43035.9,40522.86,5.839,10.53,0.44,6.42,False,False,True,추적청산,4,1.705
00104K,CJ4우(전환),2026-03-19,171100.0,173847.0,166319.46,4.33,3.45,0.97,-8.09,True,False,True,추적청산,6,0.693
145020,휴젤,2026-03-19,262000.0,268536.0,256067.86,4.643,5.26,0.81,-7.16,True,False,True,손절,1,-1.065
181710,NHN,2026-03-19,38300.0,39078.0,37615.54,3.742,13.64,0.58,1.03,True,False,False,미돌파,0,0.0
033790,피노,2026-03-19,4950.0,5050.08,4728.48,6.368,8.33,0.99,13.16,True,False,False,미돌파,0,0.0
218410,RFHIC,2026-03-20,80900.0,84568.8,77916.07,7.867,14.0,0.74,4.6,False,False,False,미돌파,0,0.0
059090,미코,2026-03-20,15060.0,15621.18,14691.71,5.95,9.72,1.11,-5.91,True,False,False,미돌파,0,0.0
032830,삼성생명,2026-03-20,231500.0,232464.0,217657.32,6.369,4.17,1.07,-7.18,True,True,False,미돌파,0,0.0
003850,보령,2026-03-20,9370.0,9599.16,9234.0,3.804,7.14,0.73,2.29,False,False,False,미돌파,0,0.0
120110,코오롱인더,2026-03-20,70100.0,72645.0,68053.93,6.32,0.0,0.61,6.53,False,False,False,미돌파,0,0.0
010140,삼성중공업,2026-03-20,28550.0,30009.9,27826.43,7.276,11.11,0.91,7.0,True,False,False,미돌파,0,0.0
127120,제이에스링크,2026-03-20,40200.0,41031.9,37887.68,7.663,2.04,0.44,4.06,True,False,False,미돌파,0,0.0
483650,달바글로벌,2026-03-20,158900.0,161823.0,153701.79,5.019,14.06,0.72,-5.58,True,False,False,미돌파,0,0.0
053800,안랩,2026-03-20,61500.0,62625.0,60610.0,3.218,13.33,0.84,3.45,False,False,False,미돌파,0,0.0
229640,LS에코에너지,2026-03-20,45150.0,46593.0,43893.39,5.794,9.76,0.97,5.54,True,False,False,미돌파,0,0.0
094170,동운아나텍,2026-03-20,26850.0,27154.2,25690.89,5.389,4.55,0.76,0.56,False,False,True,손절,1,-1.056
074600,원익QnC,2026-03-20,33900.0,35270.4,32920.36,6.663,8.11,0.78,0.88,False,False,False,미돌파,0,0.0
081660,미스토홀딩스,2026-03-20,44550.0,45090.0,43360.89,3.835,7.69,3.07,6.31,True,False,False,미돌파,0,0.0
399720,가온칩스,2026-03-20,66300.0,67334.4,63269.64,6.037,0.0,0.67,-6.76,True,False,False,미돌파,0,0.0
365340,성일하이텍,2026-03-20,59300.0,60721.2,56981.61,6.159,3.45,0.81,-13.17,True,False,False,미돌파,0,0.0
440110,파두,2026-03-23,56000.0,58717.2,53202.68,9.392,2.38,0.68,19.19,False,False,True,손절,1,-1.032
006280,녹십자,2026-03-23,142800.0,145089.6,138176.79,4.765,0.0,0.74,4.48,True,False,True,추적청산,5,0.452
226950,올릭스,2026-03-23,176500.0,180760.8,162804.64,9.934,11.03,0.85,5.46,False,False,True,추적청산,5,0.763
003570,SNT다이내믹스,2026-03-23,48050.0,52104.0,45011.25,13.613,9.38,1.46,7.06,True,False,False,미돌파,0,0.0
101490,에스앤에스텍,2026-03-23,81900.0,84869.4,79142.86,6.747,4.55,0.55,3.87,True,False,True,추적청산,4,0.292
012330,현대모비스,2026-03-23,381000.0,387774.0,367671.43,5.184,10.0,0.7,4.99,True,False,True,추적청산,5,0.336
388210,씨엠티엑스,2026-03-23,145100.0,151502.4,141031.79,6.911,8.54,0.79,-4.16,True,False,True,손절,1,-1.043
192080,더블유게임즈,2026-03-23,49350.0,50300.4,48796.25,2.99,9.09,0.65,0.6,False,False,True,손절,5,-1.1
166090,하나머티리얼즈,2026-03-23,58700.0,62324.4,56995.36,8.55,9.09,0.7,5.48,False,False,False,미돌파,0,0.0
039030,이오테크닉스,2026-03-23,419000.0,445389.0,399521.43,10.298,11.54,0.72,-2.2,True,False,False,미돌파,0,0.0
097950,CJ제일제당,2026-03-23,207000.0,211923.0,203411.43,4.016,14.29,0.95,-3.86,True,False,True,추적청산,4,0.489
000670,영풍,2026-03-23,59100.0,61122.0,56995.71,6.751,5.88,0.66,-15.43,True,False,True,손절,5,-1.044
014620,성광벤드,2026-03-23,36600.0,38376.6,34642.68,9.73,12.7,1.41,-10.41,True,False,False,미돌파,0,0.0
004000,롯데정밀화학,2026-03-23,51900.0,53907.6,50230.54,6.821,13.33,0.76,-1.57,True,False,False,미돌파,0,0.0
009970,영원무역홀딩스,2026-03-23,216000.0,224949.0,209332.14,6.942,8.0,0.8,1.37,True,False,True,시간손절,5,-0.168
195940,HK이노엔,2026-03-23,50200.0,51603.0,48936.43,5.167,4.65,0.76,0.59,False,False,True,시간손절,5,-0.547
096530,씨젠,2026-03-24,22250.0,22494.9,21700.0,3.534,0.0,0.63,0.89,True,False,True,추적청산,4,0.418
020560,아시아나항공,2026-03-24,7000.0,7525.02,6846.68,9.014,14.29,2.18,0.43,False,False,False,미돌파,0,0.0
437730,삼현,2026-03-24,51600.0,52404.6,48880.36,6.725,0.0,0.33,5.67,False,False,True,손절,3,-1.337
082740,한화엔진,2026-03-24,47150.0,47494.8,44866.96,5.533,11.63,0.62,4.26,False,True,True,추적청산,3,0.437
383310,에코프로에이치엔,2026-03-24,29200.0,29659.2,28174.29,5.007,4.55,0.43,5.65,False,False,True,손절,3,-1.06
141080,리가켐바이오,2026-03-24,204000.0,210420.0,195181.43,7.242,4.2,0.76,2.86,False,False,True,손절,4,-1.041
008930,한미사이언스,2026-03-24,36700.0,37274.4,35351.61,5.158,9.68,0.19,3.8,False,False,True,시간손절,5,-0.149
010130,고려아연,2026-03-24,1543000.0,1566126.0,1472742.86,5.963,10.67,0.66,4.28,False,False,True,손절,3,-1.05
001800,오리온홀딩스,2026-03-24,24550.0,25050.0,23911.25,4.546,5.26,0.91,0.61,True,False,True,손절,4,-1.383
358570,지아이이노베이션,2026-03-24,13380.0,13527.0,12551.68,7.21,8.0,0.49,7.08,False,True,True,추적청산,4,0.568
035720,카카오,2026-03-24,48200.0,49148.1,46643.21,5.097,4.88,0.44,6.04,True,False,True,손절,4,-1.059
140860,파크시스템스,2026-03-24,261000.0,273045.0,251517.86,7.884,11.43,0.66,1.14,False,False,True,손절,3,-1.038
030200,KT,2026-03-24,59300.0,59518.8,56835.71,4.508,4.55,0.77,1.17,False,True,True,시간손절,5,0.262
229640,LS에코에너지,2026-03-24,44950.0,47695.2,43144.82,9.541,7.59,1.24,-1.24,True,False,False,미돌파,0,0.0
009540,HD한국조선해양,2026-03-24,379500.0,385770.0,362146.43,6.124,2.56,0.86,9.64,True,False,True,손절,3,-1.049
071320,지역난방공사,2026-03-24,91600.0,92083.8,89072.5,3.27,4.17,2.66,-3.62,True,True,True,손절,3,-3.208
028300,HLB,2026-03-24,50000.0,50901.6,49123.39,3.493,0.0,0.48,1.38,False,False,True,추적청산,5,0.414
086520,에코프로,2026-03-24,149000.0,152604.6,142909.82,6.353,10.39,0.58,0.2,False,False,True,손절,3,-1.234
484870,엠앤씨솔루션,2026-03-24,36333.0,37608.07,34403.91,8.52,1.25,0.42,14.91,False,False,False,미돌파,0,0.0
007310,오뚜기,2026-03-24,368000.0,369237.0,360564.29,2.349,7.69,0.39,0.54,False,True,True,손절,3,-1.193
066570,LG전자,2026-03-24,114300.0,116232.0,109957.14,5.399,1.96,0.46,0.17,False,False,True,손절,3,-1.192
361610,SK아이이테크놀로지,2026-03-24,21600.0,21643.2,20564.11,4.986,11.76,0.74,2.26,False,True,True,손절,3,-1.06
298040,효성중공업,2026-03-24,2701000.0,2764518.0,2581792.86,6.61,5.3,0.86,-6.09,True,False,True,추적청산,3,0.472
302440,SK바이오사이언스,2026-03-24,42150.0,42384.6,40828.39,3.672,0.0,0.75,3.55,False,True,True,시간손절,5,-0.522
000080,하이트진로,2026-03-24,16670.0,16723.38,16283.89,2.628,5.88,0.54,0.77,False,True,True,시간손절,5,-0.122
347850,디앤디파마텍,2026-03-24,73700.0,74448.6,69413.57,6.763,7.89,0.55,11.74,True,False,True,추적청산,4,0.272
095610,테스,2026-03-24,63000.0,66232.2,59649.29,9.939,0.0,0.7,3.37,True,False,True,손절,3,-1.03
399720,가온칩스,2026-03-24,65400.0,68136.0,62985.36,7.559,13.95,0.98,-3.81,True,False,True,손절,3,-1.04
022100,포스코DX,2026-03-24,30700.0,30861.6,29468.75,4.513,0.0,0.58,1.92,False,True,True,손절,3,-1.066
249420,일동제약,2026-03-24,30150.0,30360.6,28591.96,5.825,7.14,0.35,7.94,True,True,True,손절,5,-1.051
019170,신풍제약,2026-03-24,10930.0,11112.18,10761.96,3.152,11.54,0.66,0.46,False,False,True,손절,2,-1.095
466100,클로봇,2026-03-24,49822.0,50870.54,46727.28,8.145,11.11,0.46,8.2,True,False,False,미돌파,0,0.0
033100,제룡전기,2026-03-24,47900.0,48346.5,45075.18,6.766,0.0,0.62,1.44,False,True,True,손절,3,-1.044
079550,LIG디펜스앤에어로스페이스,2026-03-24,641000.0,675348.0,611089.29,9.515,0.0,0.41,9.08,False,False,True,추적청산,4,0.769
214150,클래시스,2026-03-24,51700.0,52504.8,50194.46,4.4,5.56,0.18,1.15,False,False,True,추적청산,3,0.171
068760,셀트리온제약,2026-03-24,59000.0,59819.4,56763.93,5.108,0.0,0.55,3.59,True,False,True,손절,3,-1.178
041830,인바디,2026-03-24,28750.0,29007.9,27749.11,4.339,0.0,0.91,1.71,False,False,True,손절,4,-1.069
000880,한화,2026-03-24,114600.0,116532.6,109602.5,5.947,1.85,0.47,6.3,False,False,True,손절,2,-1.05
069620,대웅제약,2026-03-24,154600.0,155410.2,149158.21,4.023,8.51,0.75,6.3,True,True,True,추적청산,7,0.745
047810,한국항공우주,2026-03-24,176300.0,178406.1,167308.75,6.22,12.15,0.42,12.72,False,True,True,추적청산,3,0.452
021240,코웨이,2026-03-24,72300.0,73847.4,71022.14,3.826,13.64,0.27,3.34,False,False,True,손절,4,-1.086
025540,한국단자,2026-03-24,76900.0,77354.4,73772.86,4.63,10.34,0.97,-0.79,True,True,True,추적청산,3,0.435
454910,두산로보틱스,2026-03-24,86000.0,87374.4,81385.71,6.854,12.0,0.16,3.59,False,True,True,손절,3,-1.044
160190,하이젠알앤엠,2026-03-24,38600.0,39629.1,35052.68,11.548,10.67,2.66,28.39,True,False,True,손절,4,-1.026
267250,HD현대,2026-03-24,255000.0,257013.0,243391.07,5.3,9.52,0.67,5.03,False,True,True,추적청산,3,0.425
030530,원익홀딩스,2026-03-24,32900.0,33867.6,31075.0,8.246,0.0,0.5,3.52,False,False,False,미돌파,0,0.0
069260,TKG휴켐스,2026-03-24,18530.0,18607.14,18033.64,3.082,4.76,0.5,2.52,False,True,True,손절,3,-1.097
457190,이수스페셜티케미컬,2026-03-24,89600.0,92184.0,85238.21,7.535,0.0,0.44,1.65,False,False,True,시간손절,5,-0.455
005690,파미셀,2026-03-24,15900.0,16412.76,14962.75,8.835,0.0,0.82,1.24,False,False,True,손절,5,-1.034
090360,로보스타,2026-03-24,62400.0,63126.0,59123.93,6.34,6.25,0.32,4.15,False,False,True,손절,3,-1.453
252990,샘씨엔에스,2026-03-24,10060.0,10290.54,9735.14,5.397,2.38,0.38,0.1,False,False,True,손절,2,-1.056
000100,유한양행,2026-03-24,95600.0,96292.2,92915.0,3.507,11.54,0.5,3.92,False,True,True,추적청산,4,0.475
031330,에스에이엠티,2026-03-24,5200.0,5280.54,5043.18,4.495,0.0,0.4,-2.36,True,False,True,추적청산,2,0.433
002380,KCC,2026-03-24,517000.0,521040.0,488003.57,6.34,7.55,0.46,2.45,False,True,True,손절,5,-1.047
183300,코미코,2026-03-24,58571.0,59912.59,55423.13,7.493,2.78,0.65,1.71,True,False,True,손절,3,-1.473
161000,애경케미칼,2026-03-24,9250.0,9348.66,8981.86,3.924,7.14,0.19,4.84,False,False,True,추적청산,8,6.818
086280,현대글로비스,2026-03-24,223000.0,224949.0,213162.5,5.24,10.53,0.44,2.62,True,True,True,손절,4,-1.057
161580,필옵틱스,2026-03-24,39250.0,40981.8,33468.04,18.334,2.9,2.11,14.95,True,False,False,미돌파,0,0.0
056190,SFA,2026-03-24,28500.0,28907.7,27625.45,4.436,5.26,0.41,2.06,True,False,True,손절,2,-1.068
271560,오리온,2026-03-24,133400.0,134167.8,129714.64,3.319,11.76,0.66,-1.75,True,True,True,손절,3,-1.09
267270,HD건설기계,2026-03-24,132300.0,138276.0,128413.93,7.132,13.1,0.62,-5.17,True,False,True,손절,3,-1.277
036830,솔브레인홀딩스,2026-03-24,50000.0,50100.0,46533.39,7.119,11.11,0.74,7.06,False,True,True,손절,4,-1.042
085660,차바이오텍,2026-03-24,18500.0,18837.6,17872.89,5.121,8.0,0.49,3.65,False,False,True,추적청산,3,0.441
067160,SOOP,2026-03-24,61400.0,62224.2,59520.71,4.345,13.64,0.53,3.61,True,False,True,손절,3,-1.077
241560,두산밥캣,2026-03-25,61700.0,62524.8,60125.36,3.838,11.11,0.48,-1.15,True,False,False,미돌파,0,0.0
000880,한화,2026-03-25,116700.0,120741.0,111405.36,7.732,2.53,0.61,7.09,False,False,True,손절,1,-1.039
004990,롯데지주,2026-03-25,31100.0,31362.6,30234.11,3.598,5.88,0.73,1.27,False,False,False,미돌파,0,0.0
322000,HD현대에너지솔루션,2026-03-25,126800.0,132564.6,117424.64,11.421,4.92,0.3,3.72,False,False,True,추적청산,5,0.474
028260,삼성물산,2026-03-25,289000.0,291582.0,278912.5,4.345,10.53,0.76,3.34,False,True,True,손절,1,-1.069
003620,KG모빌리티,2026-03-25,3530.0,3612.21,3493.25,3.293,5.56,0.32,1.81,False,False,False,미돌파,0,0.0
403870,HPSP,2026-03-25,49750.0,51302.4,48346.61,5.762,10.87,0.63,0.5,False,False,False,미돌파,0,0.0
145020,휴젤,2026-03-25,258000.0,262524.0,250410.71,4.614,10.53,0.6,4.27,True,False,True,손절,2,-1.223
033240,자화전자,2026-03-25,38100.0,40080.0,37303.75,6.927,6.67,0.48,3.05,False,False,False,미돌파,0,0.0
009150,삼성전기,2026-03-25,454500.0,467433.0,445510.71,4.69,9.09,0.57,2.05,False,False,False,미돌파,0,0.0
329180,HD현대중공업,2026-03-25,523000.0,527052.0,500875.0,4.967,4.76,1.0,11.36,False,True,True,손절,2,-1.323
020150,롯데에너지머티리얼즈,2026-03-25,40850.0,43086.0,38662.86,10.266,7.69,0.84,-4.48,True,False,False,미돌파,0,0.0
038500,삼표시멘트,2026-03-25,17250.0,17885.7,16606.71,7.151,4.17,0.21,2.82,True,False,False,미돌파,0,0.0
192400,쿠쿠홀딩스,2026-03-25,28450.0,29108.1,27914.46,4.101,10.0,1.65,1.9,False,False,False,미돌파,0,0.0
018260,삼성에스디에스,2026-03-25,159500.0,161522.4,156602.14,3.046,10.81,0.49,4.55,False,False,False,미돌파,0,0.0
005180,빙그레,2026-03-25,74500.0,75751.2,73982.86,2.334,7.69,0.53,1.72,False,False,False,미돌파,0,0.0
376300,디어유,2026-03-25,33550.0,35070.0,32870.71,6.271,11.43,0.62,9.57,False,False,False,미돌파,0,0.0
085620,미래에셋생명,2026-03-25,17870.0,18236.4,16382.57,10.166,8.39,1.26,2.24,False,True,False,미돌파,0,0.0
005810,풍산홀딩스,2026-03-25,36550.0,36873.6,36046.25,2.244,0.0,0.6,4.69,True,False,True,손절,1,-1.134
214320,이노션,2026-03-25,18450.0,18617.16,18208.71,2.194,3.23,0.91,6.01,False,False,False,미돌파,0,0.0
034020,두산에너빌리티,2026-03-25,102600.0,105009.6,100342.14,4.445,5.71,0.49,4.38,True,False,False,미돌파,0,0.0
079160,CJ CGV,2026-03-25,4850.0,4919.82,4676.68,4.942,2.5,1.1,2.12,True,False,False,미돌파,0,0.0
010060,OCI홀딩스,2026-03-25,182800.0,186572.4,173007.5,7.271,1.9,0.6,5.58,False,False,True,손절,2,-1.041
011780,금호석유화학,2026-03-25,130000.0,131763.0,125190.0,4.989,11.54,0.57,4.62,False,False,False,미돌파,0,0.0
251970,펌텍코리아,2026-03-25,46800.0,47544.9,45930.18,3.396,0.0,0.4,0.11,False,False,False,미돌파,0,0.0
097230,HJ중공업,2026-03-25,26950.0,27555.0,25372.68,7.92,13.89,0.58,2.36,True,False,True,손절,1,-1.038
294870,IPARK현대산업개발,2026-03-25,22350.0,22695.3,21556.07,5.02,11.11,0.66,-1.13,True,False,False,미돌파,0,0.0
017670,SK텔레콤,2026-03-25,79800.0,80761.2,77416.79,4.141,7.41,0.72,1.72,True,False,True,손절,3,-1.072
457190,이수스페셜티케미컬,2026-03-25,91000.0,93687.0,89051.79,4.948,5.71,0.4,4.41,False,False,True,손절,4,-1.061
207940,삼성바이오로직스,2026-03-25,1585000.0,1610214.0,1530817.86,4.931,10.45,0.68,2.52,False,False,True,손절,3,-1.061
139130,iM금융지주,2026-03-25,16980.0,17234.4,16669.5,3.278,13.95,0.59,0.06,False,False,True,손절,2,-1.092
002790,아모레퍼시픽홀딩스,2026-03-25,28350.0,28757.4,27726.96,3.583,6.25,0.64,-2.16,True,False,False,미돌파,0,0.0
000070,삼양홀딩스,2026-03-25,70600.0,71342.4,69653.93,2.367,8.33,0.56,1.26,False,False,False,미돌파,0,0.0
014620,성광벤드,2026-03-25,35350.0,35621.1,33131.25,6.99,0.0,0.6,-8.77,True,True,True,손절,2,-1.043
051910,LG화학,2026-03-25,318000.0,323646.0,308778.57,4.594,13.04,0.47,0.62,False,False,True,손절,2,-1.387
056080,유진로봇,2026-03-25,27250.0,27955.8,26306.43,5.9,7.69,0.34,8.71,True,False,False,미돌파,0,0.0
171090,선익시스템,2026-03-25,94900.0,97795.2,90751.07,7.203,5.45,0.71,10.81,True,False,False,미돌파,0,0.0
138930,BNK금융지주,2026-03-25,18450.0,18707.34,18043.11,3.551,9.8,0.56,1.65,False,False,True,손절,2,-1.084
174900,앱클론,2026-03-25,66900.0,72845.4,62136.25,14.701,7.53,1.33,17.41,False,False,True,손절,3,-1.02
034220,LG디스플레이,2026-03-25,11750.0,12094.14,11483.25,5.051,4.08,0.55,3.29,False,False,False,미돌파,0,0.0
052400,코나아이,2026-03-25,57500.0,60621.0,55718.93,8.086,5.0,0.91,4.33,False,False,False,미돌파,0,0.0
058610,에스피지,2026-03-25,114800.0,117935.4,110283.21,6.488,6.56,0.75,9.96,False,False,False,미돌파,0,0.0
086520,에코프로,2026-03-25,151300.0,154608.6,147526.96,4.58,1.85,0.4,1.75,False,False,False,미돌파,0,0.0
114090,GKL,2026-03-25,12000.0,12124.2,11824.71,2.47,13.64,0.56,2.04,False,False,False,미돌파,0,0.0
017960,한국카본,2026-03-26,42800.0,45891.6,41192.5,10.24,3.75,1.11,11.48,False,False,False,미돌파,0,0.0
039200,오스코텍,2026-03-26,54300.0,56112.0,53121.96,5.329,4.35,0.75,5.57,True,False,False,미돌파,0,0.0
003090,대웅,2026-03-26,24450.0,25551.0,24005.0,6.051,3.85,0.85,-3.38,True,False,False,미돌파,0,0.0
322000,HD현대에너지솔루션,2026-03-26,128600.0,139578.6,120843.57,13.423,6.92,0.51,5.65,False,False,False,미돌파,0,0.0
310210,보로노이,2026-03-26,316000.0,335670.0,298891.07,10.957,9.38,1.13,1.25,False,False,False,미돌파,0,0.0
038500,삼표시멘트,2026-03-26,17230.0,17585.1,16307.32,7.266,2.06,0.16,0.4,True,False,True,손절,1,-1.041
298380,에이비엘바이오,2026-03-26,179900.0,189778.8,176270.71,7.118,12.28,1.25,5.32,False,False,False,미돌파,0,0.0
002960,한국쉘석유,2026-03-26,476500.0,482463.0,469278.57,2.733,10.53,0.31,4.32,False,False,False,미돌파,0,0.0
055550,신한지주,2026-03-26,93400.0,94789.2,91517.5,3.452,12.5,0.54,3.21,True,False,False,미돌파,0,0.0
085660,차바이오텍,2026-03-26,19580.0,20490.9,19047.89,7.042,10.48,0.98,-4.43,True,False,False,미돌파,0,0.0
035250,강원랜드,2026-03-26,18240.0,18436.8,18012.46,2.302,12.12,1.11,-2.18,True,False,False,미돌파,0,0.0
003850,보령,2026-03-26,9660.0,9799.56,9360.5,4.48,10.81,1.45,-3.87,True,False,False,미돌파,0,0.0
011170,롯데케미칼,2026-03-26,80500.0,84067.8,77857.5,7.387,7.55,0.88,2.31,True,False,False,미돌파,0,0.0
026960,동서,2026-03-26,27250.0,27454.8,26167.68,4.688,13.64,0.73,-6.24,True,True,False,미돌파,0,0.0
316140,우리금융지주,2026-03-26,33200.0,33767.4,32580.36,3.515,0.0,0.52,1.19,False,False,False,미돌파,0,0.0
079160,CJ CGV,2026-03-27,4765.0,4809.6,4518.98,6.042,14.0,1.59,4.41,True,True,False,미돌파,0,0.0
030530,원익홀딩스,2026-03-27,29450.0,30110.1,28237.68,6.219,3.33,0.56,14.26,False,False,False,미돌파,0,0.0
319400,현대무벡스,2026-03-27,25800.0,26302.5,24689.64,6.132,7.69,0.94,12.98,True,False,False,미돌파,0,0.0
010780,아이에스동서,2026-03-27,26900.0,27354.6,25691.43,6.08,0.0,0.78,13.23,True,False,False,미돌파,0,0.0
071970,HD현대마린엔진,2026-03-27,76700.0,77655.0,72600.36,6.509,9.52,1.12,4.6,False,True,False,미돌파,0,0.0
083650,비에이치아이,2026-03-27,94800.0,96392.4,90163.57,6.462,10.42,0.53,13.42,False,False,True,손절,1,-1.281
011780,금호석유화학,2026-03-27,126500.0,126753.0,120657.5,4.809,10.42,0.51,4.09,False,True,False,미돌파,0,0.0
016380,KG스틸,2026-03-27,5680.0,5771.52,5502.89,4.654,0.0,1.31,4.05,False,False,False,미돌파,0,0.0
397030,에이프릴바이오,2026-03-27,63600.0,64228.2,59796.07,6.901,0.0,0.45,1.4,False,True,False,미돌파,0,0.0
001440,대한전선,2026-03-27,28250.0,28557.0,26748.21,6.334,6.67,0.57,7.98,False,False,False,미돌파,0,0.0
357780,솔브레인,2026-03-27,396000.0,400299.0,376466.07,5.954,13.16,0.49,7.48,False,False,False,미돌파,0,0.0
060370,LS마린솔루션,2026-03-27,28400.0,28757.4,27276.96,5.148,9.09,0.37,10.13,False,False,True,추적청산,4,0.442
002350,넥센타이어,2026-03-27,7370.0,7444.86,7116.71,4.408,11.11,0.61,3.53,False,False,False,미돌파,0,0.0
119850,지엔씨에너지,2026-03-27,33200.0,33667.2,31905.36,5.233,14.29,0.43,6.61,False,False,False,미돌파,0,0.0
310210,보로노이,2026-03-27,313500.0,323646.0,302025.0,6.68,14.71,0.44,3.39,False,False,True,손절,1,-1.162
101490,에스앤에스텍,2026-03-27,83500.0,85170.0,79587.14,6.555,11.11,0.66,2.22,True,False,False,미돌파,0,0.0
005830,DB손해보험,2026-03-27,172900.0,173947.2,164998.57,5.144,6.94,1.05,7.39,True,True,False,미돌파,0,0.0
007310,오뚜기,2026-03-27,359500.0,360720.0,354294.64,1.781,11.11,0.52,2.31,False,True,False,미돌파,0,0.0
285130,SK케미칼,2026-03-27,55000.0,55110.0,52093.93,5.473,8.0,0.94,6.14,True,True,False,미돌파,0,0.0
489790,한화비전,2026-03-27,80500.0,82264.2,76720.0,6.74,13.95,0.61,7.89,False,False,False,미돌파,0,0.0
456040,OCI,2026-03-27,93800.0,94889.4,88833.93,6.382,3.92,0.39,4.09,False,False,True,손절,1,-1.047
028260,삼성물산,2026-03-27,269000.0,271041.0,255471.43,5.744,12.0,1.43,9.58,False,True,False,미돌파,0,0.0
034020,두산에너빌리티,2026-03-27,98100.0,99398.4,94221.43,5.208,9.76,0.55,10.49,False,False,False,미돌파,0,0.0
055550,신한지주,2026-03-27,93500.0,94087.8,89362.5,5.022,2.56,0.67,4.49,False,True,False,미돌파,0,0.0
004800,효성,2026-03-27,139600.0,141983.4,134538.93,5.243,6.78,1.13,7.12,False,False,False,미돌파,0,0.0
131290,티에스이,2026-03-27,110300.0,112925.4,104393.93,7.555,4.29,0.85,9.44,True,False,True,손절,1,-1.191
267250,HD현대,2026-03-27,257500.0,258015.0,244610.71,5.195,9.52,0.63,3.01,False,True,False,미돌파,0,0.0
439260,대한조선,2026-03-27,85700.0,87975.6,82560.71,6.155,8.89,0.31,6.03,True,False,False,미돌파,0,0.0
445680,큐리옥스바이오시스템즈,2026-03-27,113200.0,115430.4,106802.5,7.475,6.15,0.28,6.98,True,False,False,미돌파,0,0.0
015760,한국전력,2026-03-27,43900.0,44488.8,41821.79,5.995,11.36,0.77,10.68,True,True,False,미돌파,0,0.0
036460,한국가스공사,2026-03-27,35400.0,35571.0,34428.04,3.213,0.0,0.36,6.1,True,True,False,미돌파,0,0.0
010120,LS ELECTRIC,2026-03-27,160200.0,162925.2,150754.29,7.47,3.92,1.08,9.59,True,False,False,미돌파,0,0.0
180640,한진칼,2026-03-27,117200.0,118035.6,111105.0,5.872,11.32,0.61,9.85,True,True,False,미돌파,0,0.0
348370,엔켐,2026-03-27,42700.0,43837.5,39286.61,10.381,13.51,0.98,12.95,False,False,False,미돌파,0,0.0
030000,제일기획,2026-03-27,19830.0,19929.78,19468.25,2.316,5.88,0.83,6.9,True,False,False,미돌파,0,0.0
298380,에이비엘바이오,2026-03-27,180100.0,182163.6,172914.64,5.077,11.11,0.58,5.46,False,True,False,미돌파,0,0.0
018670,SK가스,2026-03-27,246500.0,251001.0,237900.0,5.22,0.0,0.47,5.19,True,False,True,추적청산,4,0.633
140860,파크시스템스,2026-03-27,255500.0,260520.0,245483.93,5.772,8.7,0.54,6.41,False,False,False,미돌파,0,0.0
043260,성호전자,2026-03-27,46100.0,47094.0,41546.25,11.78,13.19,0.31,-2.44,True,False,False,미돌파,0,0.0
011200,HMM,2026-03-27,19660.0,19749.42,19013.89,3.724,11.67,0.46,7.48,True,True,False,미돌파,0,0.0
005880,대한해운,2026-03-27,2315.0,2389.77,2215.38,7.298,3.57,0.19,1.49,False,False,True,손절,3,-1.041
232140,와이씨,2026-03-27,18740.0,19218.36,17782.64,7.471,0.83,0.82,11.39,False,False,False,미돌파,0,0.0
007660,이수페타시스,2026-03-27,110500.0,113226.0,105418.93,6.895,6.45,0.68,12.85,False,False,False,미돌파,0,0.0
075580,세진중공업,2026-03-27,17100.0,17274.48,16534.79,4.282,5.26,0.55,4.36,False,False,False,미돌파,0,0.0
456160,지투지바이오,2026-03-27,78800.0,81663.0,74625.0,8.618,7.55,0.3,11.66,False,False,False,미돌파,0,0.0
388720,유일로보틱스,2026-03-27,92900.0,94288.2,88035.71,6.631,7.84,0.49,7.1,True,False,False,미돌파,0,0.0
033240,자화전자,2026-03-27,36250.0,36873.6,34733.75,5.803,9.09,0.46,7.29,False,False,False,미돌파,0,0.0
009450,경동나비엔,2026-03-27,62100.0,62625.0,60263.57,3.771,10.53,0.34,6.33,False,False,False,미돌파,0,0.0
010130,고려아연,2026-03-27,1483000.0,1492980.0,1402132.14,6.085,9.33,1.01,6.55,True,True,False,미돌파,0,0.0
000810,삼성화재,2026-03-27,443000.0,446391.0,429526.79,3.778,0.0,1.48,6.64,True,False,True,손절,1,-1.555
000370,한화손해보험,2026-03-27,6770.0,6813.6,6489.86,4.751,0.0,0.57,5.31,False,True,False,미돌파,0,0.0
241560,두산밥캣,2026-03-27,59600.0,60120.0,57454.29,4.434,4.76,0.29,5.55,False,False,False,미돌파,0,0.0
006340,대원전선,2026-03-27,5270.0,5490.96,5012.36,8.716,5.26,0.21,17.78,False,False,False,미돌파,0,0.0
005290,동진쎄미켐,2026-03-27,46500.0,47094.0,43863.39,6.86,1.85,0.76,6.63,True,False,False,미돌파,0,0.0
214430,아이쓰리시스템,2026-03-27,93300.0,94989.6,89262.86,6.029,4.44,0.52,4.21,False,False,False,미돌파,0,0.0
097230,HJ중공업,2026-03-27,24550.0,25400.7,23672.14,6.805,3.7,0.43,13.71,False,False,False,미돌파,0,0.0
222800,심텍,2026-03-27,56200.0,58416.6,53935.18,7.671,10.81,0.8,10.08,True,False,False,미돌파,0,0.0
010060,OCI홀딩스,2026-03-27,178800.0,184267.8,168225.71,8.706,7.69,0.59,11.92,False,False,True,추적청산,3,0.466
195870,해성디에스,2026-03-27,54200.0,55811.4,51376.43,7.946,0.0,1.15,7.35,False,False,False,미돌파,0,0.0
011170,롯데케미칼,2026-03-27,82700.0,83667.0,77368.21,7.528,7.41,1.35,1.78,True,True,False,미돌파,0,0.0
009150,삼성전기,2026-03-27,434000.0,439377.0,413655.36,5.854,12.2,0.9,6.57,True,True,False,미돌파,0,0.0
003160,디아이,2026-03-27,34500.0,35370.6,32578.39,7.894,6.52,0.66,10.97,False,False,True,손절,1,-1.174
086900,메디톡스,2026-03-30,101100.0,102304.2,99375.36,2.863,0.0,0.49,-0.2,True,False,True,손절,1,-1.105
251970,펌텍코리아,2026-03-30,46000.0,47745.3,44971.43,5.81,10.42,1.07,0.43,False,False,True,손절,3,-1.052
088980,맥쿼리인프라,2026-03-30,11340.0,11422.8,11242.96,1.574,14.29,0.66,0.26,False,False,False,미돌파,0,0.0
075580,세진중공업,2026-03-30,16390.0,16633.2,14900.75,10.416,6.45,0.59,3.36,False,True,True,시간손절,5,0.125
033100,제룡전기,2026-03-30,45000.0,46192.2,44205.0,4.302,6.45,0.44,3.23,False,False,False,미돌파,0,0.0
00104K,CJ4우(전환),2026-03-30,176000.0,176352.0,167318.04,5.123,13.51,1.23,-2.74,True,True,True,손절,1,-1.059
025540,한국단자,2026-03-30,75500.0,77354.4,73053.57,5.56,5.56,0.9,-0.8,True,False,True,손절,3,-1.054
029780,삼성카드,2026-03-30,53800.0,54108.0,51415.0,4.977,4.35,0.91,8.81,True,True,False,미돌파,0,0.0
126340,비나텍,2026-03-30,111100.0,114528.6,104504.29,8.753,14.29,0.57,16.21,False,False,True,추적청산,4,0.569
214320,이노션,2026-03-30,17880.0,18076.08,17682.25,2.179,13.33,0.77,6.39,True,False,True,손절,3,-1.138
454910,두산로보틱스,2026-03-30,80700.0,81663.0,78687.14,3.644,9.09,0.64,3.0,True,False,True,손절,1,-1.082
285130,SK케미칼,2026-03-30,52800.0,53005.8,51085.36,3.623,7.14,1.21,4.17,True,True,False,미돌파,0,0.0
003470,유안타증권,2026-03-30,4640.0,4774.53,4558.34,4.528,14.29,0.55,6.26,False,False,False,미돌파,0,0.0
036570,NC,2026-03-30,222000.0,226452.0,217705.36,3.862,7.69,0.54,-3.74,True,False,True,손절,3,-1.078
114090,GKL,2026-03-30,11520.0,11643.24,11308.14,2.878,3.85,0.9,2.04,True,False,True,추적청산,4,0.182
009450,경동나비엔,2026-03-30,60100.0,60921.6,59060.36,3.055,7.14,0.43,3.38,False,False,True,추적청산,4,1.094
161390,한국타이어앤테크놀로지,2026-03-30,55000.0,55310.4,53414.29,3.428,7.14,1.05,-1.48,True,True,False,미돌파,0,0.0
271560,오리온,2026-03-30,127000.0,129458.4,124223.21,4.044,14.29,0.97,2.01,False,False,True,손절,1,-1.193
100840,SNT에너지,2026-03-30,51000.0,52605.0,48468.57,7.863,14.93,1.59,5.9,False,False,True,손절,2,-1.038
103590,일진전기,2026-03-30,71200.0,72344.4,68582.86,5.199,13.33,0.53,7.05,True,False,True,추적청산,4,0.397
267270,HD건설기계,2026-03-30,125900.0,126953.4,120603.93,5.001,12.0,0.79,2.63,False,False,True,추적청산,10,2.814
064760,티씨케이,2026-03-30,231000.0,236472.0,213558.93,9.69,5.13,0.49,1.7,False,False,True,손절,3,-1.031
183300,코미코,2026-03-30,52255.0,54094.97,49361.3,8.751,4.98,0.71,8.23,False,False,True,추적청산,4,0.809
218410,RFHIC,2026-03-30,78700.0,81162.0,75023.57,7.563,4.17,0.37,-6.93,True,False,True,손절,1,-1.04
011780,금호석유화학,2026-03-30,120400.0,121743.0,116446.79,4.35,15.0,0.98,4.9,False,True,True,손절,3,-1.069
082640,동양생명,2026-03-30,8770.0,8967.9,8582.29,4.3,6.67,0.6,1.24,False,False,True,손절,2,-1.07
045100,한양이엔지,2026-03-30,31000.0,31763.4,30223.57,4.848,8.33,0.51,-1.97,True,False,False,미돌파,0,0.0
086280,현대글로비스,2026-03-30,215500.0,219939.0,211360.71,3.9,7.69,0.74,0.23,True,False,False,미돌파,0,0.0
267260,HD현대일렉트릭,2026-03-30,872000.0,900798.0,855703.57,5.006,2.78,0.84,4.49,True,False,False,미돌파,0,0.0
001120,LX인터내셔널,2026-03-30,46950.0,47544.9,43978.39,7.501,13.11,0.84,0.53,True,False,True,추적청산,6,0.874
232140,와이씨,2026-03-30,17850.0,18216.36,17256.61,5.269,13.7,0.56,9.11,True,False,False,미돌파,0,0.0
294870,IPARK현대산업개발,2026-03-30,21450.0,21643.2,20714.64,4.29,14.29,0.43,5.09,False,False,False,미돌파,0,0.0
009410,태영건설,2026-03-30,1798.0,1823.64,1727.33,5.281,9.33,0.39,5.52,False,False,False,미돌파,0,0.0
042700,한미반도체,2026-03-30,260500.0,265029.0,250907.14,5.328,9.09,0.45,12.29,True,False,False,미돌파,0,0.0
004000,롯데정밀화학,2026-03-30,49900.0,51603.0,47251.79,8.432,1.33,0.71,3.85,False,False,False,미돌파,0,0.0
066570,LG전자,2026-03-31,105600.0,108115.8,102836.07,4.883,6.98,0.81,7.61,True,False,True,추적청산,3,0.541
214430,아이쓰리시스템,2026-03-31,89700.0,92184.0,84608.93,8.217,6.25,0.7,4.57,True,False,True,추적청산,5,0.649
207940,삼성바이오로직스,2026-03-31,1504000.0,1591176.0,1471160.71,7.543,10.19,1.81,2.78,True,False,False,미돌파,0,0.0
316140,우리금융지주,2026-03-31,32050.0,32615.1,31355.54,3.862,5.0,0.87,0.77,False,False,True,추적청산,2,0.422
039030,이오테크닉스,2026-03-31,384500.0,410319.0,362775.0,11.587,4.76,0.95,9.21,True,False,True,시간손절,5,0.009
302440,SK바이오사이언스,2026-03-31,41700.0,43086.0,40975.0,4.9,8.33,0.94,1.07,False,False,True,손절,4,-1.061
017670,SK텔레콤,2026-03-31,76400.0,77855.4,75355.36,3.211,0.0,0.94,0.26,False,False,True,추적청산,13,4.295
124500,아이티센글로벌,2026-03-31,45650.0,48396.6,43089.11,10.967,2.3,0.57,17.9,True,False,True,손절,5,-1.027
005290,동진쎄미켐,2026-03-31,44250.0,47494.8,41409.64,12.812,13.51,1.21,8.2,True,False,True,시간손절,5,-0.474
004020,현대제철,2026-03-31,33650.0,34969.8,32931.07,5.83,11.76,0.56,4.54,True,False,True,시간손절,5,-0.306
031330,에스에이엠티,2026-03-31,4930.0,5110.2,4807.73,5.919,6.0,0.68,5.19,False,False,True,시간손절,5,0.18
036530,SNT홀딩스,2026-03-31,58200.0,60019.8,57055.36,4.939,0.0,0.68,7.18,False,False,True,손절,2,-1.061
083450,GST,2026-03-31,24800.0,25901.7,24113.21,6.905,3.33,0.42,12.83,True,False,True,추적청산,21,5.782
086280,현대글로비스,2026-03-31,207500.0,213927.0,202344.64,5.414,10.53,1.21,6.95,True,False,True,시간손절,5,-0.567
042700,한미반도체,2026-03-31,251000.0,265530.0,239923.21,9.644,0.0,0.71,15.35,True,False,True,시간손절,5,-0.501
000270,기아,2026-03-31,145200.0,152103.6,142754.29,6.147,1.25,0.98,8.04,True,False,True,시간손절,5,-0.188
003540,대신증권,2026-03-31,35250.0,35971.8,34671.79,3.614,10.0,0.68,8.68,True,False,True,추적청산,2,0.417
003380,하림지주,2026-03-31,13550.0,14238.42,13020.93,8.551,13.73,0.69,12.3,True,False,True,손절,5,-1.035
097950,CJ제일제당,2026-03-31,216500.0,221442.0,212986.43,3.818,14.29,1.2,0.46,False,False,False,미돌파,0,0.0
031980,피에스케이홀딩스,2026-03-31,95200.0,100099.8,91597.32,8.494,14.08,0.47,6.21,False,False,True,추적청산,2,0.465
015760,한국전력,2026-03-31,41650.0,43536.9,40341.07,7.341,14.55,1.06,10.91,True,False,True,손절,3,-1.041
298040,효성중공업,2026-03-31,2456000.0,2596182.0,2372850.0,8.602,7.33,0.97,9.07,False,False,True,시간손절,5,0.027
112040,위메이드,2026-03-31,20650.0,21442.8,20302.14,5.32,0.0,0.73,3.5,True,False,True,손절,2,-1.056
086900,메디톡스,2026-03-31,101300.0,104107.8,98581.79,5.308,10.64,0.72,1.36,True,False,True,손절,4,-1.057
004000,롯데정밀화학,2026-03-31,48850.0,49999.8,47536.61,4.926,2.63,0.45,3.08,False,False,True,손절,2,-1.061
204320,HL만도,2026-03-31,49050.0,52003.8,47791.07,8.101,2.67,0.8,6.93,False,False,False,미돌파,0,0.0
122870,와이지엔터테인먼트,2026-03-31,52900.0,54108.0,52041.61,3.819,12.5,0.76,4.51,True,False,True,손절,2,-1.079
178920,PI첨단소재,2026-03-31,21900.0,23096.1,20867.75,9.648,13.51,0.75,-3.79,True,False,False,미돌파,0,0.0
053610,프로텍,2026-03-31,51600.0,53807.4,49309.82,8.359,5.33,0.52,4.8,False,False,True,시간손절,5,-0.393
161890,한국콜마,2026-03-31,76000.0,79258.2,73035.36,7.851,12.73,1.3,2.81,True,False,True,시간손절,5,-0.771
454910,두산로보틱스,2026-03-31,79500.0,83166.0,77592.5,6.702,10.42,0.78,7.56,True,False,True,추적청산,3,0.455
003230,삼양식품,2026-03-31,1200000.0,1241478.0,1177464.29,5.156,5.77,1.94,0.25,False,False,True,추적청산,3,0.442
006260,LS,2026-03-31,256000.0,271542.0,249178.57,8.236,2.7,1.16,7.41,False,False,True,시간손절,5,-0.485
045100,한양이엔지,2026-03-31,29750.0,30761.4,28815.54,6.326,3.12,0.97,6.0,False,False,True,추적청산,3,0.27
267270,HD건설기계,2026-03-31,125100.0,130961.4,120866.43,7.708,1.15,0.8,5.44,False,False,True,추적청산,9,1.756
003550,LG,2026-03-31,82800.0,84669.0,81203.21,4.093,14.81,1.23,5.37,True,False,True,추적청산,2,0.427
248070,솔루엠,2026-03-31,16400.0,16833.6,16097.25,4.374,1.67,0.53,4.37,False,False,False,미돌파,0,0.0
011780,금호석유화학,2026-03-31,117900.0,122143.8,115559.64,5.39,13.21,0.82,7.46,False,False,True,시간손절,5,0.15
009970,영원무역홀딩스,2026-03-31,219000.0,226452.0,213953.57,5.519,5.0,0.92,1.57,False,False,True,손절,3,-1.054
460860,동국제강,2026-03-31,8910.0,9258.48,8742.5,5.573,0.0,0.6,5.11,False,False,False,미돌파,0,0.0
069960,현대백화점,2026-03-31,79200.0,81562.8,77579.64,4.884,6.25,1.57,6.93,True,False,True,손절,2,-1.061
356860,티엘비,2026-03-31,29942.0,31529.93,28652.88,9.125,13.97,0.72,15.25,False,False,True,추적청산,2,0.467
241710,코스메카코리아,2026-03-31,79700.0,83867.4,77873.57,7.147,5.88,0.79,1.12,False,False,False,미돌파,0,0.0
002350,넥센타이어,2026-03-31,7150.0,7314.6,7007.25,4.202,4.0,0.71,3.38,True,False,True,손절,4,-1.071
029780,삼성카드,2026-03-31,53100.0,53607.0,51818.21,3.337,0.0,1.19,10.3,True,False,True,손절,2,-1.09
071050,한국금융지주,2026-03-31,202500.0,212424.0,198501.79,6.554,0.0,1.05,4.03,True,False,True,추적청산,2,0.454
088350,한화생명,2026-03-31,4430.0,4569.12,4343.98,4.927,5.88,0.34,8.57,False,False,True,추적청산,2,0.439
326030,SK바이오팜,2026-03-31,94800.0,97093.8,92896.79,4.323,14.71,0.31,0.21,False,False,True,손절,2,-1.069
001800,오리온홀딩스,2026-03-31,23000.0,23697.3,22715.54,4.143,0.0,0.56,6.31,False,False,True,손절,4,-1.072
016360,삼성증권,2026-03-31,92400.0,95490.6,90614.29,5.107,10.0,0.78,2.33,False,False,True,시간손절,5,-0.118
004490,세방전지,2026-03-31,59500.0,60921.6,58010.71,4.778,8.0,1.32,0.83,False,False,True,시간손절,5,-0.517
290650,엘앤씨바이오,2026-03-31,67300.0,70039.8,65328.57,6.727,5.26,0.67,4.27,True,False,True,손절,2,-1.045
004170,신세계,2026-03-31,300500.0,309618.0,292382.14,5.567,3.7,1.2,6.24,True,False,True,추적청산,5,0.446
060370,LS마린솔루션,2026-03-31,29100.0,30611.1,27708.75,9.481,14.0,1.03,3.64,False,False,False,미돌파,0,0.0
111770,영원무역,2026-03-31,78500.0,81262.2,76889.29,5.381,0.0,0.68,2.97,True,False,True,시간손절,5,-0.001
103140,풍산,2026-03-31,86700.0,88977.6,85323.93,4.106,3.57,0.32,7.27,True,False,True,추적청산,6,2.017
000120,CJ대한통운,2026-03-31,103400.0,106713.0,100177.14,6.125,10.91,1.22,5.22,True,False,True,시간손절,5,-0.77
000670,영풍,2026-03-31,55600.0,56913.6,53452.5,6.081,10.71,0.57,13.12,False,False,True,추적청산,5,0.506
037460,삼지전자,2026-03-31,24000.0,24649.2,22735.89,7.762,3.12,0.59,-3.9,True,False,True,추적청산,5,1.167
171090,선익시스템,2026-03-31,83800.0,88176.0,80703.93,8.474,9.68,0.48,10.09,True,False,True,손절,2,-1.035
032350,롯데관광개발,2026-04-01,18120.0,18607.14,17433.18,6.309,1.06,1.24,8.02,False,False,False,미돌파,0,0.0
105560,KB금융,2026-04-01,148300.0,150300.0,145606.79,3.123,8.82,1.34,0.74,False,False,True,손절,1,-1.096
383220,F&F,2026-04-01,63700.0,64228.2,61627.14,4.05,4.76,0.61,-1.43,True,True,False,미돌파,0,0.0
161890,한국콜마,2026-04-01,78600.0,79959.6,77031.07,3.663,9.09,0.9,1.26,False,False,True,손절,1,-1.082
383800,LX홀딩스,2026-04-01,8100.0,8146.26,7961.32,2.27,7.69,1.11,4.14,False,False,True,손절,1,-1.132
181710,NHN,2026-04-01,38750.0,39278.4,37333.39,4.952,6.45,0.81,-3.2,True,False,True,손절,1,-1.061
003690,코리안리,2026-04-01,12450.0,12575.1,12119.04,3.627,13.51,1.18,6.95,False,True,True,손절,1,-1.083
280360,롯데웰푸드,2026-04-01,113900.0,114829.2,111161.07,3.194,13.79,1.19,0.78,False,True,True,손절,1,-1.094
012450,한화에어로스페이스,2026-04-01,1333000.0,1366728.0,1271450.0,6.971,12.35,0.8,4.79,False,False,True,추적청산,6,0.768
032830,삼성생명,2026-04-01,227000.0,229959.0,218007.14,5.197,10.53,0.98,0.22,True,False,True,손절,1,-1.058
016380,KG스틸,2026-04-01,5450.0,5480.94,5299.79,3.305,7.14,0.91,6.68,False,True,False,미돌파,0,0.0
090710,휴림로봇,2026-04-01,11120.0,11292.54,10427.43,7.661,3.03,0.76,18.95,False,False,True,손절,1,-1.039
018260,삼성에스디에스,2026-04-01,156100.0,157013.4,151651.43,3.415,4.76,0.91,2.13,False,True,False,미돌파,0,0.0
114090,GKL,2026-04-01,11870.0,11943.84,11516.75,3.576,2.86,0.8,1.08,False,True,True,손절,1,-1.084
004170,신세계,2026-04-01,316500.0,318135.0,297328.57,6.54,11.76,0.93,6.08,True,True,True,시간손절,5,0.524
089970,브이엠,2026-04-01,41650.0,42785.4,40158.93,6.139,2.5,0.77,12.77,False,False,False,미돌파,0,0.0
000670,영풍,2026-04-01,58500.0,58917.6,55539.64,5.733,3.7,0.71,6.85,True,True,True,시간손절,5,0.505
251970,펌텍코리아,2026-04-01,47500.0,48597.0,46250.54,4.828,7.69,1.09,-1.5,True,False,True,손절,1,-1.062
161390,한국타이어앤테크놀로지,2026-04-01,56400.0,57214.2,54902.5,4.04,11.11,0.74,2.93,False,False,True,손절,1,-1.074
192080,더블유게임즈,2026-04-01,50800.0,51302.4,49564.82,3.387,7.14,1.41,-1.2,True,False,True,손절,1,-1.089
035250,강원랜드,2026-04-01,17160.0,17244.42,16823.32,2.442,3.03,0.89,5.4,True,False,True,손절,1,-1.123
018290,브이티,2026-04-01,15540.0,15761.46,15038.82,4.585,7.02,0.61,-2.64,True,False,True,손절,1,-1.065
082640,동양생명,2026-04-01,8710.0,8877.72,8514.11,4.096,3.57,0.86,2.13,True,False,True,손절,1,-1.073
086790,하나금융지주,2026-04-01,112800.0,114228.0,108735.0,4.809,13.33,1.1,-3.77,True,True,True,시간손절,5,0.46
015760,한국전력,2026-04-01,43700.0,43887.6,41988.39,4.327,13.79,0.76,5.92,False,True,True,손절,1,-1.069
171090,선익시스템,2026-04-01,88200.0,89679.0,83448.93,6.947,10.0,0.52,7.06,False,False,True,손절,1,-1.043
082270,젬백스,2026-04-01,33450.0,34619.1,31779.29,8.203,2.22,1.26,19.59,True,False,False,미돌파,0,0.0
000250,삼천당제약,2026-04-01,744000.0,839676.0,694989.29,17.231,12.8,2.61,33.27,True,False,False,미돌파,0,0.0
033780,KT&G,2026-04-01,160000.0,162324.0,155124.29,4.435,4.92,1.12,-2.63,True,False,False,미돌파,0,0.0
267260,HD현대일렉트릭,2026-04-01,902000.0,916830.0,873275.0,4.751,11.76,1.0,9.07,False,False,True,손절,1,-1.063
009540,HD한국조선해양,2026-04-01,372500.0,379257.0,348026.79,8.235,14.55,1.52,3.25,False,False,False,미돌파,0,0.0
271560,오리온,2026-04-01,131800.0,132163.8,127398.57,3.606,2.7,0.86,1.72,False,True,True,시간손절,5,-0.537
000150,두산,2026-04-01,1115000.0,1136268.0,1072178.57,5.64,2.08,0.74,10.8,False,False,False,미돌파,0,0.0
278470,에이피알,2026-04-01,344500.0,348696.0,324841.07,6.841,7.69,0.87,-4.87,True,True,True,손절,3,-1.044
078600,대주전자재료,2026-04-01,127700.0,129258.0,118657.86,8.201,0.0,0.62,-1.19,True,True,False,미돌파,0,0.0
222080,SFA넥셀,2026-04-01,12230.0,12444.84,11876.04,4.571,9.52,0.39,3.55,False,False,True,손절,1,-1.066
005090,SGC에너지,2026-04-01,60500.0,66432.6,56455.89,15.018,7.95,1.0,2.42,True,False,False,미돌파,0,0.0
247540,에코프로비엠,2026-04-01,202000.0,204408.0,195874.64,4.175,0.0,0.71,0.49,True,False,True,손절,1,-1.072
014820,동원시스템즈,2026-04-01,25300.0,25701.3,24804.29,3.49,0.0,1.18,5.07,False,False,True,손절,1,-1.086
003550,LG,2026-04-01,87200.0,88677.0,84372.14,4.855,8.57,1.04,1.8,False,False,True,손절,1,-1.062
010130,고려아연,2026-04-01,1517000.0,1531056.0,1458453.57,4.742,14.04,0.9,4.77,False,False,True,손절,1,-1.063
086900,메디톡스,2026-04-01,104100.0,104608.8,101481.79,2.989,8.7,0.56,1.61,False,True,True,손절,1,-1.1
300720,한일시멘트,2026-04-01,16590.0,16683.3,16099.82,3.497,13.33,0.89,2.47,False,True,True,손절,1,-1.086
035900,JYP Ent.,2026-04-01,63100.0,63827.4,61270.0,4.007,9.52,0.75,1.87,False,False,False,미돌파,0,0.0
003570,SNT다이내믹스,2026-04-01,49100.0,50300.4,48045.0,4.484,0.0,0.86,3.35,False,False,True,추적청산,2,0.366
475830,오름테라퓨틱,2026-04-01,86500.0,90981.6,82135.54,9.723,2.86,1.32,22.84,True,False,False,미돌파,0,0.0
211050,인카금융서비스,2026-04-01,12110.0,12314.58,11670.14,5.233,3.64,0.92,2.57,False,False,False,미돌파,0,0.0
003240,태광산업,2026-04-01,1131000.0,1144284.0,1071996.43,6.317,0.0,0.68,6.61,True,False,True,시간손절,5,0.516
001450,현대해상,2026-04-01,31450.0,31563.0,30599.64,3.052,0.0,0.83,2.18,True,True,True,손절,1,-1.098
019210,와이지-원,2026-04-01,12650.0,12805.56,11904.43,7.037,1.45,0.54,3.8,True,False,True,추적청산,4,0.843
285130,SK케미칼,2026-04-01,54400.0,54609.0,52322.86,4.186,11.11,1.03,3.2,False,True,True,손절,1,-1.072
032820,우리기술,2026-04-01,22050.0,23196.3,21141.43,8.859,3.23,0.52,14.7,False,False,False,미돌파,0,0.0
207940,삼성바이오로직스,2026-04-01,1572000.0,1590174.0,1490732.14,6.254,2.3,1.18,0.82,False,False,True,시간손절,5,0.031
000080,하이트진로,2026-04-01,16940.0,17044.02,16555.79,2.865,12.5,1.3,-1.68,True,True,False,미돌파,0,0.0
017670,SK텔레콤,2026-04-01,78500.0,79158.0,76647.86,3.171,0.0,0.79,1.63,True,False,True,추적청산,12,4.019
041510,에스엠,2026-04-01,90000.0,91282.2,87054.64,4.631,2.86,0.69,3.64,True,False,False,미돌파,0,0.0
005850,에스엘,2026-04-01,58600.0,59118.0,56470.71,4.478,15.0,0.67,3.93,False,False,True,손절,1,-1.067
002960,한국쉘석유,2026-04-01,474000.0,480960.0,457669.64,4.842,15.0,0.54,0.52,True,False,True,추적청산,5,0.438
071970,HD현대마린엔진,2026-04-01,71400.0,72344.4,68935.71,4.712,7.69,1.05,7.87,False,False,True,추적청산,2,0.356
036570,NC,2026-04-01,229500.0,231462.0,221258.93,4.408,0.0,0.94,-0.88,True,False,False,미돌파,0,0.0
272210,한화시스템,2026-04-02,129200.0,139177.8,125583.57,9.768,12.61,1.23,0.39,False,False,False,미돌파,0,0.0
012450,한화에어로스페이스,2026-04-02,1417000.0,1480956.0,1370753.57,7.441,2.11,1.52,-3.51,True,False,False,미돌파,0,0.0
010780,아이에스동서,2026-04-02,27500.0,28506.9,26742.86,6.188,6.9,1.0,0.36,False,False,True,손절,3,-1.048
021240,코웨이,2026-04-02,71900.0,75049.8,70636.79,5.88,2.56,1.51,1.91,False,False,False,미돌파,0,0.0
100090,SK오션플랜트,2026-04-02,28350.0,30310.5,26838.04,11.456,1.67,1.12,1.22,False,False,True,손절,3,-1.026
012750,에스원,2026-04-02,85900.0,89278.2,84453.57,5.404,2.44,0.78,1.83,True,False,False,미돌파,0,0.0
039200,오스코텍,2026-04-03,48950.0,49899.6,47263.04,5.284,14.63,0.61,9.85,False,False,False,미돌파,0,0.0
078600,대주전자재료,2026-04-03,121100.0,126151.8,117143.21,7.141,4.17,0.62,6.99,True,False,False,미돌파,0,0.0
032820,우리기술,2026-04-03,21600.0,22044.0,20026.79,9.151,12.9,0.33,7.69,False,False,True,손절,2,-1.033
008930,한미사이언스,2026-04-03,37600.0,38025.9,36799.82,3.224,11.11,0.62,2.08,False,False,True,추적청산,6,0.539
011210,현대위아,2026-04-03,76600.0,77454.6,74398.93,3.945,8.7,0.63,6.24,True,False,False,미돌파,0,0.0
214320,이노션,2026-04-03,17820.0,17935.8,17613.29,1.798,4.44,0.66,1.98,False,False,False,미돌파,0,0.0
229640,LS에코에너지,2026-04-03,43850.0,44889.6,42790.71,4.676,3.12,0.58,1.02,True,False,True,손절,2,-1.064
219130,타이거일렉,2026-04-03,27450.0,28356.6,25960.36,8.45,12.5,0.5,6.47,True,False,True,추적청산,8,1.715
036540,SFA반도체,2026-04-03,6420.0,6643.26,6258.39,5.793,3.23,0.62,2.13,False,False,False,미돌파,0,0.0
064960,SNT모티브,2026-04-03,33450.0,34068.0,32779.29,3.783,10.0,0.71,1.04,True,False,False,미돌파,0,0.0
383220,F&F,2026-04-03,61100.0,62224.2,60218.57,3.223,6.67,0.46,6.0,False,False,False,미돌파,0,0.0
171090,선익시스템,2026-04-03,84300.0,91482.6,80881.43,11.588,8.6,0.93,9.16,False,False,True,손절,4,-1.026
241560,두산밥캣,2026-04-03,60600.0,62023.8,59824.29,3.546,0.0,0.42,-1.68,True,False,False,미돌파,0,0.0
000400,롯데손해보험,2026-04-03,2065.0,2104.2,2029.41,3.554,9.09,0.36,3.05,False,False,False,미돌파,0,0.0
056080,유진로봇,2026-04-03,24650.0,25200.3,23820.89,5.474,14.29,0.43,5.92,False,False,False,미돌파,0,0.0
100790,미래에셋벤처투자,2026-04-03,27450.0,29859.6,26291.07,11.951,5.0,1.17,15.67,False,False,False,미돌파,0,0.0
010140,삼성중공업,2026-04-03,27900.0,28406.7,27059.46,4.743,9.52,0.69,-7.31,True,False,False,미돌파,0,0.0
000210,DL,2026-04-03,59500.0,62424.6,56428.93,9.605,14.0,0.73,4.95,False,False,True,추적청산,6,0.475
012750,에스원,2026-04-03,86500.0,88977.6,85258.93,4.179,6.67,0.49,0.8,True,False,True,손절,2,-1.115
000250,삼천당제약,2026-04-03,648000.0,663324.0,570482.14,13.996,11.27,1.52,41.67,False,False,True,손절,2,-1.77
096770,SK이노베이션,2026-04-03,118200.0,119839.2,113179.29,5.557,0.0,0.53,-6.1,True,False,True,추적청산,3,0.446
036830,솔브레인홀딩스,2026-04-03,47800.0,49348.5,46937.68,4.885,13.51,0.56,2.15,False,False,False,미돌파,0,0.0
240810,원익IPS,2026-04-03,113500.0,115230.0,107463.93,6.74,6.45,0.51,6.2,True,False,True,추적청산,4,0.455
399720,가온칩스,2026-04-03,62100.0,63627.0,58912.14,7.41,2.56,0.59,2.97,False,False,False,미돌파,0,0.0
031330,에스에이엠티,2026-04-03,5090.0,5180.34,4964.41,4.168,0.0,0.53,2.86,False,False,False,미돌파,0,0.0
445680,큐리옥스바이오시스템즈,2026-04-03,77400.0,84468.6,69370.71,17.874,5.56,1.2,31.63,True,False,False,미돌파,0,0.0
000500,가온전선,2026-04-03,57902.0,58908.58,55346.39,6.047,4.08,0.37,4.67,False,False,True,손절,2,-1.05
089860,롯데렌탈,2026-04-03,31350.0,31863.6,30862.86,3.141,6.25,0.68,3.83,False,False,False,미돌파,0,0.0
388210,씨엠티엑스,2026-04-06,117300.0,123446.4,113810.71,7.806,13.16,0.5,14.81,True,False,False,미돌파,0,0.0
064400,LG씨엔에스,2026-04-06,57600.0,59418.6,56748.93,4.493,14.29,0.7,2.37,False,False,False,미돌파,0,0.0
030000,제일기획,2026-04-06,19170.0,19338.6,18925.36,2.137,0.0,0.57,0.98,False,False,True,추적청산,3,0.36
012330,현대모비스,2026-04-06,388500.0,396291.0,380489.29,3.987,0.0,0.64,2.39,False,False,False,미돌파,0,0.0
010120,LS ELECTRIC,2026-04-06,159800.0,166131.6,156075.71,6.053,0.0,0.83,-3.1,True,False,False,미돌파,0,0.0
003670,포스코퓨처엠,2026-04-06,211000.0,218937.0,206553.21,5.656,5.0,0.65,1.63,False,False,False,미돌파,0,0.0
003850,보령,2026-04-06,9110.0,9218.4,8979.96,2.587,5.88,0.57,1.3,False,False,True,추적청산,5,1.1
026960,동서,2026-04-06,26850.0,27404.7,26446.79,3.495,0.0,0.62,3.94,True,False,True,시간손절,5,-0.247
035720,카카오,2026-04-06,44850.0,45540.9,43707.5,4.026,10.34,0.87,4.78,True,False,True,추적청산,5,0.701
041510,에스엠,2026-04-06,84800.0,86472.6,83525.71,3.408,13.64,0.46,4.29,True,False,False,미돌파,0,0.0
181710,NHN,2026-04-06,36500.0,38126.1,35650.18,6.494,9.76,0.74,12.89,False,False,False,미돌파,0,0.0
005850,에스엘,2026-04-06,54800.0,56112.0,53585.71,4.502,10.53,0.65,4.03,True,False,False,미돌파,0,0.0
036530,SNT홀딩스,2026-04-06,58600.0,59619.0,55494.29,6.918,14.29,1.41,1.35,False,False,True,추적청산,10,0.842
131290,티에스이,2026-04-06,107400.0,114228.0,104045.36,8.914,1.19,0.48,4.11,False,False,False,미돌파,0,0.0
069260,TKG휴켐스,2026-04-06,17420.0,17595.12,17138.45,2.595,9.09,0.53,3.06,True,False,False,미돌파,0,0.0
003690,코리안리,2026-04-06,12180.0,12635.22,11914.21,5.706,3.17,0.49,8.56,True,False,False,미돌파,0,0.0
017960,한국카본,2026-04-06,46250.0,46793.4,43801.96,6.393,2.13,0.78,-18.44,True,False,False,미돌파,0,0.0
285130,SK케미칼,2026-04-06,51600.0,52504.8,50605.71,3.617,14.29,0.7,2.27,True,False,True,추적청산,11,1.864
100790,미래에셋벤처투자,2026-04-06,27550.0,29358.6,25981.43,11.503,3.57,0.45,7.86,False,False,True,시간손절,5,0.149
161890,한국콜마,2026-04-06,75700.0,78055.8,73374.29,5.998,12.82,0.75,1.17,True,False,True,시간손절,5,0.771
101490,에스앤에스텍,2026-04-06,77800.0,80260.2,76219.29,5.035,6.67,0.38,2.26,False,False,True,추적청산,6,2.648
028670,팬오션,2026-04-06,5260.0,5310.6,5090.84,4.138,11.76,0.85,-7.9,True,True,True,손절,3,-1.072
310210,보로노이,2026-04-06,272000.0,276051.0,259351.79,6.049,4.0,0.97,15.0,True,False,True,추적청산,3,0.45
383220,F&F,2026-04-06,60800.0,61923.6,59828.21,3.384,0.0,0.47,4.1,False,False,False,미돌파,0,0.0
003090,대웅,2026-04-06,22600.0,23046.0,22115.45,4.038,14.29,0.51,6.42,True,False,False,미돌파,0,0.0
093320,케이아이엔엑스,2026-04-06,102000.0,103206.0,98385.0,4.671,0.0,0.17,0.97,False,False,True,시간손절,5,0.121
035420,NAVER,2026-04-06,196800.0,199798.8,193039.64,3.383,5.77,1.08,4.93,True,False,True,시간손절,5,-0.207
067310,하나마이크론,2026-04-06,28900.0,30210.3,28121.25,6.915,0.0,0.5,1.37,False,False,False,미돌파,0,0.0
219130,타이거일렉,2026-04-06,27700.0,29408.7,26961.43,8.322,14.63,0.61,3.65,False,False,True,추적청산,7,1.474
101160,월덱스,2026-04-06,27800.0,28907.7,27280.54,5.629,11.54,0.69,6.24,True,False,False,미돌파,0,0.0
003540,대신증권,2026-04-06,35950.0,36522.9,35232.14,3.534,10.53,0.56,0.42,False,False,True,추적청산,4,0.736
006260,LS,2026-04-06,268000.0,281061.0,261226.79,7.057,6.25,0.9,-2.68,True,False,False,미돌파,0,0.0
001500,현대차증권,2026-04-06,10060.0,10190.34,9608.71,5.708,6.38,0.78,2.99,True,False,True,추적청산,5,0.653
044490,태웅,2026-04-06,50200.0,52605.0,48393.93,8.005,7.69,0.46,-7.04,True,False,False,미돌파,0,0.0
950160,코오롱티슈진,2026-04-07,98800.0,103406.4,95507.5,7.639,8.06,0.59,7.4,False,False,True,손절,4,-1.039
160190,하이젠알앤엠,2026-04-07,33900.0,35370.6,32595.54,7.846,9.3,0.46,3.14,True,False,True,추적청산,12,1.395
001270,부국증권,2026-04-07,71500.0,72645.0,69656.79,4.113,13.04,0.48,3.25,True,False,True,추적청산,5,0.888
058610,에스피지,2026-04-07,103900.0,109919.4,100900.0,8.205,13.16,0.61,0.67,True,False,True,시간손절,5,-0.005
192080,더블유게임즈,2026-04-07,47900.0,48947.7,47407.86,3.146,4.17,0.53,3.62,True,False,True,추적청산,10,1.104
017800,현대엘리베이터,2026-04-07,87400.0,89478.6,85983.57,3.906,14.29,0.63,-4.92,True,False,True,손절,1,-1.077
415640,KB발해인프라,2026-04-07,9930.0,9969.9,9880.03,0.901,0.0,0.73,0.5,True,False,False,미돌파,0,0.0
005490,POSCO홀딩스,2026-04-07,345500.0,355209.0,340937.5,4.018,13.04,0.85,-3.91,True,False,True,추적청산,4,0.506
491000,리브스메드,2026-04-07,63600.0,65831.4,60371.79,8.293,4.44,0.66,3.05,True,False,True,손절,5,-1.036
002350,넥센타이어,2026-04-07,6990.0,7134.24,6847.25,4.023,4.35,0.79,2.24,True,False,True,추적청산,3,0.47
161000,애경케미칼,2026-04-07,12190.0,12705.36,11501.39,9.476,11.34,0.8,11.28,False,False,False,미돌파,0,0.0
248070,솔루엠,2026-04-07,16310.0,16492.92,16018.96,2.874,14.71,2.6,0.55,False,False,True,추적청산,9,3.03
189300,인텔리안테크,2026-04-07,112200.0,117634.8,108704.29,7.592,9.72,0.6,-1.17,True,False,True,추적청산,10,1.489
347850,디앤디파마텍,2026-04-07,67600.0,71041.8,64666.43,8.974,9.26,0.62,0.29,True,False,True,추적청산,8,0.895
356860,티엘비,2026-04-07,33136.0,33918.7,31711.02,6.509,14.26,0.79,-10.67,True,False,True,추적청산,4,0.277
007310,오뚜기,2026-04-07,355000.0,362223.0,350294.64,3.293,0.0,1.07,1.25,True,False,True,시간손절,5,0.351
397030,에이프릴바이오,2026-04-07,51000.0,52404.6,49355.54,5.818,8.7,0.72,6.42,False,False,True,추적청산,9,1.53
086900,메디톡스,2026-04-07,97600.0,99899.4,96462.5,3.44,0.0,0.49,3.65,True,False,True,추적청산,4,0.413
128940,한미약품,2026-04-07,507000.0,518034.0,484193.75,6.532,14.55,0.67,1.55,False,False,True,손절,1,-1.046
006120,SK디스커버리,2026-04-07,51600.0,52003.8,47011.43,9.6,4.55,1.48,-1.18,True,True,True,추적청산,9,1.37
222800,심텍,2026-04-07,57900.0,58917.6,55118.39,6.448,3.45,1.05,-22.02,True,False,True,추적청산,4,1.346
002380,KCC,2026-04-07,461000.0,472443.0,449992.86,4.752,8.57,0.94,4.36,True,False,True,추적청산,4,1.095
466100,클로봇,2026-04-07,38692.0,40620.08,37382.73,7.97,1.84,1.65,15.51,True,False,True,추적청산,4,0.486
006730,서부T&D,2026-04-07,12990.0,13226.4,12742.82,3.656,13.89,0.52,0.38,True,False,True,추적청산,4,0.418
000720,현대건설,2026-04-07,155900.0,166632.6,151418.21,9.13,3.82,1.03,-9.71,True,False,True,추적청산,4,0.644
456160,지투지바이오,2026-04-07,66300.0,69438.6,63231.79,8.939,4.0,0.21,-0.76,True,False,True,시간손절,5,0.105
006110,삼아알미늄,2026-04-07,36150.0,38727.3,35053.21,9.487,15.0,0.96,10.07,False,False,True,손절,1,-1.209
056080,유진로봇,2026-04-07,23800.0,25250.4,23239.11,7.965,14.71,0.5,2.06,True,False,True,손절,4,-1.038
023530,롯데쇼핑,2026-04-07,104100.0,107214.0,101218.93,5.592,10.64,0.88,3.79,False,False,True,시간손절,5,-0.373
302440,SK바이오사이언스,2026-04-08,41750.0,42484.8,40799.82,3.966,3.7,1.2,4.35,False,False,False,미돌파,0,0.0
112610,씨에스윈드,2026-04-08,64800.0,66132.0,61802.14,6.547,3.03,0.76,-1.73,True,False,True,손절,4,-1.046
082270,젬백스,2026-04-08,30050.0,31763.4,28518.21,10.217,5.77,1.74,10.16,False,False,True,손절,1,-1.029
328130,루닛,2026-04-08,16970.0,17379.69,16669.01,4.089,4.76,1.15,3.97,False,False,True,추적청산,8,1.336
035760,CJ ENM,2026-04-08,54100.0,55210.2,52649.64,4.638,4.76,0.95,5.25,False,False,False,미돌파,0,0.0
213420,덕산네오룩스,2026-04-08,44550.0,45039.9,41486.07,7.89,10.53,0.99,10.36,False,True,True,추적청산,5,1.357
000100,유한양행,2026-04-08,94200.0,95590.8,92936.43,2.777,10.53,0.91,5.33,False,False,False,미돌파,0,0.0
047810,한국항공우주,2026-04-08,190400.0,192784.8,183854.82,4.632,0.0,0.87,-1.33,True,False,True,추적청산,3,0.435
056190,SFA,2026-04-08,27700.0,28156.2,27077.68,3.83,6.25,0.85,0.54,False,False,False,미돌파,0,0.0
094170,동운아나텍,2026-04-08,28650.0,29308.5,27775.36,5.231,13.04,0.42,8.47,True,False,False,미돌파,0,0.0
319660,피에스케이,2026-04-08,84900.0,87174.0,81447.86,6.569,0.0,0.97,1.74,False,False,False,미돌파,0,0.0
007390,네이처셀,2026-04-08,18200.0,18597.12,17836.5,4.09,14.29,0.97,-1.96,True,False,True,추적청산,7,1.71
0009K0,에임드바이오,2026-04-08,48050.0,49298.4,46474.46,5.728,6.82,0.35,3.12,False,False,False,미돌파,0,0.0
086900,메디톡스,2026-04-08,101700.0,103206.0,99194.64,3.887,9.38,1.04,2.31,False,False,True,손절,1,-1.077
174900,앱클론,2026-04-08,53500.0,54709.2,48820.71,10.763,2.15,0.83,11.86,True,False,False,미돌파,0,0.0
137400,피엔티,2026-04-08,49450.0,49849.5,47252.5,5.21,2.38,0.91,1.0,True,True,True,시간손절,5,0.732
086520,에코프로,2026-04-08,153100.0,154207.8,147702.86,4.218,2.08,1.07,-2.68,True,True,False,미돌파,0,0.0
012330,현대모비스,2026-04-08,407000.0,411822.0,394091.07,4.305,14.29,1.37,0.49,True,True,True,손절,3,-1.216
053610,프로텍,2026-04-08,55300.0,55711.2,52745.89,5.323,13.64,0.89,0.9,False,True,False,미돌파,0,0.0
006280,녹십자,2026-04-08,142600.0,144789.0,140272.86,3.119,2.94,0.73,3.71,False,False,True,시간손절,5,0.615
001430,세아베스틸지주,2026-04-08,68800.0,69538.8,65119.29,6.355,2.94,0.93,3.1,False,True,False,미돌파,0,0.0
000150,두산,2026-04-08,1204000.0,1226448.0,1119042.86,8.757,4.44,2.0,-7.98,True,False,True,추적청산,6,1.022
011200,HMM,2026-04-08,20650.0,20941.8,20257.0,3.27,0.0,1.01,-1.47,True,False,False,미돌파,0,0.0
000240,한국앤컴퍼니,2026-04-08,24000.0,24549.0,23135.71,5.757,4.35,1.97,3.23,False,False,True,추적청산,7,0.625
071970,HD현대마린엔진,2026-04-08,79300.0,80160.0,76194.29,4.947,0.0,0.84,-11.06,True,False,False,미돌파,0,0.0
010060,OCI홀딩스,2026-04-08,197200.0,200199.6,182941.07,8.621,9.42,1.13,-1.91,True,True,True,손절,4,-1.035
195940,HK이노엔,2026-04-08,48950.0,49599.0,47924.82,3.375,0.0,0.81,3.45,False,False,False,미돌파,0,0.0
068270,셀트리온,2026-04-08,192539.0,195789.8,185600.11,5.204,0.0,1.17,1.94,False,False,False,미돌파,0,0.0
006040,동원산업,2026-04-08,38250.0,38777.4,37196.43,4.077,11.54,0.87,2.17,True,False,False,미돌파,0,0.0
041960,코미팜,2026-04-08,7860.0,8106.18,7543.75,6.938,8.7,0.92,7.64,True,False,True,추적청산,4,0.7
095340,ISC,2026-04-08,257000.0,263526.0,241603.57,8.319,11.11,1.56,2.65,False,False,True,추적청산,3,0.087
102710,이엔에프테크놀로지,2026-04-08,48200.0,48446.7,45836.96,5.387,0.0,0.92,5.49,False,True,True,추적청산,15,2.754
000810,삼성화재,2026-04-08,468000.0,474948.0,457855.36,3.599,11.54,1.22,-3.08,True,False,False,미돌파,0,0.0
031210,서울보증보험,2026-04-08,48200.0,49198.2,47548.93,3.352,8.0,0.72,7.84,False,False,False,미돌파,0,0.0
285130,SK케미칼,2026-04-08,54300.0,54809.4,52397.14,4.401,10.53,1.35,0.18,False,False,True,추적청산,9,1.093
281740,레이크머티리얼즈,2026-04-08,20150.0,20691.3,19605.04,5.25,5.95,1.22,1.95,True,False,False,미돌파,0,0.0
004490,세방전지,2026-04-08,61100.0,61823.4,60208.57,2.612,8.33,1.52,0.49,True,False,False,미돌파,0,0.0
214450,파마리서치,2026-04-08,294500.0,298095.0,285212.5,4.322,5.0,0.97,5.91,False,False,True,시간손절,5,-0.038
036570,NC,2026-04-08,218000.0,220941.0,213387.5,3.419,9.09,0.66,5.01,False,False,True,추적청산,9,3.097
319660,피에스케이,2026-04-09,83300.0,86071.8,79852.14,7.226,10.0,0.82,-2.59,True,False,True,손절,2,-1.146
005880,대한해운,2026-04-09,2380.0,2454.9,2309.02,5.942,4.35,0.26,-2.15,True,False,True,추적청산,4,0.947
036540,SFA반도체,2026-04-09,6760.0,6943.86,6564.64,5.461,13.33,0.75,-7.64,True,False,True,추적청산,14,2.721
259960,크래프톤,2026-04-09,234000.0,236472.0,228344.64,3.437,8.33,0.84,5.45,False,False,True,추적청산,8,1.891
039030,이오테크닉스,2026-04-09,426500.0,443886.0,414883.93,6.534,8.7,0.98,-7.3,True,False,True,추적청산,5,0.939
009420,한올바이오파마,2026-04-09,47050.0,47595.0,44266.43,6.994,1.96,0.74,13.51,True,False,False,미돌파,0,0.0
001720,신영증권,2026-04-09,204500.0,208917.0,199262.14,4.621,6.67,0.63,-10.18,True,False,True,손절,2,-1.279
003240,태광산업,2026-04-09,1169000.0,1191378.0,1139553.57,4.35,7.69,0.64,-5.89,True,False,True,추적청산,6,1.103
089970,브이엠,2026-04-09,43250.0,45390.6,42030.89,7.402,9.09,0.51,-6.4,True,False,True,추적청산,13,1.83
211050,인카금융서비스,2026-04-09,11720.0,12024.0,11525.04,4.15,0.0,0.97,0.26,False,False,False,미돌파,0,0.0
011790,SKC,2026-04-09,94800.0,96091.8,91740.51,4.528,11.76,1.35,-7.75,True,False,True,추적청산,8,2.043
058470,리노공업,2026-04-09,113100.0,114127.8,108137.14,5.249,2.13,1.2,-14.13,True,True,True,시간손절,5,0.088
192820,코스맥스,2026-04-09,185800.0,190881.0,181617.86,4.853,5.8,1.22,4.47,False,False,False,미돌파,0,0.0
038500,삼표시멘트,2026-04-09,16870.0,17374.68,16185.21,6.846,7.78,0.83,-17.81,True,False,True,추적청산,2,0.152
317450,명인제약,2026-04-09,57200.0,58516.8,56400.0,3.617,5.88,0.89,-8.95,True,False,False,미돌파,0,0.0
002960,한국쉘석유,2026-04-09,479500.0,485469.0,473078.57,2.552,5.56,0.52,2.04,False,False,True,추적청산,4,0.888
028670,팬오션,2026-04-09,5200.0,5230.44,5000.09,4.404,11.11,0.59,-5.58,True,True,True,추적청산,3,0.432
112610,씨에스윈드,2026-04-09,67700.0,67835.4,63311.79,6.669,2.86,0.62,-4.31,True,True,False,미돌파,0,0.0
003690,코리안리,2026-04-10,11940.0,12094.14,11752.29,2.827,8.0,0.7,1.97,True,False,False,미돌파,0,0.0
103140,풍산,2026-04-10,99500.0,101202.0,96585.36,4.562,5.88,0.83,-2.79,True,False,False,미돌파,0,0.0
089030,테크윙,2026-04-10,53000.0,54308.4,51564.55,5.052,9.52,0.85,-13.49,True,False,True,추적청산,6,0.658
033500,동성화인텍,2026-04-10,25550.0,26152.2,25012.68,4.357,0.0,0.54,1.16,True,False,True,손절,1,-1.069
131970,두산테스나,2026-04-10,88200.0,90580.8,84378.57,6.847,14.58,0.6,6.86,False,False,False,미돌파,0,0.0
403870,HPSP,2026-04-10,45550.0,46743.3,44289.82,5.249,2.63,0.77,-8.45,True,False,False,미돌파,0,0.0
051900,LG생활건강,2026-04-10,249000.0,252003.0,243714.29,3.289,0.0,0.93,-0.81,True,False,True,시간손절,5,0.27
085620,미래에셋생명,2026-04-10,16470.0,17023.98,16142.29,5.179,11.59,0.3,1.79,False,False,True,시간손절,5,0.425
214370,케어젠,2026-04-10,85600.0,87174.0,79528.21,8.771,5.08,0.75,20.37,False,False,True,추적청산,6,1.148
007310,오뚜기,2026-04-10,367000.0,370239.0,363267.86,1.883,10.0,0.6,-3.23,True,False,False,미돌파,0,0.0
336570,원텍,2026-04-10,7160.0,7234.44,6920.0,4.346,4.17,1.09,-3.77,True,False,True,추적청산,7,0.996
003090,대웅,2026-04-10,22400.0,22845.6,22028.57,3.576,0.0,0.79,1.1,False,False,False,미돌파,0,0.0
240810,원익IPS,2026-04-10,122100.0,125650.8,119198.57,5.135,0.0,1.85,-7.58,True,False,False,미돌파,0,0.0
097230,HJ중공업,2026-04-10,25900.0,26653.2,24499.46,8.081,11.11,0.76,-6.37,True,False,False,미돌파,0,0.0
052020,에스티큐브,2026-04-10,15500.0,16132.2,14940.0,7.39,8.7,0.39,2.64,False,False,False,미돌파,0,0.0
060370,LS마린솔루션,2026-04-10,29550.0,30310.5,28939.64,4.523,9.52,0.5,1.5,False,False,False,미돌파,0,0.0
0009K0,에임드바이오,2026-04-10,47550.0,47995.8,45600.71,4.99,8.33,0.38,1.55,False,False,False,미돌파,0,0.0
415640,KB발해인프라,2026-04-10,9930.0,9979.92,9890.02,0.901,0.0,1.02,0.3,True,False,False,미돌파,0,0.0
115180,큐리언트,2026-04-10,34750.0,35320.5,32952.14,6.705,5.41,0.53,2.39,True,False,False,미돌파,0,0.0
241710,코스메카코리아,2026-04-10,79300.0,80861.4,76525.36,5.362,2.94,1.0,-3.39,True,False,True,추적청산,8,0.875
003240,태광산업,2026-04-10,1174000.0,1215426.0,1152400.0,5.186,5.88,1.01,-4.45,True,False,False,미돌파,0,0.0
012630,HDC,2026-04-10,27550.0,28356.6,26632.68,6.079,3.57,0.37,-3.38,True,False,False,미돌파,0,0.0
185750,종근당,2026-04-10,87300.0,88276.2,85986.43,2.594,11.76,0.84,1.02,False,False,False,미돌파,0,0.0
031980,피에스케이홀딩스,2026-04-10,106100.0,110520.6,102937.68,6.861,0.0,1.0,-13.48,True,False,True,손절,1,-1.049
326030,SK바이오팜,2026-04-10,98500.0,99598.8,96572.14,3.039,0.0,0.17,-4.68,True,False,False,미돌파,0,0.0
036540,SFA반도체,2026-04-10,6900.0,7154.28,6725.07,5.999,14.29,1.43,-7.48,True,False,False,미돌파,0,0.0
000400,롯데손해보험,2026-04-13,2140.0,2189.37,2089.03,4.583,12.5,0.84,-5.68,True,False,True,시간손절,5,-0.408
079940,가비아,2026-04-13,27450.0,27555.0,26709.64,3.068,0.0,0.3,-2.81,True,True,True,추적청산,5,2.174
017940,E1,2026-04-13,95400.0,96592.8,93665.0,3.031,4.35,0.53,1.85,True,False,False,미돌파,0,0.0
035900,JYP Ent.,2026-04-13,59600.0,60621.0,58498.93,3.501,11.76,0.91,0.83,True,False,True,추적청산,6,0.928
004370,농심,2026-04-13,373500.0,377253.0,369725.0,1.995,9.09,0.54,-1.77,True,False,False,미돌파,0,0.0
012750,에스원,2026-04-13,88200.0,90180.0,86536.79,4.04,10.71,0.61,-0.46,True,False,True,추적청산,6,0.483
271560,오리온,2026-04-13,131400.0,134067.6,129714.29,3.247,11.76,0.58,-0.15,True,False,False,미돌파,0,0.0
462870,시프트업,2026-04-13,32850.0,33466.8,32061.07,4.2,0.0,0.53,0.15,False,False,True,시간손절,5,0.13
068760,셀트리온제약,2026-04-13,55300.0,55911.6,54374.29,2.75,9.09,0.69,-0.73,True,False,True,추적청산,5,1.168
001040,CJ,2026-04-13,203000.0,204909.0,197403.57,3.663,9.09,0.63,-8.79,True,False,False,미돌파,0,0.0
285130,SK케미칼,2026-04-13,57200.0,57815.4,54827.14,5.169,8.0,1.03,-10.85,True,False,True,시간손절,5,-0.063
185750,종근당,2026-04-13,87500.0,88376.4,84581.07,4.295,12.5,1.12,1.57,False,False,True,시간손절,5,-0.011
096770,SK이노베이션,2026-04-13,121500.0,124448.4,118910.71,4.45,11.36,0.73,1.38,False,False,False,미돌파,0,0.0
226950,올릭스,2026-04-13,161800.0,163326.0,150201.07,8.036,13.46,0.84,-2.86,True,True,True,손절,1,-1.037
229640,LS에코에너지,2026-04-14,44500.0,45641.1,43048.21,5.681,2.38,1.57,-3.73,True,False,True,추적청산,15,8.037
017940,E1,2026-04-14,95400.0,96091.8,93367.14,2.835,0.0,0.55,0.42,True,False,True,시간손절,5,-0.029
124500,아이티센글로벌,2026-04-14,53100.0,54809.4,51115.0,6.74,10.0,0.93,-21.37,True,False,True,손절,2,-1.045
365340,성일하이텍,2026-04-14,64900.0,65230.2,59313.21,9.071,7.84,0.68,2.41,True,True,True,추적청산,8,1.631
240810,원익IPS,2026-04-14,122000.0,124548.6,118302.14,5.015,8.33,0.81,-6.92,True,False,True,손절,2,-1.06
095340,ISC,2026-04-14,223000.0,224949.0,207051.79,7.956,7.41,0.93,6.69,True,True,True,시간손절,5,0.692
000400,롯데손해보험,2026-04-14,2160.0,2194.38,2093.92,4.578,12.5,1.12,-8.0,True,False,True,시간손절,5,-0.657
089860,롯데렌탈,2026-04-14,31800.0,32013.9,31116.61,2.803,0.0,1.28,-3.08,True,False,True,추적청산,7,1.082
084370,유진테크,2026-04-14,127000.0,132364.2,124343.57,6.06,9.38,0.83,-5.75,True,False,False,미돌파,0,0.0
077970,STX엔진,2026-04-14,33900.0,34769.4,33172.14,4.594,12.5,0.92,2.31,True,False,False,미돌파,0,0.0
277810,레인보우로보틱스,2026-04-14,603000.0,616230.0,586192.86,4.874,8.7,0.66,-10.64,True,False,True,시간손절,5,-0.569
067160,SOOP,2026-04-15,60100.0,61122.0,59487.14,2.675,8.33,0.94,-3.26,True,False,False,미돌파,0,0.0
090710,휴림로봇,2026-04-15,11540.0,11873.7,11106.32,6.463,3.33,0.87,0.35,False,False,True,손절,5,-1.046
086520,에코프로,2026-04-15,147900.0,151702.8,144848.57,4.518,7.55,1.05,3.4,True,False,True,추적청산,6,0.827
491000,리브스메드,2026-04-15,61800.0,62625.0,56641.43,9.555,5.88,1.82,7.21,True,True,True,손절,5,-1.031
014680,한솔케미칼,2026-04-15,281000.0,293586.0,269666.07,8.148,14.63,2.29,-3.12,True,False,False,미돌파,0,0.0
052020,에스티큐브,2026-04-15,15380.0,15951.84,15006.64,5.925,1.41,0.62,1.09,False,False,True,추적청산,5,0.528
087010,펩트론,2026-04-15,263000.0,265530.0,253391.07,4.572,5.56,0.82,7.39,True,False,True,추적청산,2,0.434
007310,오뚜기,2026-04-15,367500.0,369237.0,363321.43,1.602,0.0,1.01,-2.8,True,False,True,손절,5,-1.187
192820,코스맥스,2026-04-15,198000.0,201903.0,192586.43,4.614,14.29,0.82,-6.8,True,False,True,추적청산,9,1.514
267250,HD현대,2026-04-15,255000.0,260019.0,249867.86,3.904,13.33,1.04,-1.59,True,False,True,손절,4,-1.077
004370,농심,2026-04-15,377000.0,378756.0,372800.0,1.573,12.5,0.92,-1.48,True,False,True,추적청산,4,0.309
000270,기아,2026-04-15,151500.0,154909.2,149670.71,3.382,13.16,0.97,4.84,False,False,True,추적청산,6,0.678
033790,피노,2026-04-15,9100.0,9198.36,8296.32,9.807,5.88,0.46,9.45,False,True,True,추적청산,11,2.906
160190,하이젠알앤엠,2026-04-15,39950.0,40280.4,37940.18,5.81,0.0,0.45,-11.59,True,True,True,추적청산,2,0.448
030000,제일기획,2026-04-15,19680.0,19889.7,19534.0,1.788,8.0,0.84,-1.55,True,False,True,시간손절,5,-0.476
211050,인카금융서비스,2026-04-15,11730.0,11863.68,11425.57,3.693,3.03,1.26,1.59,False,False,True,추적청산,3,0.419
032820,우리기술,2026-04-15,21750.0,22895.7,20815.71,9.085,14.71,0.97,8.03,False,False,True,추적청산,2,0.467
012630,HDC,2026-04-15,27050.0,28156.2,26217.5,6.886,9.09,1.04,0.18,False,False,False,미돌파,0,0.0
083650,비에이치아이,2026-04-15,93700.0,97093.8,91888.75,5.361,12.2,1.31,1.06,False,False,True,추적청산,4,0.454
180640,한진칼,2026-04-15,114300.0,118236.0,112043.57,5.237,6.12,0.95,0.35,False,False,True,시간손절,5,-0.289
247540,에코프로비엠,2026-04-15,202500.0,206412.0,198367.68,3.897,8.33,0.78,2.88,True,False,True,추적청산,6,0.708
026960,동서,2026-04-16,27650.0,27955.8,27261.25,2.484,10.0,0.87,-0.73,True,False,False,미돌파,0,0.0
240810,원익IPS,2026-04-16,120900.0,121943.4,116794.29,4.223,10.53,0.89,-2.37,True,True,False,미돌파,0,0.0
018880,한온시스템,2026-04-16,4085.0,4148.28,3913.11,5.669,2.5,1.63,-3.68,True,False,True,추적청산,4,0.447
003090,대웅,2026-04-16,23800.0,23947.8,23143.57,3.358,8.33,0.99,-7.21,True,False,True,손절,3,-1.089
083650,비에이치아이,2026-04-16,97400.0,102003.6,95690.89,6.189,7.69,1.55,-5.3,True,False,False,미돌파,0,0.0
010780,아이에스동서,2026-04-16,29000.0,29158.2,28014.82,3.921,11.76,0.41,-3.76,True,True,True,손절,3,-1.077
214430,아이쓰리시스템,2026-04-16,96400.0,98697.0,93573.93,5.191,2.63,1.62,1.73,False,False,True,추적청산,8,0.999
001530,DI동일,2026-04-16,22850.0,23597.1,22342.14,5.318,10.0,0.73,1.93,False,False,False,미돌파,0,0.0
071320,지역난방공사,2026-04-17,76600.0,76853.4,74886.43,2.559,0.0,0.47,0.52,False,True,True,추적청산,3,0.383
403870,HPSP,2026-04-17,44500.0,45591.0,43391.79,4.824,8.82,0.95,2.31,True,False,True,추적청산,2,0.438
140410,메지온,2026-04-17,91700.0,92885.4,88116.79,5.134,0.0,0.39,-5.28,True,False,True,손절,3,-1.058
211050,인카금융서비스,2026-04-17,12120.0,12424.8,11812.89,4.925,14.0,0.99,-3.95,True,False,False,미돌파,0,0.0
026960,동서,2026-04-17,27700.0,27955.8,27380.0,2.06,0.0,0.87,0.18,False,False,True,손절,1,-1.146
383220,F&F,2026-04-17,66900.0,67935.6,65630.36,3.393,5.56,1.55,0.15,False,False,True,시간손절,5,-0.711
001450,현대해상,2026-04-17,30400.0,30711.3,30006.96,2.293,0.0,0.76,0.16,False,False,False,미돌파,0,0.0
000210,DL,2026-04-17,64600.0,66332.4,61850.71,6.756,2.7,0.52,1.52,True,False,True,추적청산,6,0.456
439260,대한조선,2026-04-17,90400.0,91182.0,87612.14,3.915,11.11,0.89,-2.96,True,False,False,미돌파,0,0.0
006110,삼아알미늄,2026-04-17,53000.0,54108.0,49021.79,9.4,12.5,0.31,3.99,False,False,True,추적청산,9,1.932
120110,코오롱인더,2026-04-20,87100.0,89178.0,82721.43,7.24,7.41,0.83,0.91,True,False,True,시간손절,5,0.086
082640,동양생명,2026-04-20,8450.0,8567.1,8257.61,3.613,8.33,1.01,3.43,False,False,True,추적청산,5,0.47
140410,메지온,2026-04-20,92700.0,94087.8,89031.79,5.374,4.88,0.42,-10.36,True,False,False,미돌파,0,0.0
032820,우리기술,2026-04-20,22650.0,23797.5,21761.43,8.556,6.06,0.59,-7.35,True,False,False,미돌파,0,0.0
003160,디아이,2026-04-20,31350.0,32164.2,30881.07,3.989,5.26,0.79,-2.45,True,False,True,추적청산,7,1.16
328130,루닛,2026-04-21,18322.0,18709.34,17842.36,4.634,7.4,1.06,0.95,False,False,False,미돌파,0,0.0
032640,LG유플러스,2026-04-21,17410.0,17605.14,17106.36,2.833,0.0,0.65,0.34,False,False,False,미돌파,0,0.0
009450,경동나비엔,2026-04-21,68700.0,69739.2,67485.36,3.232,5.88,0.63,1.29,False,False,False,미돌파,0,0.0
043260,성호전자,2026-04-21,52800.0,53707.2,48924.64,8.905,7.89,0.57,0.75,False,False,True,손절,2,-1.034
415640,KB발해인프라,2026-04-21,9930.0,10009.98,9899.99,1.099,0.0,1.81,0.1,False,False,False,미돌파,0,0.0
003160,디아이,2026-04-21,31900.0,32264.4,30897.14,4.238,0.0,0.98,-1.75,True,False,True,추적청산,6,1.082
001060,JW중외제약,2026-04-21,30950.0,31212.3,29952.32,4.037,5.0,0.78,0.32,False,False,False,미돌파,0,0.0
078930,GS,2026-04-21,70800.0,71643.0,69394.46,3.139,11.76,0.71,3.28,False,False,False,미돌파,0,0.0
298050,HS효성첨단소재,2026-04-21,219500.0,221943.0,216423.21,2.487,12.5,1.09,-1.39,True,False,True,추적청산,9,3.963
005830,DB손해보험,2026-04-21,170700.0,172344.0,166948.93,3.13,15.0,0.99,0.47,True,False,True,시간손절,5,0.118
003030,세아제강지주,2026-04-21,214500.0,220941.0,208262.5,5.738,5.26,0.47,7.74,False,False,False,미돌파,0,0.0
336260,두산퓨얼셀,2026-04-21,43350.0,43887.6,41260.71,5.985,11.9,0.97,0.34,False,False,True,추적청산,9,3.441
267250,HD현대,2026-04-21,257000.0,259017.0,247210.71,4.558,5.26,1.24,-2.8,True,False,True,추적청산,5,1.344
009970,영원무역홀딩스,2026-04-21,212000.0,216933.0,208790.0,3.754,8.33,1.31,1.17,False,False,True,추적청산,3,0.42
016360,삼성증권,2026-04-21,110400.0,111121.8,108060.36,2.755,9.09,0.74,0.9,False,True,False,미돌파,0,0.0
006800,미래에셋증권,2026-04-22,69100.0,71142.0,67686.79,4.857,10.71,0.84,0.86,False,False,False,미돌파,0,0.0
293490,카카오게임즈,2026-04-22,12520.0,12595.14,12263.75,2.631,12.0,0.68,-1.87,True,False,True,손절,2,-1.114
012630,HDC,2026-04-22,27000.0,27254.4,26285.54,3.555,6.67,0.67,0.18,False,False,True,추적청산,5,0.568
000210,DL,2026-04-22,63600.0,64829.4,61395.71,5.296,7.41,0.6,0.62,False,False,True,추적청산,7,1.327
454910,두산로보틱스,2026-04-22,92900.0,93486.6,90417.86,3.283,4.17,0.57,0.43,False,True,True,추적청산,8,2.513
089030,테크윙,2026-04-22,57200.0,57514.8,54254.02,5.669,3.7,0.88,0.69,False,True,False,미돌파,0,0.0
048410,현대바이오,2026-04-22,13800.0,14078.1,13140.75,6.658,9.59,0.74,3.16,False,False,True,추적청산,5,0.68
010780,아이에스동서,2026-04-22,28450.0,28607.1,27279.29,4.642,4.76,1.1,1.22,True,True,True,손절,3,-1.065
085660,차바이오텍,2026-04-22,17270.0,17484.9,16880.89,3.454,14.89,0.99,4.69,True,False,True,추적청산,5,0.459
279570,케이뱅크,2026-04-22,6370.0,6412.8,6221.75,2.979,14.29,0.59,0.31,True,False,True,손절,5,-1.101
001680,대상,2026-04-22,20650.0,20941.8,20484.43,2.184,14.29,0.66,2.82,True,False,True,시간손절,5,-0.338
069260,TKG휴켐스,2026-04-22,17950.0,18036.0,17710.07,1.807,12.5,1.26,0.44,True,False,True,추적청산,2,0.217
018290,브이티,2026-04-22,15630.0,15831.6,15308.36,3.305,7.32,0.79,2.25,True,False,True,손절,1,-1.091
445680,큐리옥스바이오시스템즈,2026-04-22,91400.0,95691.0,88360.71,7.66,9.84,0.76,1.93,True,False,True,손절,2,-1.039
078930,GS,2026-04-22,70800.0,71142.0,69029.82,2.969,6.25,0.73,2.07,False,True,True,추적청산,8,2.188
295310,에이치브이엠,2026-04-22,90000.0,92484.6,87006.07,5.924,0.0,0.47,-0.33,True,False,False,미돌파,0,0.0
000080,하이트진로,2026-04-22,17150.0,17254.44,16990.25,1.531,10.53,0.54,1.38,True,False,True,시간손절,5,-0.137
009450,경동나비엔,2026-04-22,68500.0,68937.6,66714.29,3.225,11.76,0.93,0.87,False,True,True,추적청산,8,1.995
088350,한화생명,2026-04-22,4840.0,4854.69,4708.27,3.016,13.64,1.0,0.92,True,True,True,추적청산,2,0.316
271560,오리온,2026-04-22,137100.0,139077.6,134746.07,3.114,14.29,0.98,0.65,False,False,True,추적청산,7,1.133
476830,알지노믹스,2026-04-23,91750.0,93636.9,87905.98,6.12,5.68,0.89,10.27,False,False,False,미돌파,0,0.0
319660,피에스케이,2026-04-23,87100.0,89679.0,83191.07,7.235,10.91,0.97,2.35,True,False,True,추적청산,5,0.468
082640,동양생명,2026-04-23,8820.0,8977.92,8625.34,3.927,10.53,1.01,-2.32,True,False,True,손절,2,-1.148
0009K0,에임드바이오,2026-04-23,47400.0,48546.9,46276.61,4.676,11.11,0.91,7.6,False,False,True,추적청산,4,0.602
065350,신성델타테크,2026-04-23,60100.0,60621.0,58096.07,4.165,15.0,0.9,1.15,False,True,False,미돌파,0,0.0
195940,HK이노엔,2026-04-23,50900.0,51603.0,50163.75,2.789,0.0,0.83,3.78,False,False,True,추적청산,5,0.774
140410,메지온,2026-04-23,91000.0,93286.2,87771.43,5.912,4.35,0.53,0.76,True,False,False,미돌파,0,0.0
214450,파마리서치,2026-04-23,310000.0,313125.0,299382.14,4.389,4.35,1.21,0.0,True,False,True,추적청산,4,0.936
139480,이마트,2026-04-23,103400.0,104709.0,101706.07,2.868,4.35,0.89,0.1,False,False,True,추적청산,5,0.594
007390,네이처셀,2026-04-23,20500.0,20941.8,19893.68,5.005,0.0,0.57,0.49,False,False,False,미돌파,0,0.0
347850,디앤디파마텍,2026-04-23,79700.0,81663.0,76650.36,6.138,15.0,0.86,2.33,False,False,True,손절,5,-1.049
012630,HDC,2026-04-23,27050.0,27454.8,26494.64,3.497,6.67,0.53,0.73,False,False,True,추적청산,4,0.464
007310,오뚜기,2026-04-23,365500.0,369237.0,363073.21,1.669,0.0,0.71,1.62,True,False,True,시간손절,5,-0.786
007070,GS리테일,2026-04-23,23600.0,24048.0,23124.11,3.842,6.67,0.79,0.42,False,False,False,미돌파,0,0.0
090710,휴림로봇,2026-04-23,11320.0,11813.58,10906.82,7.676,12.82,1.16,1.91,False,False,True,추적청산,5,0.917
001740,SK네트웍스,2026-04-23,5480.0,5521.02,5338.29,3.31,0.0,0.68,0.54,True,False,True,추적청산,10,2.951
069260,TKG휴켐스,2026-04-23,18080.0,20040.0,17648.96,11.931,3.07,8.88,0.6,True,False,False,미돌파,0,0.0
002960,한국쉘석유,2026-04-23,495000.0,499497.0,483776.79,3.147,12.0,1.39,1.0,False,False,False,미돌파,0,0.0
029780,삼성카드,2026-04-23,54500.0,55310.4,53510.36,3.254,6.67,1.15,0.37,True,False,False,미돌파,0,0.0
950160,코오롱티슈진,2026-04-23,100100.0,103406.4,96886.43,6.305,11.32,0.64,7.91,False,False,True,시간손절,5,-0.263
032830,삼성생명,2026-04-23,255500.0,260520.0,249395.54,4.27,0.0,1.54,0.97,False,False,False,미돌파,0,0.0
002240,고려제강,2026-04-23,24150.0,24599.1,23269.64,5.404,14.29,0.73,8.35,False,False,True,추적청산,6,0.915
099190,아이센스,2026-04-23,20450.0,20691.3,19855.68,4.039,14.71,0.66,1.45,False,True,True,추적청산,2,0.426
112610,씨에스윈드,2026-04-23,68800.0,69338.4,65898.93,4.96,3.7,0.67,-3.3,True,True,True,추적청산,5,0.856
445680,큐리옥스바이오시스템즈,2026-04-23,91500.0,96392.4,88523.93,8.163,13.43,0.5,-0.88,True,False,False,미돌파,0,0.0
950160,코오롱티슈진,2026-04-24,101000.0,104107.8,96861.79,6.96,11.67,0.68,5.43,False,False,True,시간손절,5,0.052
012450,한화에어로스페이스,2026-04-24,1463000.0,1528050.0,1430217.86,6.402,7.06,1.27,-2.81,True,False,False,미돌파,0,0.0
310210,보로노이,2026-04-24,306500.0,316632.0,295728.57,6.602,9.09,0.58,0.16,True,False,False,미돌파,0,0.0
006040,동원산업,2026-04-24,38800.0,39103.05,37811.52,3.303,9.3,1.65,1.77,False,False,True,시간손절,5,-0.519
445680,큐리옥스바이오시스템즈,2026-04-24,90600.0,92083.8,87337.86,5.154,2.78,0.41,0.22,True,False,True,추적청산,6,1.023
111770,영원무역,2026-04-24,83400.0,84368.4,81439.29,3.472,8.7,1.1,1.77,True,False,False,미돌파,0,0.0
105560,KB금융,2026-04-24,157400.0,159318.0,155546.79,2.367,14.81,1.01,3.02,False,False,False,미돌파,0,0.0
017800,현대엘리베이터,2026-04-24,96300.0,98997.6,93915.0,5.134,9.3,1.07,5.4,False,False,True,시간손절,5,0.158
376900,로킷헬스케어,2026-04-24,89000.0,92885.4,86095.36,7.31,1.92,0.39,12.66,True,False,False,미돌파,0,0.0
247540,에코프로비엠,2026-04-24,208000.0,209919.0,202649.46,3.463,9.09,0.75,0.0,True,False,True,추적청산,4,0.413
140410,메지온,2026-04-24,91100.0,92584.8,88466.07,4.449,3.12,0.74,0.65,True,False,True,추적청산,4,0.433
002240,고려제강,2026-04-24,24350.0,24799.5,23515.89,5.176,5.0,0.63,2.79,False,False,True,추적청산,5,0.851
290650,엘앤씨바이오,2026-04-24,69900.0,71342.4,67498.21,5.388,6.67,1.08,2.24,True,False,True,손절,4,-1.056
365340,성일하이텍,2026-04-27,78700.0,79659.0,76241.07,4.291,11.54,0.59,1.01,False,False,True,손절,1,-1.07
326030,SK바이오팜,2026-04-27,102400.0,104007.6,100748.93,3.133,7.69,0.88,0.58,False,False,False,미돌파,0,0.0
024110,기업은행,2026-04-27,22200.0,22394.7,21928.75,2.081,14.29,0.77,1.77,True,False,True,추적청산,5,0.04
039490,키움증권,2026-04-27,453000.0,464928.0,438550.0,5.674,13.64,0.97,-2.26,True,False,False,미돌파,0,0.0
037460,삼지전자,2026-04-27,33950.0,34744.35,32500.98,6.457,13.7,0.57,0.15,False,False,False,미돌파,0,0.0
415640,KB발해인프라,2026-04-27,9920.0,9979.92,9890.02,0.901,0.0,1.77,0.4,False,False,True,추적청산,2,0.167
000400,롯데손해보험,2026-04-27,2150.0,2174.34,2102.68,3.296,9.09,0.84,0.23,True,False,True,추적청산,2,0.409
087010,펩트론,2026-04-27,283000.0,296091.0,272867.86,7.843,14.63,1.13,-8.22,True,False,False,미돌파,0,0.0
047810,한국항공우주,2026-04-27,171700.0,173346.0,168146.79,2.999,7.89,1.02,8.08,False,False,False,미돌파,0,0.0
001270,부국증권,2026-04-27,74600.0,76853.4,73855.0,3.901,0.0,1.38,0.8,True,False,False,미돌파,0,0.0
010130,고려아연,2026-04-27,1642000.0,1654302.0,1598948.21,3.346,2.44,0.49,1.38,True,False,True,손절,2,-1.09
002960,한국쉘석유,2026-04-27,493500.0,494487.0,483141.07,2.294,11.76,0.78,2.47,False,True,True,추적청산,4,0.436
105560,KB금융,2026-04-27,157400.0,158115.6,154475.71,2.302,0.0,0.85,2.18,True,False,True,추적청산,4,0.37
026960,동서,2026-04-27,26500.0,27204.3,26148.21,3.882,11.11,1.43,2.93,True,False,False,미돌파,0,0.0
139130,iM금융지주,2026-04-27,19020.0,19328.58,18463.82,4.474,0.0,0.93,0.52,False,False,True,시간손절,5,-0.47
086280,현대글로비스,2026-04-27,229500.0,239478.0,221021.43,7.707,3.03,2.2,-1.55,True,False,True,손절,5,-1.039
323410,카카오뱅크,2026-04-28,24950.0,25350.6,24762.68,2.319,11.11,0.92,0.0,True,False,False,미돌파,0,0.0
183300,코미코,2026-04-28,75480.0,77110.91,72535.83,5.933,2.78,0.88,2.82,False,False,False,미돌파,0,0.0
383310,에코프로에이치엔,2026-04-28,32950.0,33917.7,32299.11,4.772,11.11,1.18,1.79,False,False,True,추적청산,2,0.231
006800,미래에셋증권,2026-04-28,68500.0,70941.6,67416.79,4.969,6.9,0.98,0.44,True,False,False,미돌파,0,0.0
373220,LG에너지솔루션,2026-04-28,472000.0,478956.0,462257.14,3.487,3.85,0.92,1.26,False,False,False,미돌파,0,0.0
058470,리노공업,2026-04-28,111400.0,112424.4,108433.75,3.55,6.9,1.41,5.99,False,False,False,미돌파,0,0.0
086520,에코프로,2026-04-28,161500.0,166532.4,157695.0,5.307,12.0,1.46,1.34,False,False,False,미돌파,0,0.0
178920,PI첨단소재,2026-04-28,25950.0,26452.8,25386.07,4.033,5.88,0.75,0.76,False,False,True,손절,1,-1.074
281740,레이크머티리얼즈,2026-04-28,24350.0,25150.2,23759.8,5.528,13.33,1.31,1.22,False,False,False,미돌파,0,0.0
100840,SNT에너지,2026-04-28,57300.0,57915.6,54855.71,5.283,0.0,0.48,-7.5,True,False,True,손절,2,-1.057
003230,삼양식품,2026-04-28,1285000.0,1319634.0,1242632.14,5.835,9.09,0.92,5.45,False,False,True,추적청산,4,0.328
285130,SK케미칼,2026-04-28,57700.0,59017.8,56710.71,3.909,0.0,1.62,0.17,False,False,True,추적청산,4,0.463
105560,KB금융,2026-04-28,158800.0,160219.8,156478.57,2.335,3.57,1.19,1.0,False,False,True,시간손절,5,0.134
240810,원익IPS,2026-04-28,121100.0,122544.6,117164.29,4.39,11.63,0.9,2.26,True,False,False,미돌파,0,0.0
383220,F&F,2026-04-28,67000.0,67935.6,65866.79,3.045,12.5,0.9,1.03,False,False,True,손절,1,-1.099
026960,동서,2026-04-28,26550.0,26853.6,25903.04,3.54,6.25,1.0,1.48,True,False,True,손절,4,-1.141
005250,녹십자홀딩스,2026-04-28,14210.0,14348.64,14057.25,2.031,13.64,0.67,0.91,False,False,False,미돌파,0,0.0
114090,GKL,2026-04-29,12060.0,12114.18,11797.25,2.616,8.0,1.17,-1.09,True,True,False,미돌파,0,0.0
247540,에코프로비엠,2026-04-29,212500.0,219438.0,206251.79,6.009,13.04,1.14,2.52,True,False,False,미돌파,0,0.0
000120,CJ대한통운,2026-04-29,101800.0,103105.8,100197.5,2.821,0.0,0.82,2.02,True,False,False,미돌파,0,0.0
048410,현대바이오,2026-04-29,14600.0,14729.4,13840.39,6.036,14.49,0.61,-5.8,True,True,False,미돌파,0,0.0
282330,BGF리테일,2026-04-29,133000.0,134769.0,128393.57,4.731,7.69,0.86,0.15,False,False,False,미돌파,0,0.0
294870,IPARK현대산업개발,2026-04-29,23500.0,23897.7,22877.5,4.269,6.25,0.98,3.29,False,False,False,미돌파,0,0.0
000240,한국앤컴퍼니,2026-04-29,25150.0,25350.6,24479.46,3.436,14.29,0.89,-1.0,True,False,False,미돌파,0,0.0
079940,가비아,2026-04-29,30050.0,30360.6,29236.25,3.703,0.0,0.31,0.99,False,False,False,미돌파,0,0.0
000370,한화손해보험,2026-04-29,6800.0,6933.84,6557.86,5.422,3.03,1.22,-2.87,True,False,False,미돌파,0,0.0
012750,에스원,2026-04-29,86600.0,87274.2,85005.71,2.599,11.76,0.92,1.59,True,False,False,미돌파,0,0.0
028260,삼성물산,2026-04-29,308500.0,309618.0,295291.07,4.627,0.0,0.89,-2.49,True,True,False,미돌파,0,0.0
101490,에스앤에스텍,2026-04-29,101600.0,103606.8,99311.43,4.146,0.0,0.51,0.2,False,False,True,손절,2,-1.072
373220,LG에너지솔루션,2026-04-29,473000.0,476952.0,461332.14,3.275,8.33,0.66,2.37,False,False,False,미돌파,0,0.0
211050,인카금융서비스,2026-04-29,10910.0,11192.34,10681.21,4.567,11.9,0.75,1.27,True,False,False,미돌파,0,0.0
000270,기아,2026-04-29,156900.0,157714.8,153313.21,2.791,11.76,0.69,1.94,True,True,False,미돌파,0,0.0
042660,한화오션,2026-04-29,132300.0,134668.8,130092.5,3.398,2.7,0.72,2.0,False,False,False,미돌파,0,0.0
085620,미래에셋생명,2026-04-29,16700.0,16793.52,16038.46,4.496,9.84,0.96,7.79,True,True,False,미돌파,0,0.0
032820,우리기술,2026-04-29,22300.0,22695.3,21514.82,5.201,5.56,0.37,-1.13,True,False,False,미돌파,0,0.0
011200,HMM,2026-04-29,20750.0,20841.6,20425.0,1.999,0.0,0.59,0.48,False,False,False,미돌파,0,0.0
100790,미래에셋벤처투자,2026-04-29,57000.0,60019.8,51050.0,14.945,10.26,0.55,1.21,False,False,False,미돌파,0,0.0
213420,덕산네오룩스,2026-04-29,52600.0,53807.4,51428.04,4.422,5.56,0.64,1.31,False,False,False,미돌파,0,0.0
001430,세아베스틸지주,2026-04-29,73100.0,77254.2,68632.5,11.16,14.1,2.05,-2.38,True,False,False,미돌파,0,0.0
093050,LF,2026-04-29,25500.0,25801.5,25085.36,2.776,0.0,0.49,0.0,True,False,False,미돌파,0,0.0
131290,티에스이,2026-04-29,168800.0,173245.8,163613.57,5.56,2.74,0.93,0.3,False,False,False,미돌파,0,0.0
015760,한국전력,2026-04-29,44500.0,45190.2,44027.14,2.574,11.76,0.83,3.99,True,False,False,미돌파,0,0.0
086520,에코프로,2026-04-29,159900.0,162324.0,155593.93,4.146,1.85,0.86,2.68,False,False,False,미돌파,0,0.0
144960,뉴파워프라즈마,2026-04-29,6590.0,6683.34,6467.25,3.233,6.25,0.74,0.75,False,False,True,추적청산,6,2.112
316140,우리금융지주,2026-04-29,33500.0,33817.5,33100.54,2.12,0.0,1.04,4.01,False,False,False,미돌파,0,0.0
137400,피엔티,2026-04-29,57600.0,58416.6,56391.79,3.466,6.67,0.64,2.7,False,False,False,미돌파,0,0.0
007310,오뚜기,2026-04-30,365500.0,368235.0,363292.86,1.342,0.0,1.08,0.0,True,False,True,손절,1,-1.224
032830,삼성생명,2026-04-30,249500.0,253005.0,245147.32,3.106,0.0,4.38,2.35,False,False,True,추적청산,6,3.044
101490,에스앤에스텍,2026-04-30,100700.0,105811.2,98799.64,6.626,3.33,0.67,1.85,False,False,False,미돌파,0,0.0
051900,LG생활건강,2026-04-30,254000.0,262524.0,250132.14,4.72,4.55,1.79,-2.83,True,False,True,추적청산,5,0.637
138930,BNK금융지주,2026-04-30,18730.0,18917.76,18467.68,2.379,8.82,0.92,0.9,True,False,True,손절,1,-1.126
000810,삼성화재,2026-04-30,461000.0,466932.0,455207.14,2.511,11.76,1.19,0.43,False,False,True,추적청산,4,0.661
005250,녹십자홀딩스,2026-04-30,13960.0,14158.26,13714.79,3.132,2.7,1.1,1.48,False,False,False,미돌파,0,0.0
089860,롯데렌탈,2026-04-30,33650.0,34569.0,32524.11,5.915,10.81,1.41,-0.75,True,False,False,미돌파,0,0.0
211050,인카금융서비스,2026-04-30,10820.0,11011.98,10631.64,3.454,3.45,0.92,3.13,True,False,False,미돌파,0,0.0
282330,BGF리테일,2026-04-30,132000.0,133967.4,129341.43,3.453,11.11,1.01,1.05,False,False,True,손절,2,-1.087
010130,고려아연,2026-04-30,1579000.0,1608210.0,1527298.21,5.031,11.76,2.74,5.68,False,False,True,추적청산,3,0.44
012450,한화에어로스페이스,2026-04-30,1417000.0,1460916.0,1370557.14,6.185,1.27,1.21,0.56,True,False,True,손절,3,-1.049
037460,삼지전자,2026-04-30,32700.0,33516.9,31983.12,4.576,13.04,0.54,6.7,False,False,True,추적청산,5,1.277
008930,한미사이언스,2026-04-30,37700.0,38176.2,36918.21,3.295,0.0,1.51,2.84,True,False,True,손절,2,-1.091
095340,ISC,2026-04-30,242500.0,249498.0,238346.43,4.47,5.88,0.46,-5.9,True,False,True,손절,1,-1.067
056190,SFA,2026-05-04,32550.0,33216.3,31709.82,4.535,12.0,1.36,0.76,False,False,True,손절,2,-1.066
282330,BGF리테일,2026-05-04,132400.0,136672.8,130046.79,4.848,10.71,0.83,1.56,False,False,False,미돌파,0,0.0
008930,한미사이언스,2026-05-04,38050.0,38577.0,37721.43,2.218,7.69,0.72,2.44,False,False,False,미돌파,0,0.0
195870,해성디에스,2026-05-04,79500.0,81562.8,76626.43,6.052,12.5,1.06,2.69,False,False,True,추적청산,5,0.505
028300,HLB,2026-05-04,60900.0,62625.0,59309.29,5.295,11.11,0.55,-1.16,True,False,True,손절,3,-1.057
100790,미래에셋벤처투자,2026-05-04,52600.0,54408.6,48906.61,10.112,0.0,0.32,15.71,False,False,True,추적청산,5,0.47
131290,티에스이,2026-05-04,167800.0,175149.6,157968.57,9.809,14.19,1.23,0.94,False,False,False,미돌파,0,0.0
122640,예스티,2026-05-04,27750.0,28306.5,26240.89,7.297,5.88,0.48,6.57,True,False,True,손절,3,-1.109
001530,DI동일,2026-05-04,30500.0,31613.1,29592.14,6.393,0.0,0.78,5.13,False,False,False,미돌파,0,0.0
039030,이오테크닉스,2026-05-04,475000.0,475950.0,442082.14,7.116,10.17,1.28,6.13,False,True,True,손절,1,-1.042
012630,HDC,2026-05-04,28100.0,28857.6,27343.04,5.248,7.69,1.04,-2.0,True,False,False,미돌파,0,0.0
041960,코미팜,2026-05-04,9720.0,10020.0,9532.57,4.865,5.26,0.47,1.32,False,False,False,미돌파,0,0.0
005090,SGC에너지,2026-05-04,60500.0,61723.2,56418.93,8.594,11.36,0.7,4.57,True,False,False,미돌파,0,0.0
023590,다우기술,2026-05-04,47700.0,48597.0,46355.18,4.613,0.0,2.0,0.93,False,False,True,추적청산,2,0.435
004370,농심,2026-05-04,381000.0,383766.0,377669.64,1.589,0.0,1.32,0.13,False,False,False,미돌파,0,0.0
310210,보로노이,2026-05-04,292000.0,302103.0,284001.79,5.992,14.29,0.8,4.73,False,False,False,미돌파,0,0.0
093050,LF,2026-05-04,25050.0,25500.9,24684.29,3.202,7.69,0.52,2.15,False,False,False,미돌파,0,0.0
280360,롯데웰푸드,2026-05-04,121200.0,122845.2,118044.64,3.908,2.44,1.56,0.16,False,False,False,미돌파,0,0.0
086520,에코프로,2026-05-04,155800.0,158817.0,153051.07,3.631,0.0,0.74,0.51,True,False,True,추적청산,3,0.364
009540,HD한국조선해양,2026-05-04,469500.0,473946.0,459008.93,3.152,8.7,0.61,1.37,False,False,False,미돌파,0,0.0
232140,와이씨,2026-05-04,22350.0,22895.7,21941.43,4.168,6.67,0.8,4.08,False,False,True,손절,1,-1.072
214370,케어젠,2026-05-04,105400.0,107214.0,101105.71,5.697,2.04,0.46,2.32,False,False,False,미돌파,0,0.0
241560,두산밥캣,2026-05-04,74000.0,74849.4,72350.0,3.339,0.0,0.74,2.63,False,False,True,손절,5,-1.09
001060,JW중외제약,2026-05-04,30700.0,31613.1,30354.82,3.98,14.29,0.93,4.95,False,False,False,미돌파,0,0.0
099320,쎄트렉아이,2026-05-04,168000.0,174047.4,163862.86,5.852,14.63,0.61,2.67,False,False,True,손절,1,-1.051
950160,코오롱티슈진,2026-05-04,104800.0,108616.8,100992.86,7.019,12.5,0.81,-3.76,True,False,True,손절,1,-1.043
036810,에프에스티,2026-05-04,43700.0,44138.1,42757.5,3.128,5.0,0.62,4.69,False,False,True,손절,2,-1.096
161390,한국타이어앤테크놀로지,2026-05-04,61500.0,64027.8,60645.36,5.283,10.34,1.06,1.91,True,False,False,미돌파,0,0.0
084370,유진테크,2026-05-04,132000.0,136171.8,128985.71,5.277,6.9,2.26,2.58,True,False,True,추적청산,5,0.772
103140,풍산,2026-05-04,100300.0,104208.0,99252.86,4.755,11.36,0.91,0.2,False,False,False,미돌파,0,0.0
207940,삼성바이오로직스,2026-05-04,1485000.0,1488972.0,1454921.43,2.287,0.0,1.74,2.81,True,True,True,손절,4,-1.131
071970,HD현대마린엔진,2026-05-04,107100.0,108015.6,102974.64,4.667,10.53,0.49,6.54,False,True,False,미돌파,0,0.0
042660,한화오션,2026-05-04,133000.0,134468.4,130092.5,3.254,5.71,0.74,1.41,False,False,False,미돌파,0,0.0
087010,펩트론,2026-05-04,267500.0,279558.0,259383.93,7.216,5.71,0.83,3.95,False,False,True,손절,1,-1.042
041830,인바디,2026-05-04,29650.0,30009.9,29270.36,2.464,9.09,0.7,2.79,True,False,True,손절,1,-1.122
003160,디아이,2026-05-04,33800.0,34569.0,33132.5,4.155,0.0,0.74,2.45,False,False,True,추적청산,3,0.038
012330,현대모비스,2026-05-06,432500.0,442383.0,424273.21,4.094,6.9,1.35,0.0,True,False,True,추적청산,8,5.11
019210,와이지-원,2026-05-06,15860.0,16382.7,14989.36,8.505,11.02,0.65,2.16,False,False,True,손절,3,-1.035
018260,삼성에스디에스,2026-05-06,170000.0,175851.0,166410.36,5.369,2.6,1.24,-0.12,True,False,True,추적청산,5,0.404
195940,HK이노엔,2026-05-06,52100.0,53206.2,50809.64,4.504,10.0,1.1,4.4,True,False,False,미돌파,0,0.0
095340,ISC,2026-05-06,256000.0,257514.0,239119.64,7.143,6.25,0.84,-6.44,True,True,False,미돌파,0,0.0
358570,지아이이노베이션,2026-05-06,15710.0,15991.92,14250.61,10.889,9.74,0.84,4.15,False,True,True,손절,3,-1.028
192820,코스맥스,2026-05-06,209000.0,213426.0,203585.71,4.611,0.0,1.05,7.32,True,False,False,미돌파,0,0.0
257720,실리콘투,2026-05-06,43450.0,44288.4,42238.21,4.629,12.12,0.92,3.77,False,False,True,추적청산,3,0.435
181710,NHN,2026-05-06,40900.0,42184.2,40250.0,4.585,3.23,0.83,1.21,True,False,False,미돌파,0,0.0
028300,HLB,2026-05-06,61700.0,63727.2,60036.07,5.792,6.45,0.75,0.32,True,False,False,미돌파,0,0.0
083650,비에이치아이,2026-05-06,98800.0,99198.0,95325.0,3.904,6.67,1.17,-0.3,True,True,True,추적청산,2,0.333
008770,호텔신라,2026-05-06,63900.0,65530.8,60193.21,8.145,6.38,1.11,3.03,False,False,True,시간손절,5,-0.867
003230,삼양식품,2026-05-06,1294000.0,1335666.0,1276567.86,4.425,14.58,1.07,0.54,True,False,True,손절,1,-1.068
499790,GS피앤엘,2026-05-06,54500.0,58817.4,51916.07,11.733,6.45,2.01,3.37,False,False,True,손절,3,-1.026
047040,대우건설,2026-05-06,32200.0,33767.4,28898.75,14.418,1.18,0.52,3.01,True,False,True,손절,4,-1.021
006110,삼아알미늄,2026-05-06,65700.0,68937.6,59066.43,14.319,12.79,0.45,4.51,True,False,True,추적청산,4,0.479
036540,SFA반도체,2026-05-06,8890.0,9268.5,8559.93,7.645,10.17,1.5,10.74,False,False,False,미돌파,0,0.0
323280,태성,2026-05-06,78100.0,84067.8,74016.79,11.956,9.09,1.57,12.93,False,False,False,미돌파,0,0.0
298020,효성티앤씨,2026-05-06,505000.0,518034.0,490242.86,5.365,9.09,0.75,2.32,True,False,False,미돌파,0,0.0
483650,달바글로벌,2026-05-06,217500.0,221442.0,200114.29,9.631,0.0,0.72,7.25,True,False,True,추적청산,7,0.916
087010,펩트론,2026-05-06,269500.0,280560.0,251271.43,10.439,9.43,1.34,4.77,False,False,False,미돌파,0,0.0
486990,노타,2026-05-07,35450.0,36172.2,34188.04,5.485,12.12,1.12,1.12,True,False,False,미돌파,0,0.0
0126Z0,삼성에피스홀딩스,2026-05-07,526000.0,536070.0,515042.86,3.922,5.88,0.92,7.39,False,False,True,손절,2,-1.076
003030,세아제강지주,2026-05-07,213500.0,217434.0,202508.93,6.864,12.5,0.76,14.6,False,False,False,미돌파,0,0.0
365340,성일하이텍,2026-05-07,77700.0,79258.2,75290.71,5.006,6.45,0.49,1.4,True,False,False,미돌파,0,0.0
140410,메지온,2026-05-07,86400.0,89578.8,83697.5,6.566,8.16,1.53,6.9,False,False,False,미돌파,0,0.0
420770,기가비스,2026-05-07,105000.0,106512.6,97650.36,8.32,8.0,0.58,0.28,False,False,False,미돌파,0,0.0
006360,GS건설,2026-05-07,39350.0,40029.9,37355.36,6.681,11.63,0.96,7.3,False,False,False,미돌파,0,0.0
036460,한국가스공사,2026-05-07,38450.0,39178.2,37820.36,3.466,13.04,1.43,1.54,False,False,False,미돌파,0,0.0
010950,S-Oil,2026-05-07,118200.0,121041.6,115756.79,4.366,14.29,0.85,0.42,False,False,False,미돌파,0,0.0
139130,iM금융지주,2026-05-07,19250.0,19498.92,18606.46,4.577,14.47,0.97,0.16,True,False,False,미돌파,0,0.0
415640,KB발해인프라,2026-05-07,9950.0,10009.98,9689.43,3.202,10.71,1.23,2.07,True,True,True,시간손절,5,-0.406
088980,맥쿼리인프라,2026-05-07,11260.0,11312.58,11198.69,1.007,12.5,1.28,1.4,True,False,False,미돌파,0,0.0
022100,포스코DX,2026-05-07,34900.0,35070.0,33692.68,3.927,4.55,0.74,4.64,True,True,True,손절,3,-1.076
014820,동원시스템즈,2026-05-07,26950.0,27054.0,25945.18,4.099,11.11,0.82,3.23,False,True,True,손절,2,-1.073
175330,JB금융지주,2026-05-07,26350.0,26903.7,25867.68,3.851,5.88,1.13,3.48,True,False,False,미돌파,0,0.0
052690,한전기술,2026-05-07,185400.0,192183.6,181313.21,5.656,13.04,1.18,3.39,True,False,False,미돌파,0,0.0
023160,태광,2026-05-07,45250.0,46793.4,43282.14,7.504,11.67,0.79,3.62,False,False,False,미돌파,0,0.0
071970,HD현대마린엔진,2026-05-07,99900.0,104909.4,96583.57,7.936,7.14,0.74,5.84,False,False,False,미돌파,0,0.0
131290,티에스이,2026-05-07,171000.0,179558.4,167163.93,6.903,2.97,1.11,2.17,False,False,True,손절,4,-1.043
009520,포스코엠텍,2026-05-07,21200.0,21543.0,20432.86,5.153,5.56,1.09,1.17,False,False,False,미돌파,0,0.0
460860,동국제강,2026-05-07,14340.0,14929.8,13873.46,7.075,14.94,0.68,5.28,False,False,False,미돌파,0,0.0
001040,CJ,2026-05-07,217500.0,224448.0,212128.57,5.489,0.0,0.92,2.03,True,False,True,손절,3,-1.055
127120,제이에스링크,2026-05-07,41150.0,42234.3,39064.46,7.505,11.32,0.93,2.72,False,False,True,추적청산,2,0.46
086900,메디톡스,2026-05-07,103100.0,106011.6,101129.64,4.605,14.29,1.41,4.09,False,False,False,미돌파,0,0.0
005850,에스엘,2026-05-07,64100.0,66633.0,62627.5,6.011,8.82,0.99,2.88,False,False,True,추적청산,3,0.45
476060,온코닉테라퓨틱스,2026-05-07,20450.0,21492.9,19780.36,7.968,13.79,0.85,7.05,True,False,False,미돌파,0,0.0
307950,현대오토에버,2026-05-07,455500.0,481962.0,443669.64,7.945,13.43,1.6,4.71,False,False,True,추적청산,7,2.343
000120,CJ대한통운,2026-05-07,100800.0,101803.2,99206.79,2.55,0.0,1.09,0.4,True,False,False,미돌파,0,0.0
042660,한화오션,2026-05-07,129900.0,131963.4,126479.64,4.156,4.35,0.99,2.99,False,False,False,미돌파,0,0.0
271560,오리온,2026-05-07,140000.0,142284.0,134800.36,5.26,3.08,0.91,0.85,False,False,False,미돌파,0,0.0
000250,삼천당제약,2026-05-07,399500.0,412323.0,385008.93,6.624,0.0,0.43,7.52,False,False,True,추적청산,4,0.455
003090,대웅,2026-05-07,21950.0,22144.2,21668.04,2.15,14.29,1.0,4.36,True,False,True,손절,2,-1.14
010780,아이에스동서,2026-05-07,25400.0,26452.8,24584.64,7.062,6.25,0.97,12.26,True,False,False,미돌파,0,0.0
004020,현대제철,2026-05-07,42650.0,44037.9,41712.5,5.28,0.0,0.73,3.29,False,False,False,미돌파,0,0.0
011210,현대위아,2026-05-07,83300.0,85570.8,80869.64,5.494,10.0,1.22,3.92,False,False,True,추적청산,6,0.97
010060,OCI홀딩스,2026-05-07,328000.0,332163.0,307450.0,7.44,8.11,0.65,10.75,False,False,False,미돌파,0,0.0
001680,대상,2026-05-07,20200.0,20290.5,19997.5,1.444,0.0,0.72,2.42,False,False,False,미돌파,0,0.0
114090,GKL,2026-05-07,12020.0,12314.58,11883.07,3.504,2.78,0.86,-0.33,True,False,False,미돌파,0,0.0
000810,삼성화재,2026-05-07,490000.0,496491.0,473271.43,4.677,7.5,2.12,-1.45,True,False,True,손절,1,-1.064
052020,에스티큐브,2026-05-07,19000.0,20140.2,18480.11,8.243,7.41,0.66,7.32,False,False,False,미돌파,0,0.0
069620,대웅제약,2026-05-07,144800.0,147193.8,142419.29,3.244,5.13,0.72,4.67,True,False,True,손절,2,-1.092
000080,하이트진로,2026-05-07,16850.0,16933.8,16668.18,1.569,0.0,1.25,1.63,True,False,True,손절,2,-1.191
145020,휴젤,2026-05-07,259500.0,269037.0,234619.64,12.793,7.81,2.97,2.26,True,False,True,추적청산,3,0.477
008770,호텔신라,2026-05-08,64200.0,66031.8,62896.43,4.748,4.0,0.43,5.17,False,False,False,미돌파,0,0.0
052020,에스티큐브,2026-05-08,19070.0,19789.5,18527.57,6.377,1.03,0.49,13.71,False,False,False,미돌파,0,0.0
126340,비나텍,2026-05-08,182200.0,189979.2,174776.07,8.003,14.4,0.74,0.65,False,False,False,미돌파,0,0.0
376900,로킷헬스케어,2026-05-08,69200.0,72645.0,66022.86,9.116,7.27,0.66,15.09,True,False,True,추적청산,2,0.467
038500,삼표시멘트,2026-05-08,15090.0,15611.16,14517.46,7.006,4.3,0.49,10.71,True,False,False,미돌파,0,0.0
300720,한일시멘트,2026-05-08,16880.0,16943.82,16608.25,1.98,12.0,0.38,3.71,True,True,True,손절,1,-1.151
005440,현대지에프홀딩스,2026-05-08,14880.0,15651.24,14387.71,8.073,8.04,1.68,0.33,True,False,False,미돌파,0,0.0
137400,피엔티,2026-05-08,56600.0,57314.4,54759.64,4.457,5.0,0.57,1.74,True,False,False,미돌파,0,0.0
006360,GS건설,2026-05-08,37350.0,38076.0,35708.57,6.218,10.81,0.4,10.43,False,False,False,미돌파,0,0.0
001450,현대해상,2026-05-08,31050.0,31412.7,30033.75,4.39,4.17,0.95,1.27,False,False,False,미돌파,0,0.0
036810,에프에스티,2026-05-08,42200.0,43536.9,41226.79,5.306,7.69,0.52,2.31,False,False,True,손절,2,-1.057
003090,대웅,2026-05-08,22200.0,22545.0,21615.89,4.121,12.5,0.77,2.2,True,False,False,미돌파,0,0.0
259960,크래프톤,2026-05-08,273000.0,277053.0,263519.64,4.885,14.29,0.84,1.62,True,False,True,추적청산,6,0.439
031210,서울보증보험,2026-05-08,46200.0,46593.0,45626.96,2.073,7.14,0.57,3.95,True,False,False,미돌파,0,0.0
323280,태성,2026-05-08,76500.0,77554.8,71991.07,7.174,6.98,0.46,10.74,False,True,True,손절,2,-1.042
456040,OCI,2026-05-08,134300.0,137674.8,129720.0,5.778,1.67,0.26,5.09,False,False,False,미돌파,0,0.0
128940,한미약품,2026-05-08,436000.0,440880.0,428530.36,2.801,11.11,0.68,9.73,True,False,True,손절,1,-1.107
036570,NC,2026-05-08,255500.0,266532.0,250485.71,6.02,3.7,0.69,7.93,False,False,False,미돌파,0,0.0
004000,롯데정밀화학,2026-05-08,62600.0,64829.4,61273.93,5.484,13.79,0.55,12.08,False,False,False,미돌파,0,0.0
450080,에코프로머티,2026-05-08,80100.0,83266.2,76767.5,7.805,7.27,0.71,4.3,True,False,False,미돌파,0,0.0
001680,대상,2026-05-08,20150.0,20290.5,19949.11,1.683,0.0,0.85,3.36,True,False,False,미돌파,0,0.0
009240,한샘,2026-05-08,39700.0,40230.3,38718.57,3.758,12.5,0.92,10.69,False,False,False,미돌파,0,0.0
009410,태영건설,2026-05-08,1961.0,1996.99,1910.73,4.319,13.24,0.41,2.92,False,False,False,미돌파,0,0.0
014680,한솔케미칼,2026-05-08,286000.0,290580.0,276210.71,4.945,4.17,0.95,3.05,False,False,False,미돌파,0,0.0
030000,제일기획,2026-05-08,19190.0,19338.6,19041.32,1.537,9.09,1.32,3.08,True,False,False,미돌파,0,0.0
122640,예스티,2026-05-08,25900.0,27054.0,25054.29,7.392,12.12,0.6,10.07,False,False,True,손절,1,-1.041
014820,동원시스템즈,2026-05-08,26750.0,27555.0,25985.0,5.698,3.7,1.29,5.98,False,False,False,미돌파,0,0.0
030520,한컴,2026-05-08,20050.0,20390.7,19820.11,2.798,11.36,0.76,3.61,False,False,False,미돌파,0,0.0
085620,미래에셋생명,2026-05-08,15800.0,16062.06,15187.18,5.447,2.74,0.44,5.39,True,False,False,미돌파,0,0.0
022100,포스코DX,2026-05-08,35250.0,35671.2,34038.39,4.577,14.81,1.04,3.03,True,False,False,미돌파,0,0.0
005810,풍산홀딩스,2026-05-08,43600.0,44538.9,42880.89,3.723,14.81,0.22,5.01,True,False,False,미돌파,0,0.0
001060,JW중외제약,2026-05-08,30450.0,30761.4,30051.07,2.309,10.0,0.46,5.14,False,False,False,미돌파,0,0.0
011170,롯데케미칼,2026-05-08,99900.0,104107.8,97747.86,6.109,11.76,0.73,15.34,False,False,True,손절,2,-1.049
004370,농심,2026-05-08,377500.0,382764.0,371594.64,2.918,5.26,1.22,1.95,False,False,False,미돌파,0,0.0
000240,한국앤컴퍼니,2026-05-08,25100.0,25551.0,24530.54,3.994,11.76,1.42,0.2,False,False,False,미돌파,0,0.0
035720,카카오,2026-05-08,46000.0,47494.8,45405.54,4.399,2.78,2.29,4.96,False,False,False,미돌파,0,0.0
174900,앱클론,2026-05-08,44700.0,47294.4,43374.82,8.288,12.5,0.89,11.31,True,False,False,미돌파,0,0.0
214370,케어젠,2026-05-08,97200.0,99097.8,92670.36,6.486,9.62,0.56,8.3,False,False,True,추적청산,5,0.454
012750,에스원,2026-05-08,72900.0,74749.2,71936.07,3.763,0.0,1.56,15.82,True,False,False,미돌파,0,0.0
348370,엔켐,2026-05-08,42600.0,43887.6,41502.86,5.434,11.11,0.41,9.55,False,False,False,미돌파,0,0.0
001820,삼화콘덴서,2026-05-08,66000.0,67735.2,63700.0,5.957,3.03,0.44,7.04,True,False,False,미돌파,0,0.0
000250,삼천당제약,2026-05-08,404000.0,426351.0,390760.71,8.348,3.39,0.49,8.8,False,False,False,미돌파,0,0.0
060250,NHN KCP,2026-05-08,18750.0,19298.52,18255.29,5.406,11.76,0.44,6.95,False,False,True,추적청산,3,0.258
237690,에스티팜,2026-05-08,156000.0,160119.6,152853.93,4.538,14.04,0.94,4.53,False,False,False,미돌파,0,0.0
001510,SK증권,2026-05-08,5130.0,5420.82,4943.73,8.801,7.5,0.55,3.57,False,False,True,손절,2,-1.034
445680,큐리옥스바이오시스템즈,2026-05-08,90600.0,94288.2,88464.64,6.176,6.38,0.64,10.74,True,False,True,손절,1,-1.049
004990,롯데지주,2026-05-08,29250.0,29458.8,28571.43,3.012,7.14,1.14,6.55,False,True,True,추적청산,2,0.4
122870,와이지엔터테인먼트,2026-05-08,50200.0,51202.2,49349.29,3.619,6.67,1.28,8.73,True,False,False,미돌파,0,0.0
225570,넥슨게임즈,2026-05-08,11220.0,11262.48,10975.96,2.544,13.64,0.67,7.27,True,True,False,미돌파,0,0.0
039490,키움증권,2026-05-08,452500.0,464427.0,446089.29,3.948,3.7,0.6,-6.85,True,False,True,추적청산,2,0.424
232140,와이씨,2026-05-08,21550.0,22244.4,20804.68,6.472,0.0,0.53,5.27,True,False,True,손절,2,-1.046
207940,삼성바이오로직스,2026-05-08,1472000.0,1487970.0,1450575.0,2.513,6.67,1.07,0.07,True,False,False,미돌파,0,0.0
0126Z0,삼성에피스홀딩스,2026-05-08,530000.0,541080.0,514978.57,4.824,4.55,0.79,5.19,True,False,False,미돌파,0,0.0
002790,아모레퍼시픽홀딩스,2026-05-08,27250.0,27955.8,26609.82,4.815,13.64,0.85,5.22,True,False,False,미돌파,0,0.0
484870,엠앤씨솔루션,2026-05-08,36333.0,37741.33,34665.62,8.149,4.93,0.51,6.84,False,False,False,미돌파,0,0.0
086900,메디톡스,2026-05-08,103500.0,105009.6,101923.21,2.939,8.33,0.81,4.7,False,False,False,미돌파,0,0.0
102710,이엔에프테크놀로지,2026-05-08,55900.0,56913.6,53646.25,5.741,11.11,0.95,7.3,False,False,True,손절,2,-1.052
294870,IPARK현대산업개발,2026-05-08,23250.0,23496.9,22434.46,4.522,5.88,0.57,1.06,False,False,False,미돌파,0,0.0
047040,대우건설,2026-05-11,32100.0,33516.9,30862.14,7.921,4.88,0.22,8.29,True,False,False,미돌파,0,0.0
271560,오리온,2026-05-11,139600.0,142584.6,137485.36,3.576,7.32,0.67,2.79,True,False,False,미돌파,0,0.0
466100,클로봇,2026-05-11,47927.0,49636.07,45594.6,8.142,2.68,1.28,-1.3,True,False,True,손절,1,-1.037
003570,SNT다이내믹스,2026-05-11,53000.0,54909.6,49939.64,9.051,9.3,0.6,11.37,True,False,False,미돌파,0,0.0
090360,로보스타,2026-05-11,70200.0,72945.6,67455.71,7.526,0.0,1.52,3.7,False,False,True,추적청산,6,1.285
326030,SK바이오팜,2026-05-11,98600.0,100500.6,97603.04,2.883,13.04,1.21,1.3,False,False,True,추적청산,2,0.396
097950,CJ제일제당,2026-05-11,225500.0,230961.0,222982.14,3.455,7.69,0.88,8.52,True,False,False,미돌파,0,0.0
018670,SK가스,2026-05-11,270000.0,277053.0,266103.57,3.952,5.88,1.16,6.57,False,False,False,미돌파,0,0.0
030200,KT,2026-05-11,58800.0,59418.6,58320.0,1.849,0.0,0.91,3.45,False,False,True,추적청산,3,0.147
192820,코스맥스,2026-05-11,213000.0,223947.0,208494.64,6.9,11.11,1.41,-1.19,True,False,True,손절,2,-1.173
388720,유일로보틱스,2026-05-11,101000.0,104208.0,97291.43,6.637,6.9,1.39,3.9,True,False,True,손절,1,-1.045
462870,시프트업,2026-05-11,31400.0,32114.1,30172.68,6.045,11.76,1.1,3.53,True,False,False,미돌파,0,0.0
086900,메디톡스,2026-05-11,101800.0,103506.6,100532.86,2.873,8.7,1.2,3.51,False,False,True,손절,1,-1.104
476060,온코닉테라퓨틱스,2026-05-11,20400.0,20941.8,19562.43,6.587,4.39,0.73,4.0,True,False,True,추적청산,3,0.454
099320,쎄트렉아이,2026-05-11,179000.0,184267.8,171750.36,6.793,10.58,1.05,-7.83,True,False,True,손절,1,-1.044
042660,한화오션,2026-05-11,130500.0,136171.8,128536.79,5.607,2.99,2.02,0.99,True,False,False,미돌파,0,0.0
249420,일동제약,2026-05-12,22900.0,23396.7,21586.61,7.737,3.12,1.41,11.75,True,False,True,추적청산,2,0.186
019170,신풍제약,2026-05-12,11130.0,12334.62,10612.46,13.962,4.35,1.52,2.71,False,False,True,손절,4,-1.021
026960,동서,2026-05-12,24650.0,24749.4,23998.75,3.033,8.33,1.77,5.92,True,True,True,추적청산,4,0.401
005830,DB손해보험,2026-05-12,161500.0,166231.8,156862.14,5.637,8.54,1.4,3.18,True,False,False,미돌파,0,0.0
030520,한컴,2026-05-12,19720.0,20390.7,19229.43,5.695,1.92,1.54,3.1,True,False,False,미돌파,0,0.0
353200,대덕전자,2026-05-12,128000.0,136672.8,104726.07,23.375,9.97,0.79,-11.89,True,False,True,시간손절,5,-0.087
310210,보로노이,2026-05-12,274000.0,286572.0,263801.79,7.946,0.0,0.88,6.16,True,False,False,미돌파,0,0.0
025540,한국단자,2026-05-12,87900.0,90681.0,84599.64,6.706,14.81,0.6,0.79,True,False,False,미돌파,0,0.0
000100,유한양행,2026-05-12,84900.0,86372.4,82099.46,4.947,0.0,1.55,6.19,True,False,True,손절,4,-1.061
071320,지역난방공사,2026-05-12,74300.0,75049.8,72060.36,3.983,4.0,1.0,2.62,True,False,False,미돌파,0,0.0
079550,LIG디펜스앤에어로스페이스,2026-05-12,879000.0,906810.0,834103.57,8.018,5.0,0.81,10.58,False,False,False,미돌파,0,0.0
103590,일진전기,2026-05-12,139200.0,141783.0,125257.14,11.656,10.88,1.04,3.4,False,True,True,손절,3,-1.026
005690,파미셀,2026-05-12,18170.0,19989.9,16356.96,18.174,7.44,1.27,10.27,False,False,False,미돌파,0,0.0
006110,삼아알미늄,2026-05-12,79300.0,85570.8,64585.71,24.524,0.0,0.75,-18.71,True,False,True,시간손절,5,0.242
003090,대웅,2026-05-12,21550.0,21943.8,20758.39,5.402,9.52,1.92,3.79,True,False,True,손절,3,-1.056
024110,기업은행,2026-05-12,21350.0,21843.6,20830.36,4.639,11.11,2.24,3.39,True,False,False,미돌파,0,0.0
111770,영원무역,2026-05-12,81800.0,84568.8,80240.36,5.118,10.81,1.54,4.33,False,False,False,미돌파,0,0.0
028670,팬오션,2026-05-12,5810.0,5941.86,5557.46,6.469,6.06,0.83,-3.01,True,False,True,추적청산,4,0.454
056080,유진로봇,2026-05-12,27400.0,30711.3,25491.43,16.997,1.03,3.89,-1.86,True,False,False,미돌파,0,0.0
213420,덕산네오룩스,2026-05-12,49400.0,52605.0,46824.64,10.988,7.62,1.55,6.79,True,False,False,미돌파,0,0.0
0126Z0,삼성에피스홀딩스,2026-05-12,520000.0,536070.0,502967.86,6.175,10.34,1.36,1.7,True,False,True,손절,1,-1.049
267270,HD건설기계,2026-05-12,178900.0,184368.0,166236.79,9.834,6.29,0.95,6.38,False,False,False,미돌파,0,0.0
022100,포스코DX,2026-05-12,34650.0,35821.5,32558.93,9.108,10.17,2.33,1.98,False,False,False,미돌파,0,0.0
034220,LG디스플레이,2026-05-12,12760.0,13216.38,12031.57,8.965,5.71,1.35,-3.66,True,False,True,추적청산,4,0.844
229640,LS에코에너지,2026-05-12,90000.0,91783.2,70193.21,23.523,7.0,0.96,0.44,True,True,True,시간손절,5,-0.489
290650,엘앤씨바이오,2026-05-12,62200.0,65029.8,57416.79,11.707,5.97,1.53,0.96,True,False,False,미돌파,0,0.0
445680,큐리옥스바이오시스템즈,2026-05-12,92900.0,95590.8,88110.0,7.826,12.7,0.94,8.2,False,False,False,미돌파,0,0.0
018290,브이티,2026-05-12,15990.0,16943.82,15658.64,7.585,6.25,1.99,4.42,False,False,False,미돌파,0,0.0
248070,솔루엠,2026-05-12,21100.0,21392.7,19740.38,7.724,7.14,1.3,-1.2,True,False,True,손절,4,-1.039
001450,현대해상,2026-05-12,30100.0,30711.3,29423.57,4.193,13.64,1.6,3.68,True,False,True,추적청산,7,2.676
009450,경동나비엔,2026-05-12,71900.0,72444.6,68285.71,5.741,5.71,0.71,6.5,False,True,True,추적청산,3,0.448
088980,맥쿼리인프라,2026-05-12,11220.0,11252.46,11148.75,0.922,0.0,1.54,0.71,True,True,False,미돌파,0,0.0
000370,한화손해보험,2026-05-12,6380.0,6813.6,6155.86,9.653,0.0,2.09,6.86,True,False,False,미돌파,0,0.0
127120,제이에스링크,2026-05-12,40250.0,40831.5,38607.5,5.447,11.76,1.25,8.73,True,False,True,손절,1,-1.055
214370,케어젠,2026-05-12,100500.0,102404.4,91565.36,10.585,6.32,0.75,4.65,False,True,True,손절,4,-1.028
237690,에스티팜,2026-05-12,146100.0,150500.4,139129.64,7.555,9.28,1.0,5.01,False,False,True,손절,3,-1.04
226950,올릭스,2026-05-12,167500.0,177454.2,160044.64,9.811,7.95,1.2,3.85,False,False,False,미돌파,0,0.0
082740,한화엔진,2026-05-12,77600.0,78757.2,70905.36,9.97,12.31,0.75,13.3,True,True,True,손절,3,-1.03
005070,코스모신소재,2026-05-13,55400.0,56713.2,53265.36,6.079,10.71,0.63,13.44,False,False,True,손절,2,-1.049
267250,HD현대,2026-05-13,298500.0,306111.0,278978.57,8.864,14.89,1.6,-4.55,True,False,True,손절,1,-1.034
082640,동양생명,2026-05-13,7750.0,7935.84,7634.62,3.796,12.5,0.59,3.97,True,False,True,손절,1,-1.079
214450,파마리서치,2026-05-13,314000.0,322644.0,301225.0,6.639,0.0,1.19,6.55,False,False,True,추적청산,2,0.455
039130,하나투어,2026-05-13,40300.0,40430.7,39352.14,2.668,0.0,1.01,1.95,True,True,False,미돌파,0,0.0
032350,롯데관광개발,2026-05-13,18480.0,18927.78,17317.75,8.506,8.63,0.74,9.41,False,False,True,추적청산,3,0.465
267260,HD현대일렉트릭,2026-05-13,1280000.0,1295586.0,1222346.43,5.653,8.62,0.75,7.85,True,False,True,손절,2,-1.053
036830,솔브레인홀딩스,2026-05-13,61000.0,61823.4,56550.71,8.529,2.38,1.15,14.33,False,False,True,손절,2,-1.035
490470,세미파이브,2026-05-13,37600.0,38727.3,35511.96,8.303,4.0,0.4,17.54,False,False,False,미돌파,0,0.0
032500,케이엠더블유,2026-05-13,33500.0,34017.9,31455.54,7.532,11.63,0.61,-8.94,True,False,True,추적청산,2,0.193
322000,HD현대에너지솔루션,2026-05-13,212000.0,232464.0,204688.21,11.948,4.17,0.91,0.7,False,False,True,손절,2,-1.025
294870,IPARK현대산업개발,2026-05-13,22650.0,22845.6,21883.39,4.212,13.33,0.81,-2.72,True,False,True,손절,3,-1.071
000120,CJ대한통운,2026-05-13,95400.0,98396.4,93581.07,4.894,7.14,1.02,4.31,True,False,False,미돌파,0,0.0
178920,PI첨단소재,2026-05-13,28750.0,29208.3,27837.5,4.693,9.52,0.37,8.0,False,False,True,손절,2,-1.064
060250,NHN KCP,2026-05-13,18870.0,19508.94,18483.39,5.257,4.88,0.49,11.41,False,False,True,손절,2,-1.057
071050,한국금융지주,2026-05-13,251500.0,254007.0,237326.79,6.567,14.81,0.79,13.72,True,True,True,추적청산,3,0.439
119850,지엔씨에너지,2026-05-13,35500.0,35971.8,33650.0,6.455,5.13,0.61,3.4,False,False,True,손절,1,-1.046
388720,유일로보틱스,2026-05-13,99700.0,102003.6,96795.0,5.106,7.5,1.09,1.48,True,False,True,손절,2,-1.059
006800,미래에셋증권,2026-05-13,72900.0,74649.0,69796.79,6.5,10.53,0.61,13.01,True,False,False,미돌파,0,0.0
001720,신영증권,2026-05-13,184000.0,188275.8,179800.36,4.502,11.76,0.68,13.41,True,False,True,손절,2,-1.067
213420,덕산네오룩스,2026-05-13,50200.0,52605.0,48161.79,8.446,11.54,1.02,4.38,False,False,False,미돌파,0,0.0
196170,알테오젠,2026-05-13,272386.0,292205.24,249382.02,14.655,3.85,3.78,2.61,False,False,True,시간손절,5,-0.384
033100,제룡전기,2026-05-13,73800.0,77154.0,70267.5,8.926,12.5,0.63,16.33,False,False,True,추적청산,2,0.383
030530,원익홀딩스,2026-05-13,31300.0,32114.1,29948.84,6.742,8.96,0.46,6.57,False,False,False,미돌파,0,0.0
127120,제이에스링크,2026-05-13,40400.0,41031.9,37566.07,8.447,10.17,1.03,0.62,True,False,True,손절,2,-1.036
025540,한국단자,2026-05-13,86600.0,88376.4,85005.0,3.815,14.81,0.51,1.7,True,False,True,손절,2,-1.079
484870,엠앤씨솔루션,2026-05-13,32933.0,34268.4,31872.85,6.991,15.0,0.61,12.95,True,False,True,손절,2,-1.043
000210,DL,2026-05-13,62000.0,63126.0,58998.21,6.539,6.06,0.68,5.34,True,False,True,손절,3,-1.433
014820,동원시스템즈,2026-05-13,24250.0,24949.8,23873.21,4.315,0.0,0.73,8.83,True,False,True,추적청산,2,0.43
000640,동아쏘시오홀딩스,2026-05-13,94700.0,96793.2,93283.21,3.626,0.0,1.57,2.37,False,False,False,미돌파,0,0.0
001450,현대해상,2026-05-13,30250.0,31011.9,29412.86,5.156,7.14,1.35,1.79,True,False,True,추적청산,6,2.158
009520,포스코엠텍,2026-05-13,19160.0,19498.92,18412.75,5.57,11.36,0.42,6.08,False,False,True,손절,2,-1.054
062040,산일전기,2026-05-13,302500.0,318135.0,291541.07,8.359,11.36,0.46,5.32,False,False,True,손절,1,-1.036
454910,두산로보틱스,2026-05-13,102600.0,104107.8,98518.93,5.368,4.65,0.73,2.01,True,False,True,추적청산,4,0.81
005290,동진쎄미켐,2026-05-14,58000.0,58116.0,55146.07,5.11,8.7,0.52,4.92,False,True,False,미돌파,0,0.0
052020,에스티큐브,2026-05-14,17460.0,18537.0,16912.43,8.764,8.46,0.41,8.11,False,False,False,미돌파,0,0.0
000210,DL,2026-05-14,63200.0,64027.8,59285.36,7.407,12.82,1.05,3.66,True,False,False,미돌파,0,0.0
214430,아이쓰리시스템,2026-05-14,87900.0,90981.6,83900.36,7.783,6.78,0.67,10.03,True,False,False,미돌파,0,0.0
003570,SNT다이내믹스,2026-05-14,50500.0,51502.8,48704.64,5.433,13.95,0.67,5.78,True,False,False,미돌파,0,0.0
140860,파크시스템스,2026-05-14,288500.0,294588.0,275607.14,6.443,9.68,0.85,6.94,False,False,False,미돌파,0,0.0
036810,에프에스티,2026-05-14,37600.0,37725.3,34864.11,7.584,4.08,1.21,12.25,True,True,False,미돌파,0,0.0
039130,하나투어,2026-05-14,40150.0,40380.6,39600.0,1.933,9.09,1.36,5.86,True,False,True,손절,1,-1.155
101160,월덱스,2026-05-14,30950.0,31262.4,29273.39,6.362,14.71,1.02,6.07,True,True,True,손절,1,-1.047
003540,대신증권,2026-05-14,35750.0,36522.9,35027.86,4.093,13.04,0.86,9.95,True,False,True,손절,1,-1.073
051910,LG화학,2026-05-14,392500.0,395790.0,373189.29,5.71,10.81,0.97,7.65,False,True,True,손절,1,-1.053
000150,두산,2026-05-14,1703000.0,1736466.0,1608296.43,7.381,4.63,0.98,6.27,False,False,True,손절,1,-1.041
121600,나노신소재,2026-05-14,75800.0,77254.2,70903.93,8.22,11.11,0.55,7.33,False,True,True,손절,1,-1.036
310210,보로노이,2026-05-14,267000.0,280059.0,255516.07,8.763,4.76,1.07,9.49,True,False,False,미돌파,0,0.0
295310,에이치브이엠,2026-05-14,95000.0,99799.2,89927.86,9.891,11.76,0.63,-14.32,True,False,True,추적청산,4,0.617
010950,S-Oil,2026-05-14,115000.0,115230.0,107699.64,6.535,12.9,1.07,2.71,True,True,True,손절,3,-1.046
174900,앱클론,2026-05-14,40950.0,42284.4,38829.29,8.171,5.26,1.16,8.29,True,False,False,미돌파,0,0.0
032820,우리기술,2026-05-14,18200.0,18537.0,17343.75,6.437,5.26,0.68,13.13,True,False,False,미돌파,0,0.0
001270,부국증권,2026-05-14,72900.0,74448.6,71993.93,3.297,5.26,0.63,2.93,False,False,True,손절,1,-1.091
086520,에코프로,2026-05-14,142300.0,142584.6,133286.07,6.521,5.13,0.85,10.9,True,True,True,손절,1,-1.046
099190,아이센스,2026-05-14,18380.0,19038.0,17905.64,5.948,8.89,0.72,13.1,True,False,False,미돌파,0,0.0
001510,SK증권,2026-05-14,4475.0,4644.27,4244.12,8.616,1.64,0.35,15.09,False,False,True,손절,1,-1.035
358570,지아이이노베이션,2026-05-14,13350.0,13707.36,12564.75,8.336,6.45,0.85,9.31,True,False,False,미돌파,0,0.0
475960,토모큐브,2026-05-14,52200.0,53106.0,48916.25,7.889,8.7,0.87,8.1,True,False,True,손절,1,-1.038
257720,실리콘투,2026-05-14,41150.0,42685.2,40101.43,6.053,7.14,0.95,8.15,True,False,False,미돌파,0,0.0
009520,포스코엠텍,2026-05-14,19480.0,19609.14,18492.64,5.694,3.3,0.41,8.11,False,True,True,손절,1,-1.053
127120,제이에스링크,2026-05-14,40500.0,41432.7,39483.21,4.705,3.45,0.54,1.58,False,False,False,미돌파,0,0.0
000670,영풍,2026-05-14,64100.0,64228.2,60887.86,5.201,3.7,1.2,7.1,True,True,True,손절,1,-1.058
036830,솔브레인홀딩스,2026-05-14,62200.0,66132.0,59230.36,10.436,13.79,0.57,9.99,False,False,False,미돌파,0,0.0
041960,코미팜,2026-05-14,8630.0,8817.6,8445.82,4.216,3.45,0.45,6.9,True,False,False,미돌파,0,0.0
126340,비나텍,2026-05-14,172300.0,182865.0,163169.64,10.77,2.99,0.59,9.22,False,False,False,미돌파,0,0.0
001720,신영증권,2026-05-14,188800.0,191582.4,184683.21,3.601,9.62,0.62,7.9,False,False,True,손절,1,-1.083
010130,고려아연,2026-05-14,1511000.0,1550094.0,1462400.0,5.657,11.11,0.89,3.14,True,False,False,미돌파,0,0.0
099320,쎄트렉아이,2026-05-14,159100.0,164728.8,152513.57,7.415,5.05,0.71,5.35,True,False,True,손절,2,-1.04
059090,미코,2026-05-14,24050.0,25551.0,22931.96,10.25,11.36,0.47,3.22,False,False,False,미돌파,0,0.0
012450,한화에어로스페이스,2026-05-14,1306000.0,1325646.0,1262939.29,4.73,8.0,0.87,0.84,False,False,False,미돌파,0,0.0
491000,리브스메드,2026-05-14,67000.0,69338.4,62882.5,9.311,1.82,0.61,-3.72,True,False,False,미돌파,0,0.0
003530,한화투자증권,2026-05-14,7340.0,7504.98,7048.32,6.085,8.82,0.44,13.55,True,False,True,손절,1,-1.049
490470,세미파이브,2026-05-14,38250.0,38727.3,35510.36,8.307,12.0,0.37,10.53,False,False,True,손절,1,-1.036
007660,이수페타시스,2026-05-14,132500.0,134368.2,127674.64,4.982,1.96,0.44,10.11,False,False,True,손절,1,-1.06
048410,현대바이오,2026-05-14,12150.0,12454.86,11233.39,9.807,3.88,0.6,10.53,True,False,False,미돌파,0,0.0
417200,LS머트리얼즈,2026-05-14,23800.0,24749.4,22867.77,7.603,6.9,0.36,11.52,False,False,False,미돌파,0,0.0
232140,와이씨,2026-05-14,19720.0,19849.62,18643.68,6.075,8.42,0.53,10.57,True,True,True,손절,1,-1.049
007390,네이처셀,2026-05-14,18260.0,18677.28,17714.11,5.157,8.75,0.76,4.1,True,False,False,미돌파,0,0.0
120110,코오롱인더,2026-05-14,87600.0,89178.0,83114.64,6.799,12.5,0.74,7.69,False,False,True,손절,1,-1.044
237690,에스티팜,2026-05-14,142500.0,148296.0,137895.36,7.013,13.79,0.71,7.35,False,False,False,미돌파,0,0.0
074600,원익QnC,2026-05-14,37500.0,37975.8,35319.11,6.996,2.27,1.17,5.3,False,False,True,손절,1,-1.043
0009K0,에임드바이오,2026-05-14,41000.0,41983.8,39384.11,6.192,6.98,0.91,7.24,True,False,True,손절,1,-1.048
263750,펄어비스,2026-05-14,50600.0,53807.4,48630.89,9.62,6.59,1.89,3.62,True,False,False,미돌파,0,0.0
137400,피엔티,2026-05-14,49950.0,50901.6,46872.5,7.915,10.0,1.14,11.9,True,True,True,손절,1,-1.038
064960,SNT모티브,2026-05-15,33150.0,34368.6,32269.64,6.107,0.0,2.24,2.93,False,False,False,미돌파,0,0.0
086450,동국제약,2026-05-15,22650.0,23797.5,21835.54,8.244,5.71,1.42,1.95,False,False,False,미돌파,0,0.0
336570,원텍,2026-05-15,8080.0,8366.7,7700.29,7.965,1.75,2.33,3.46,True,False,False,미돌파,0,0.0
097950,CJ제일제당,2026-05-15,228500.0,237474.0,224462.5,5.479,9.09,1.47,0.22,False,False,False,미돌파,0,0.0
310210,보로노이,2026-05-15,266000.0,270540.0,252198.21,6.78,3.33,0.89,6.5,True,False,False,미돌파,0,0.0
033790,피노,2026-05-15,14850.0,15711.36,13959.43,11.151,10.49,0.87,19.95,True,False,False,미돌파,0,0.0
225570,넥슨게임즈,2026-05-15,11040.0,11322.6,10720.5,5.318,5.66,1.91,1.6,False,False,True,시간손절,5,0.089
036460,한국가스공사,2026-05-15,37850.0,38977.8,37129.64,4.742,3.12,1.95,0.39,False,False,False,미돌파,0,0.0
029780,삼성카드,2026-05-15,50800.0,52104.0,49120.18,5.727,3.77,2.22,0.2,False,False,False,미돌파,0,0.0
005090,SGC에너지,2026-05-15,52000.0,54508.8,49565.0,9.07,14.63,0.92,15.86,True,False,False,미돌파,0,0.0
083650,비에이치아이,2026-05-15,82900.0,86572.8,76806.07,11.282,6.82,1.49,12.46,True,False,False,미돌파,0,0.0
000250,삼천당제약,2026-05-18,373500.0,381762.0,343462.5,10.032,12.12,0.62,8.79,True,False,True,손절,2,-1.03
457190,이수스페셜티케미컬,2026-05-18,99600.0,100200.0,92939.29,7.246,5.0,0.46,9.7,True,True,True,손절,2,-1.041
002380,KCC,2026-05-18,522000.0,533064.0,488107.14,8.434,7.89,0.95,13.86,True,False,False,미돌파,0,0.0
005490,POSCO홀딩스,2026-05-18,463000.0,466932.0,430860.71,7.725,8.2,0.71,9.57,False,True,True,손절,1,-1.039
101160,월덱스,2026-05-18,27100.0,27454.8,25129.46,8.47,7.5,1.21,15.44,True,True,False,미돌파,0,0.0
112610,씨에스윈드,2026-05-18,52700.0,53406.6,49159.11,7.953,14.08,0.59,11.43,True,False,False,미돌파,0,0.0
005070,코스모신소재,2026-05-18,51200.0,52003.8,48169.64,7.373,9.38,0.44,15.37,True,False,False,미돌파,0,0.0
281820,케이씨텍,2026-05-18,70200.0,72845.4,66292.14,8.996,3.57,1.19,1.4,False,False,False,미돌파,0,0.0
267260,HD현대일렉트릭,2026-05-18,1147000.0,1176348.0,1059746.43,9.912,9.9,1.0,15.79,False,False,False,미돌파,0,0.0
439260,대한조선,2026-05-18,68600.0,69639.0,65412.86,6.069,5.71,0.59,15.41,True,False,True,손절,2,-1.049
100840,SNT에너지,2026-05-18,44400.0,45891.6,41052.32,10.545,14.63,0.55,16.38,True,False,True,손절,2,-1.028
047050,포스코인터내셔널,2026-05-18,71300.0,72043.8,67081.07,6.888,4.88,0.54,5.31,True,True,True,손절,3,-1.044
376300,디어유,2026-05-18,26300.0,26903.7,25336.96,5.823,4.0,0.62,6.41,True,False,True,시간손절,5,-0.405
323280,태성,2026-05-18,65300.0,67534.8,61541.43,8.874,4.17,0.61,13.4,False,False,True,손절,2,-1.034
032500,케이엠더블유,2026-05-18,28900.0,29508.9,27081.61,8.226,10.26,0.87,17.78,True,False,True,추적청산,2,0.464
456160,지투지바이오,2026-05-18,62800.0,66432.6,59807.5,9.973,5.36,0.68,13.02,True,False,False,미돌파,0,0.0
181710,NHN,2026-05-18,38200.0,39278.4,36801.61,6.306,9.52,1.22,2.68,False,False,True,시간손절,5,-0.544
036460,한국가스공사,2026-05-18,37650.0,37725.3,35517.32,5.853,5.13,0.96,-1.48,True,True,True,시간손절,5,-0.425
009410,태영건설,2026-05-18,1787.0,1803.6,1667.11,7.568,4.17,0.32,6.0,True,True,True,시간손절,5,-0.264
089860,롯데렌탈,2026-05-18,31900.0,32013.9,30476.96,4.801,7.69,1.07,3.04,True,True,True,시간손절,5,-0.397
112040,위메이드,2026-05-18,20200.0,20541.0,19615.64,4.505,7.25,0.5,7.34,True,False,True,손절,2,-1.067
214430,아이쓰리시스템,2026-05-18,83400.0,84067.8,73387.5,12.704,5.26,1.15,12.94,True,True,True,시간손절,5,0.026
015760,한국전력,2026-05-18,37650.0,38376.6,35940.18,6.349,14.29,0.87,12.85,True,False,True,추적청산,6,0.683
229640,LS에코에너지,2026-05-18,79200.0,84518.7,69050.18,18.302,1.49,0.8,10.41,False,False,False,미돌파,0,0.0
267250,HD현대,2026-05-18,269000.0,273045.0,254646.43,6.738,10.34,0.7,8.35,False,True,False,미돌파,0,0.0
103140,풍산,2026-05-18,86000.0,87875.4,81663.21,7.069,10.91,0.8,7.73,True,False,True,시간손절,5,-0.038
138930,BNK금융지주,2026-05-18,17260.0,17535.0,16621.82,5.208,10.13,1.03,2.15,True,False,False,미돌파,0,0.0
000720,현대건설,2026-05-18,144900.0,149999.4,134625.0,10.25,8.15,0.96,12.61,True,False,False,미돌파,0,0.0
003670,포스코퓨처엠,2026-05-18,232000.0,236973.0,217155.36,8.363,3.03,0.65,17.14,True,False,False,미돌파,0,0.0
328130,루닛,2026-05-18,18000.0,18226.38,16853.92,7.53,4.63,0.72,5.61,True,True,True,손절,2,-1.04
161000,애경케미칼,2026-05-18,13300.0,13426.8,12579.79,6.308,10.45,0.15,8.15,True,True,True,추적청산,6,0.909
003530,한화투자증권,2026-05-18,6850.0,6993.96,6451.14,7.761,9.52,0.31,16.26,True,False,False,미돌파,0,0.0
460860,동국제강,2026-05-18,13000.0,13306.56,12215.07,8.203,0.0,0.43,4.9,False,False,False,미돌파,0,0.0
018290,브이티,2026-05-18,14930.0,15230.4,14188.75,6.839,13.64,0.59,4.9,True,False,True,손절,2,-1.044
003160,디아이,2026-05-18,29150.0,30060.0,26612.5,11.469,14.75,0.69,9.61,True,False,True,추적청산,6,0.639
011210,현대위아,2026-05-18,89000.0,90781.2,83212.68,8.337,9.38,0.63,0.67,False,False,False,미돌파,0,0.0
259960,크래프톤,2026-05-18,282000.0,285570.0,267230.36,6.422,13.33,0.61,0.88,False,True,True,손절,2,-1.047
004800,효성,2026-05-18,216000.0,221943.0,201703.57,9.119,12.9,0.65,16.92,False,False,True,손절,1,-1.033
047810,한국항공우주,2026-05-18,161700.0,164728.8,151627.5,7.953,4.39,0.74,4.6,True,False,True,시간손절,5,0.357
103590,일진전기,2026-05-18,113200.0,117434.4,105536.96,10.131,9.23,1.9,20.56,False,False,False,미돌파,0,0.0
440110,파두,2026-05-18,98900.0,101402.4,90438.57,10.812,10.75,1.04,1.49,False,True,True,추적청산,6,1.156
278470,에이피알,2026-05-18,402000.0,409818.0,383408.93,6.444,14.29,0.63,8.22,True,False,False,미돌파,0,0.0
023590,다우기술,2026-05-18,44200.0,45591.0,40927.14,10.23,9.52,1.17,7.05,True,False,False,미돌파,0,0.0
298040,효성중공업,2026-05-18,3730000.0,3857700.0,3464382.14,10.196,3.54,0.9,13.92,False,False,False,미돌파,0,0.0
450080,에코프로머티,2026-05-18,63600.0,66432.6,60424.82,9.043,9.8,0.34,15.2,True,False,False,미돌파,0,0.0
005880,대한해운,2026-05-18,2500.0,2550.09,2373.59,6.921,13.79,0.35,0.99,True,False,True,시간손절,5,-0.27
015750,성우하이텍,2026-05-18,8110.0,8256.48,7687.36,6.893,14.58,0.74,8.67,True,True,False,미돌파,0,0.0
089030,테크윙,2026-05-18,49400.0,50500.8,46002.86,8.907,9.33,0.57,15.12,True,False,True,추적청산,7,0.855
030520,한컴,2026-05-18,19520.0,19939.8,18466.71,7.388,9.77,1.01,0.76,True,False,True,손절,2,-1.041
079160,CJ CGV,2026-05-18,4915.0,5010.0,4743.75,5.314,6.52,0.91,-1.13,True,False,True,손절,2,-1.056
171090,선익시스템,2026-05-18,84100.0,86172.0,78665.0,8.712,11.11,0.48,6.56,True,False,False,미돌파,0,0.0
272210,한화시스템,2026-05-18,106100.0,107113.8,98718.57,7.838,4.17,0.9,8.61,True,True,True,추적청산,7,0.515
399720,가온칩스,2026-05-18,59300.0,60621.0,54715.0,9.742,8.16,0.53,16.24,True,False,False,미돌파,0,0.0
014620,성광벤드,2026-05-18,35250.0,37274.4,32193.39,13.631,10.11,0.66,8.68,True,False,False,미돌파,0,0.0
252990,샘씨엔에스,2026-05-18,11730.0,11963.88,10972.29,8.288,1.23,0.5,9.84,False,False,True,추적청산,7,1.606
137400,피엔티,2026-05-18,47100.0,47595.0,44121.43,7.298,6.78,0.56,12.13,True,True,True,손절,2,-1.041
278280,천보,2026-05-18,50600.0,51603.0,47816.07,7.339,12.9,0.47,13.95,True,False,False,미돌파,0,0.0
383310,에코프로에이치엔,2026-05-18,26950.0,27504.9,25222.5,8.298,0.0,0.54,9.56,True,False,False,미돌파,0,0.0
357780,솔브레인,2026-05-18,408000.0,413325.0,372980.36,9.761,10.14,0.93,12.54,True,True,True,추적청산,6,0.595
058470,리노공업,2026-05-18,101000.0,103105.8,95294.64,7.576,1.56,0.68,12.78,True,False,False,미돌파,0,0.0
102710,이엔에프테크놀로지,2026-05-18,46550.0,47194.2,42794.11,9.323,9.46,0.88,17.76,True,True,False,미돌파,0,0.0
183300,코미코,2026-05-18,76855.0,79765.21,70242.59,11.938,5.52,0.91,-1.68,True,False,False,미돌파,0,0.0
084370,유진테크,2026-05-18,115900.0,123045.6,105906.43,13.929,6.08,0.99,22.89,True,False,False,미돌파,0,0.0
039490,키움증권,2026-05-18,390000.0,398796.0,363389.29,8.878,6.78,0.57,15.03,True,False,False,미돌파,0,0.0
032190,다우데이타,2026-05-18,22750.0,23747.4,21630.98,8.912,5.26,2.2,2.57,False,False,False,미돌파,0,0.0
124500,아이티센글로벌,2026-05-18,49600.0,50701.2,45225.36,10.8,9.78,0.91,12.37,True,False,False,미돌파,0,0.0
121600,나노신소재,2026-05-18,70900.0,72645.0,67387.5,7.237,6.82,0.56,8.87,True,False,False,미돌파,0,0.0
097230,HJ중공업,2026-05-18,23100.0,23496.9,20656.25,12.089,11.76,1.04,14.76,True,True,False,미돌파,0,0.0
486990,노타,2026-05-18,29500.0,32665.2,27111.43,17.002,9.71,1.16,9.79,True,False,False,미돌파,0,0.0
016360,삼성증권,2026-05-18,119900.0,122043.6,113377.86,7.101,7.35,0.61,11.32,False,False,False,미돌파,0,0.0
060250,NHN KCP,2026-05-18,17590.0,18046.02,16658.04,7.691,0.0,0.59,9.56,True,False,True,손절,2,-1.039
122870,와이지엔터테인먼트,2026-05-18,48050.0,49098.0,46713.39,4.857,15.0,0.98,2.83,True,False,True,손절,2,-1.062
005090,SGC에너지,2026-05-18,49900.0,51102.0,45396.07,11.166,12.24,0.5,13.97,True,True,False,미돌파,0,0.0
098460,고영,2026-05-18,36300.0,37174.2,33565.89,9.706,13.33,0.33,12.53,False,False,False,미돌파,0,0.0
249420,일동제약,2026-05-18,21400.0,21893.7,20293.21,7.31,7.41,0.85,5.52,True,False,True,손절,2,-1.041
178920,PI첨단소재,2026-05-18,27100.0,27605.1,25600.0,7.264,6.06,0.39,6.55,False,False,False,미돌파,0,0.0
077970,STX엔진,2026-05-18,44650.0,45991.8,42025.71,8.623,6.35,0.35,16.54,False,False,True,손절,2,-1.035
453340,현대그린푸드,2026-05-18,18510.0,18667.26,17954.64,3.817,1.92,0.72,3.29,False,False,False,미돌파,0,0.0
247540,에코프로비엠,2026-05-18,190400.0,194889.0,181958.21,6.635,5.77,0.84,14.23,True,False,True,손절,1,-1.045
031980,피에스케이홀딩스,2026-05-18,116900.0,121642.8,105553.93,13.226,0.71,1.11,10.42,True,False,True,추적청산,6,0.694
222080,SFA넥셀,2026-05-18,13280.0,13577.1,12599.8,7.198,8.0,0.22,15.25,False,False,False,미돌파,0,0.0
033790,피노,2026-05-18,14900.0,15380.7,13911.52,9.552,11.3,0.61,6.35,True,False,False,미돌파,0,0.0
000210,DL,2026-05-18,57400.0,58416.6,54478.93,6.741,0.0,0.61,14.33,True,False,False,미돌파,0,0.0
048410,현대바이오,2026-05-18,10980.0,11122.2,10284.93,7.528,7.81,0.61,10.95,True,True,True,손절,1,-1.04
189300,인텔리안테크,2026-05-18,167000.0,173346.0,153789.64,11.282,14.71,1.84,3.13,False,False,False,미돌파,0,0.0
086520,에코프로,2026-05-18,126800.0,129358.2,119775.71,7.408,3.75,0.91,13.39,True,False,True,손절,2,-1.069
326030,SK바이오팜,2026-05-18,95500.0,96693.0,91518.75,5.351,11.36,0.93,3.14,True,True,True,손절,2,-1.056
402340,SK스퀘어,2026-05-18,1093000.0,1102200.0,968573.21,12.124,5.13,1.17,7.92,False,True,False,미돌파,0,0.0
031210,서울보증보험,2026-05-18,45650.0,47244.3,43985.71,6.897,5.08,0.97,-1.33,True,False,True,시간손절,5,-0.763
003240,태광산업,2026-05-18,1014000.0,1022040.0,941832.14,7.848,1.41,0.67,10.5,True,True,False,미돌파,0,0.0
039200,오스코텍,2026-05-19,41000.0,41532.9,38393.21,7.56,5.88,0.82,17.26,True,False,False,미돌파,0,0.0
034230,파라다이스,2026-05-19,14450.0,14919.78,14082.11,5.615,1.43,0.76,2.43,True,False,False,미돌파,0,0.0
174900,앱클론,2026-05-19,36550.0,37975.8,33843.75,10.881,7.04,1.17,15.39,True,False,False,미돌파,0,0.0
499790,GS피앤엘,2026-05-19,48100.0,51302.4,46126.25,10.089,12.64,0.38,-0.84,True,False,False,미돌파,0,0.0
009970,영원무역홀딩스,2026-05-19,197800.0,199498.2,185923.21,6.805,9.57,1.3,2.32,True,True,True,시간손절,5,-0.272
056190,SFA,2026-05-19,27050.0,27454.8,26098.21,4.941,9.52,0.91,11.75,False,False,True,추적청산,5,1.746
069620,대웅제약,2026-05-19,134200.0,135470.4,126106.43,6.912,8.54,1.12,6.61,True,True,False,미돌파,0,0.0
241560,두산밥캣,2026-05-19,67200.0,68737.2,64637.5,5.964,11.76,0.96,6.41,True,False,False,미돌파,0,0.0
065350,신성델타테크,2026-05-19,46350.0,48747.3,45012.68,7.661,10.77,1.39,9.12,False,False,False,미돌파,0,0.0
086900,메디톡스,2026-05-19,99200.0,103606.8,97505.71,5.889,0.0,0.97,7.55,True,False,False,미돌파,0,0.0
009420,한올바이오파마,2026-05-19,41200.0,42384.6,38287.68,9.666,11.27,1.33,11.68,True,False,True,추적청산,8,2.558
047810,한국항공우주,2026-05-19,161800.0,168235.8,155652.5,7.48,13.89,0.72,2.47,False,False,False,미돌파,0,0.0
0009K0,에임드바이오,2026-05-19,35100.0,38226.3,33122.5,13.352,8.7,1.44,19.12,True,False,False,미돌파,0,0.0
005930,삼성전자,2026-05-19,275500.0,282063.0,263208.93,6.684,9.68,1.03,1.25,False,False,True,추적청산,6,0.865
071320,지역난방공사,2026-05-19,74400.0,74949.6,72523.93,3.236,10.53,0.64,-0.13,True,False,True,손절,1,-1.093
035760,CJ ENM,2026-05-19,42700.0,43386.6,41725.71,3.828,7.69,1.12,6.97,True,False,False,미돌파,0,0.0
252990,샘씨엔에스,2026-05-19,11820.0,12174.3,11312.39,7.08,13.24,0.63,3.19,False,False,False,미돌파,0,0.0
003160,디아이,2026-05-19,28700.0,31312.5,27545.36,12.031,13.43,1.03,5.59,False,False,False,미돌파,0,0.0
007810,코리아써키트,2026-05-19,80800.0,81763.2,70848.21,13.35,8.6,1.35,17.72,True,True,True,추적청산,6,1.478
001060,JW중외제약,2026-05-19,29150.0,30260.4,27985.71,7.517,15.0,1.06,1.85,True,False,False,미돌파,0,0.0
161000,애경케미칼,2026-05-19,13340.0,13767.48,12808.82,6.963,7.69,0.16,2.63,True,False,True,추적청산,5,0.683
491000,리브스메드,2026-05-19,56600.0,57915.6,51165.36,11.655,5.17,0.93,12.65,True,False,True,추적청산,5,1.199
298380,에이비엘바이오,2026-05-19,112000.0,116632.8,104408.57,10.481,1.9,0.86,13.85,True,False,False,미돌파,0,0.0
003240,태광산업,2026-05-19,994000.0,1009014.0,961596.43,4.699,13.16,0.91,9.22,False,False,True,손절,1,-1.064
087010,펩트론,2026-05-19,245500.0,247494.0,229435.71,7.296,0.0,0.87,14.31,True,True,True,추적청산,8,1.387
034730,SK,2026-05-19,519000.0,541080.0,500400.0,7.518,12.12,0.77,4.07,False,False,False,미돌파,0,0.0
476830,알지노믹스,2026-05-19,67250.0,71993.7,62000.71,13.88,10.11,0.7,21.71,True,False,False,미돌파,0,0.0
093370,후성,2026-05-19,11880.0,12364.68,11383.93,7.932,7.59,0.33,4.19,False,False,False,미돌파,0,0.0
214430,아이쓰리시스템,2026-05-19,85500.0,89077.8,80960.71,9.112,8.7,0.96,6.46,False,False,False,미돌파,0,0.0
310210,보로노이,2026-05-19,253500.0,259017.0,225387.5,12.984,1.67,1.56,7.48,True,False,False,미돌파,0,0.0
251970,펌텍코리아,2026-05-19,38350.0,40530.9,37657.5,7.089,10.0,0.81,4.12,False,False,False,미돌파,0,0.0
060250,NHN KCP,2026-05-19,17410.0,18156.24,16794.07,7.502,13.39,0.5,7.93,True,False,False,미돌파,0,0.0
068760,셀트리온제약,2026-05-19,49150.0,51001.8,47898.39,6.085,12.96,0.77,6.74,True,False,False,미돌파,0,0.0
012750,에스원,2026-05-19,71300.0,71643.0,69195.36,3.416,11.11,0.91,0.42,True,True,True,손절,1,-1.088
003490,대한항공,2026-05-19,25800.0,26502.9,24914.38,5.994,7.41,1.01,-3.82,True,False,False,미돌파,0,0.0
259960,크래프톤,2026-05-19,276000.0,287574.0,268666.07,6.575,6.45,0.68,0.54,True,False,False,미돌파,0,0.0
253450,스튜디오드래곤,2026-05-19,29150.0,30310.5,28423.93,6.224,3.12,1.01,2.35,True,False,False,미돌파,0,0.0
090430,아모레퍼시픽,2026-05-19,119900.0,123045.6,117074.11,4.853,12.77,0.59,2.68,True,False,False,미돌파,0,0.0
100840,SNT에너지,2026-05-19,43750.0,47094.0,41390.0,12.112,5.05,0.52,15.38,True,False,False,미돌파,0,0.0
112040,위메이드,2026-05-19,20250.0,20791.5,19510.39,6.162,14.42,0.59,4.71,True,False,False,미돌파,0,0.0
271560,오리온,2026-05-19,137600.0,137875.2,132644.82,3.794,14.46,1.21,1.08,False,True,True,손절,5,-1.079
028050,삼성E&A,2026-05-19,49250.0,51001.8,46853.04,8.135,7.46,0.5,10.29,True,False,False,미돌파,0,0.0
016380,KG스틸,2026-05-19,7030.0,7274.52,6539.64,10.102,14.06,1.0,-5.24,True,False,False,미돌파,0,0.0
014820,동원시스템즈,2026-05-19,23450.0,24298.5,22693.21,6.607,14.81,0.86,6.57,True,False,False,미돌파,0,0.0
068270,셀트리온,2026-05-19,173952.0,177738.77,170139.19,4.276,1.55,0.91,5.59,True,False,False,미돌파,0,0.0
029780,삼성카드,2026-05-19,49150.0,49699.2,48155.18,3.107,8.33,0.84,0.61,True,False,True,손절,1,-1.097
323280,태성,2026-05-19,68900.0,73647.0,64541.07,12.364,1.25,1.04,1.71,False,False,False,미돌파,0,0.0
323410,카카오뱅크,2026-05-19,22200.0,22595.1,21855.36,3.274,9.09,0.95,1.55,True,False,False,미돌파,0,0.0
018290,브이티,2026-05-19,14710.0,15460.86,14398.96,6.868,1.11,0.66,8.01,True,False,False,미돌파,0,0.0
032500,케이엠더블유,2026-05-19,31950.0,34669.2,30633.39,11.641,4.29,2.1,7.53,True,False,False,미돌파,0,0.0
005810,풍산홀딩스,2026-05-20,39500.0,39929.7,38243.39,4.223,0.0,0.69,5.5,True,False,True,추적청산,4,0.598
272210,한화시스템,2026-05-20,101600.0,105510.6,98776.79,6.382,10.91,0.72,7.3,True,False,True,추적청산,5,0.638
010950,S-Oil,2026-05-20,110800.0,111622.8,105040.71,5.897,13.46,0.67,3.9,True,True,False,미돌파,0,0.0
010120,LS ELECTRIC,2026-05-20,238500.0,250500.0,227926.79,9.011,10.81,0.52,16.32,False,False,True,추적청산,4,0.965
001530,DI동일,2026-05-20,28500.0,28707.3,25686.07,10.524,9.43,0.37,0.87,False,True,True,손절,4,-1.029
399720,가온칩스,2026-05-20,55400.0,57715.2,51903.93,10.069,8.16,0.44,20.29,True,False,True,추적청산,4,0.804
012330,현대모비스,2026-05-20,535000.0,562122.0,506685.71,9.862,6.52,1.34,17.57,False,False,True,추적청산,8,1.767
093050,LF,2026-05-20,23600.0,23947.8,21407.68,10.607,13.04,2.45,1.05,True,True,True,시간손절,5,-0.46
453340,현대그린푸드,2026-05-20,18060.0,18436.8,17272.21,6.317,1.04,0.99,0.22,True,False,False,미돌파,0,0.0
086520,에코프로,2026-05-20,118700.0,121141.8,113655.36,6.18,13.56,0.78,12.07,True,False,True,추적청산,5,2.158
045100,한양이엔지,2026-05-20,29050.0,29609.1,27656.61,6.594,3.23,0.56,10.06,True,False,True,추적청산,5,1.348
094800,맵스리얼티,2026-05-20,5500.0,6012.0,5295.21,11.923,4.76,0.39,0.36,True,False,False,미돌파,0,0.0
161000,애경케미칼,2026-05-20,14510.0,14859.66,12772.82,14.044,8.95,0.87,-6.14,True,False,False,미돌파,0,0.0
298040,효성중공업,2026-05-20,3569000.0,3706398.0,3460875.0,6.624,7.18,0.99,14.96,False,False,True,추적청산,4,0.808
108320,LX세미콘,2026-05-20,52000.0,53406.6,50011.43,6.357,14.29,0.47,16.53,True,False,True,추적청산,5,0.997
058650,세아홀딩스,2026-05-20,155800.0,159017.4,150740.0,5.205,1.49,7.63,-3.25,True,False,False,미돌파,0,0.0
042660,한화오션,2026-05-20,110500.0,113526.6,106174.29,6.476,9.68,0.63,8.98,True,False,True,추적청산,5,1.118
356860,티엘비,2026-05-20,44769.0,46626.07,42337.07,9.199,13.34,0.6,12.49,False,False,True,추적청산,5,1.913
000720,현대건설,2026-05-20,136200.0,139278.0,128402.5,7.808,8.89,0.87,15.25,True,False,True,추적청산,4,0.858
009540,HD한국조선해양,2026-05-20,399000.0,403806.0,380771.43,5.704,8.11,1.0,13.36,True,True,True,추적청산,5,0.81
089030,테크윙,2026-05-20,48000.0,50500.8,46127.14,8.661,8.33,0.59,16.23,True,False,True,추적청산,5,0.865
226950,올릭스,2026-05-20,148200.0,154708.8,138416.79,10.531,5.11,0.9,4.94,False,False,True,추적청산,6,0.665
000880,한화,2026-05-20,123000.0,127153.8,114329.64,10.086,1.83,0.67,12.58,True,False,True,추적청산,5,0.991
083450,GST,2026-05-20,54300.0,56713.2,50989.29,10.093,8.51,0.7,18.35,False,False,True,추적청산,5,0.583
252990,샘씨엔에스,2026-05-20,11870.0,12034.02,11100.57,7.757,8.0,0.58,5.34,True,True,True,추적청산,5,1.638
058470,리노공업,2026-05-20,96700.0,99699.0,93401.79,6.316,6.0,0.54,13.89,True,False,True,추적청산,4,0.699
218410,RFHIC,2026-05-20,91900.0,94588.8,85801.07,9.29,12.68,0.49,12.73,True,False,True,추적청산,4,0.702
034220,LG디스플레이,2026-05-20,12560.0,12815.58,11701.86,8.69,2.15,0.59,11.36,True,False,True,추적청산,4,1.029
115180,큐리언트,2026-05-20,26300.0,26452.8,24739.46,6.477,11.54,0.74,12.04,True,True,True,추적청산,6,1.416
036540,SFA반도체,2026-05-20,7780.0,8096.16,7405.25,8.534,7.14,0.35,3.35,False,False,True,추적청산,5,1.387
000660,SK하이닉스,2026-05-20,1745000.0,1781556.0,1670135.71,6.254,2.27,1.05,11.69,False,False,True,추적청산,8,2.736
443060,HD현대마린솔루션,2026-05-20,222000.0,230961.0,210403.57,8.901,5.88,0.54,4.31,False,False,True,추적청산,5,0.565
131970,두산테스나,2026-05-20,165600.0,175149.6,153356.79,12.442,0.54,0.83,9.01,False,False,True,손절,5,-1.024
005930,삼성전자,2026-05-20,276000.0,283065.0,260553.57,7.953,10.53,1.16,2.82,False,False,True,추적청산,5,0.783
240810,원익IPS,2026-05-20,111900.0,117133.8,105656.07,9.799,12.37,0.5,14.71,True,False,True,추적청산,4,0.638
036570,NC,2026-05-20,260500.0,269538.0,251557.14,6.671,6.67,0.92,0.95,False,False,True,추적청산,9,0.968
000100,유한양행,2026-05-20,81500.0,83065.8,79508.75,4.282,0.0,1.23,3.78,True,False,True,추적청산,4,0.702
214370,케어젠,2026-05-20,93200.0,96993.6,85350.71,12.004,11.76,0.85,4.12,False,False,False,미돌파,0,0.0
047040,대우건설,2026-05-20,26650.0,27755.4,25106.07,9.545,2.38,0.37,7.94,True,False,True,추적청산,4,0.469
353200,대덕전자,2026-05-20,133000.0,137274.0,124085.0,9.608,12.04,0.7,6.93,False,False,True,추적청산,5,1.217
007660,이수페타시스,2026-05-20,121600.0,131362.2,117950.71,10.21,3.45,0.85,8.64,True,False,False,미돌파,0,0.0
028050,삼성E&A,2026-05-20,47400.0,48446.7,45220.71,6.659,8.16,0.52,10.57,True,False,True,추적청산,4,0.99
089860,롯데렌탈,2026-05-20,31450.0,31563.0,30675.36,2.812,0.0,1.2,0.47,True,True,True,시간손절,5,-0.347
483650,달바글로벌,2026-05-20,215500.0,223947.0,204585.71,8.645,6.25,0.72,13.97,False,False,True,손절,5,-1.035
005090,SGC에너지,2026-05-20,47850.0,49047.9,45153.57,7.94,1.61,0.58,8.68,True,False,True,추적청산,4,0.584
082640,동양생명,2026-05-20,7570.0,7715.4,7278.0,5.669,5.26,0.55,2.32,True,False,True,손절,5,-1.053
067160,SOOP,2026-05-20,50300.0,51502.8,49433.39,4.018,12.12,1.0,4.73,True,False,False,미돌파,0,0.0
089970,브이엠,2026-05-20,52300.0,54108.0,49264.46,8.952,2.5,0.77,9.98,False,False,True,추적청산,5,1.343
001120,LX인터내셔널,2026-05-21,44000.0,44939.7,42639.46,5.118,13.51,0.83,5.07,True,False,True,손절,4,-1.059
024110,기업은행,2026-05-21,20400.0,20741.4,20098.21,3.101,0.0,0.95,4.23,False,False,True,손절,4,-1.097
298020,효성티앤씨,2026-05-21,395000.0,400800.0,381262.5,4.875,10.34,0.82,15.05,False,False,True,추적청산,3,0.508
285130,SK케미칼,2026-05-21,44050.0,45591.0,43346.07,4.924,5.71,0.97,14.47,False,False,True,손절,4,-1.061
420770,기가비스,2026-05-21,125600.0,128256.0,113907.14,11.188,1.61,1.18,0.32,False,False,False,미돌파,0,0.0
082740,한화엔진,2026-05-21,72600.0,76051.8,70995.71,6.648,7.5,0.55,6.2,False,False,True,손절,1,-1.045
095610,테스,2026-05-21,120100.0,135871.2,115447.5,15.032,9.84,1.63,3.07,False,False,False,미돌파,0,0.0
294870,IPARK현대산업개발,2026-05-21,21100.0,21392.7,20505.89,4.145,7.14,0.35,10.02,False,False,True,추적청산,3,0.428
026960,동서,2026-05-21,25550.0,25951.8,25067.14,3.409,14.29,1.22,1.35,False,False,True,손절,2,-1.088
383220,F&F,2026-05-21,77400.0,80059.8,74081.96,7.467,4.0,0.84,7.42,True,False,False,미돌파,0,0.0
352820,하이브,2026-05-21,231000.0,236973.0,226033.93,4.616,5.88,0.7,6.48,False,False,True,손절,4,-1.065
001680,대상,2026-05-21,19510.0,19749.42,19228.79,2.636,15.0,1.05,7.54,False,False,True,손절,3,-1.114
111770,영원무역,2026-05-21,84700.0,86773.2,82506.07,4.918,3.03,1.1,-5.48,True,False,True,손절,2,-1.061
042660,한화오션,2026-05-21,113600.0,114929.4,109968.93,4.316,0.0,0.63,5.65,False,False,True,추적청산,4,1.274
036570,NC,2026-05-21,263000.0,275550.0,255142.86,7.406,0.0,1.17,5.73,False,False,True,추적청산,8,0.765
131970,두산테스나,2026-05-21,170500.0,181863.0,165223.57,9.149,0.0,0.87,10.31,False,False,False,미돌파,0,0.0
166090,하나머티리얼즈,2026-05-21,72500.0,75049.8,70613.93,5.911,11.76,0.63,8.34,False,False,True,추적청산,3,0.449
000250,삼천당제약,2026-05-21,355000.0,374748.0,346285.71,7.595,4.35,0.53,12.35,False,False,True,손절,3,-1.039
099190,아이센스,2026-05-21,18000.0,18697.32,17650.0,5.601,2.33,0.58,2.07,False,False,True,추적청산,3,0.446
003030,세아제강지주,2026-05-21,170900.0,172344.0,163179.29,5.318,8.82,0.58,9.14,True,True,True,추적청산,3,0.444
214430,아이쓰리시스템,2026-05-21,82900.0,84168.0,78939.29,6.212,2.5,1.07,5.69,False,False,True,추적청산,2,0.452
017670,SK텔레콤,2026-05-21,102800.0,103606.8,98935.0,4.509,8.11,1.01,-0.1,True,False,True,추적청산,2,0.304
316140,우리금융지주,2026-05-21,30400.0,31212.3,29926.43,4.12,0.0,0.81,4.4,True,False,True,손절,4,-1.073
028050,삼성E&A,2026-05-21,51300.0,52003.8,48606.79,6.532,3.85,0.6,6.22,False,False,True,추적청산,3,0.454
032820,우리기술,2026-05-21,16700.0,17254.44,16212.04,6.041,0.0,0.51,8.24,False,False,True,손절,3,-1.05
009410,태영건설,2026-05-21,1731.0,1780.55,1696.59,4.716,11.94,0.61,5.67,False,False,True,손절,3,-1.064
028670,팬오션,2026-05-21,5840.0,6062.1,5683.64,6.243,6.45,0.63,4.58,True,False,False,미돌파,0,0.0
035720,카카오,2026-05-22,41850.0,42685.2,41124.82,3.656,13.04,0.69,4.89,False,False,False,미돌파,0,0.0
003090,대웅,2026-05-22,20700.0,21267.45,20417.14,3.998,0.0,0.74,1.9,False,False,True,손절,1,-1.075
383220,F&F,2026-05-22,78000.0,78957.6,74565.89,5.562,5.88,0.52,7.36,True,False,True,손절,1,-1.054
131970,두산테스나,2026-05-22,171600.0,176051.4,162198.93,7.868,4.76,0.98,3.49,False,False,True,손절,3,-1.182
300720,한일시멘트,2026-05-22,15250.0,15370.68,14870.61,3.253,7.69,0.86,6.56,True,False,True,손절,2,-1.092
030000,제일기획,2026-05-22,19030.0,19238.4,18747.25,2.553,0.0,0.68,2.86,False,False,False,미돌파,0,0.0
111770,영원무역,2026-05-22,86100.0,89178.0,84501.79,5.244,0.0,0.8,3.91,False,False,False,미돌파,0,0.0
071320,지역난방공사,2026-05-22,73100.0,74148.0,71585.36,3.456,0.0,0.62,4.69,True,False,False,미돌파,0,0.0
017800,현대엘리베이터,2026-05-22,84300.0,85570.8,80858.21,5.507,5.13,1.34,6.44,False,False,True,손절,3,-1.054
052400,코나아이,2026-05-22,59900.0,61422.6,55113.93,10.271,11.32,1.04,14.43,False,False,True,손절,3,-1.029
241710,코스메카코리아,2026-05-22,75300.0,77855.4,73269.64,5.89,8.33,1.07,11.72,False,False,False,미돌파,0,0.0
029780,삼성카드,2026-05-22,48200.0,48597.0,47398.75,2.466,5.88,0.63,5.12,True,False,False,미돌파,0,0.0
002960,한국쉘석유,2026-05-22,520000.0,541080.0,509948.21,5.754,12.0,0.22,10.34,False,False,False,미돌파,0,0.0
020150,롯데에너지머티리얼즈,2026-05-22,60100.0,61021.8,56013.57,8.207,10.53,0.45,1.8,False,False,True,손절,3,-1.037
005300,롯데칠성,2026-05-22,113700.0,115530.6,111704.29,3.312,3.33,1.65,3.89,True,False,False,미돌파,0,0.0
023530,롯데쇼핑,2026-05-22,163400.0,165630.6,152735.36,7.786,14.81,0.75,3.77,False,True,True,손절,2,-1.039
100090,SK오션플랜트,2026-05-22,18860.0,19218.36,18291.39,4.823,14.08,0.5,2.33,False,False,True,손절,2,-1.062
003160,디아이,2026-05-26,33250.0,34869.6,32461.61,6.906,10.26,1.23,-14.07,True,False,False,미돌파,0,0.0
058470,리노공업,2026-05-26,110800.0,115029.6,107508.21,6.539,4.84,0.97,-9.7,True,False,False,미돌파,0,0.0
218410,RFHIC,2026-05-26,103200.0,104709.0,97458.21,6.925,1.82,0.66,-6.61,True,False,True,손절,1,-1.043
347850,디앤디파마텍,2026-05-26,76000.0,78156.0,71369.64,8.683,12.07,1.93,-22.38,True,False,True,손절,1,-1.035
267250,HD현대,2026-05-26,289500.0,295590.0,282171.43,4.54,15.0,0.75,-7.62,True,False,True,손절,1,-1.066
010120,LS ELECTRIC,2026-05-26,285000.0,291582.0,270244.64,7.318,11.76,0.65,-12.43,True,False,False,미돌파,0,0.0
079550,LIG디펜스앤에어로스페이스,2026-05-26,913000.0,925848.0,878014.29,5.166,13.89,0.57,-8.82,True,False,False,미돌파,0,0.0
466100,클로봇,2026-05-26,41534.0,43372.57,40146.22,7.439,0.0,0.51,0.23,False,False,False,미돌파,0,0.0
007340,DN오토모티브,2026-05-26,46800.0,48897.6,45161.79,7.64,3.28,0.49,3.9,False,False,False,미돌파,0,0.0
017670,SK텔레콤,2026-05-26,102100.0,104007.6,98713.93,5.09,7.14,1.0,-1.59,True,False,False,미돌파,0,0.0
161580,필옵틱스,2026-05-26,52200.0,54809.4,50524.11,7.819,9.09,0.59,-4.61,True,False,False,미돌파,0,0.0
004020,현대제철,2026-05-26,42100.0,44088.0,40481.43,8.18,3.33,0.68,3.11,False,False,False,미돌파,0,0.0
219130,타이거일렉,2026-05-27,63000.0,64027.8,56765.71,11.342,6.45,0.52,-6.78,True,True,False,미돌파,0,0.0
267250,HD현대,2026-05-27,285500.0,302604.0,279139.29,7.754,0.0,1.02,-7.74,True,False,False,미돌파,0,0.0
059090,미코,2026-05-27,23250.0,25300.5,21946.32,13.257,1.69,1.59,-15.1,True,False,False,미돌파,0,0.0
319400,현대무벡스,2026-05-27,36900.0,38526.9,34890.71,9.438,14.04,0.39,-11.99,True,False,True,추적청산,4,0.468
034230,파라다이스,2026-05-27,14050.0,14438.82,13786.0,4.521,13.73,0.96,2.77,True,False,False,미돌파,0,0.0
263750,펄어비스,2026-05-27,44300.0,45591.0,43108.04,5.446,5.13,0.81,5.74,True,False,False,미돌파,0,0.0
499790,GS피앤엘,2026-05-27,43450.0,44789.4,41639.46,7.033,2.08,0.49,9.67,True,False,True,손절,2,-1.043
111770,영원무역,2026-05-27,81500.0,84067.8,79181.43,5.812,12.82,0.74,5.56,False,False,False,미돌파,0,0.0
214320,이노션,2026-05-28,20300.0,20490.9,19332.91,5.651,5.26,0.58,1.22,False,True,True,시간손절,5,-0.494
004490,세방전지,2026-05-28,56100.0,57114.0,53930.36,5.574,11.11,1.06,0.18,True,False,False,미돌파,0,0.0
034220,LG디스플레이,2026-05-28,14420.0,16182.3,13518.25,16.463,5.0,2.02,-14.81,True,False,True,시간손절,5,-0.383
225570,넥슨게임즈,2026-05-28,10750.0,10931.82,10432.18,4.571,12.2,0.9,1.83,True,False,False,미돌파,0,0.0
004000,롯데정밀화학,2026-05-28,52600.0,53306.4,50357.5,5.532,8.33,0.71,-2.33,True,False,False,미돌파,0,0.0
259960,크래프톤,2026-05-28,255500.0,261772.5,243591.96,6.945,3.28,0.79,3.77,True,False,False,미돌파,0,0.0
383310,에코프로에이치엔,2026-05-28,32300.0,34017.9,30202.32,11.216,10.29,1.86,-25.68,True,False,False,미돌파,0,0.0
007310,오뚜기,2026-05-28,339000.0,340179.0,328983.93,3.291,5.56,1.02,1.17,True,True,True,손절,3,-1.091
375500,DL이앤씨,2026-05-28,76500.0,78356.4,71833.21,8.325,14.55,0.61,-2.82,True,False,True,손절,2,-1.036
088980,맥쿼리인프라,2026-05-28,11020.0,11092.14,10954.04,1.245,10.0,1.02,0.09,True,False,True,손절,1,-1.241
005440,현대지에프홀딩스,2026-05-28,13290.0,13707.36,12772.18,6.822,5.13,0.68,2.28,True,False,True,손절,2,-1.044
051910,LG화학,2026-05-28,344500.0,349197.0,325822.32,6.694,7.89,1.15,-3.77,True,False,True,추적청산,4,0.504
138930,BNK금융지주,2026-05-28,17110.0,17404.74,16571.64,4.787,5.71,0.85,-2.46,True,False,False,미돌파,0,0.0
014680,한솔케미칼,2026-05-28,281000.0,285570.0,263773.21,7.633,0.0,0.64,-1.63,True,False,False,미돌파,0,0.0
017960,한국카본,2026-05-28,34550.0,35571.0,30970.89,12.932,12.2,1.83,2.4,True,True,False,미돌파,0,0.0
161000,애경케미칼,2026-05-28,13560.0,13917.78,12560.36,9.753,3.42,0.65,6.55,True,False,False,미돌파,0,0.0
178920,PI첨단소재,2026-05-28,25350.0,26052.0,23971.96,7.984,11.43,0.44,-1.81,True,False,False,미돌파,0,0.0
082640,동양생명,2026-05-28,7490.0,7615.2,7200.18,5.45,2.86,0.42,1.06,True,False,False,미돌파,0,0.0
361610,SK아이이테크놀로지,2026-05-28,19750.0,20340.6,18567.54,8.717,0.0,1.35,-2.92,True,False,False,미돌파,0,0.0
030610,교보증권,2026-05-28,11540.0,12174.3,11104.11,8.791,14.13,0.5,2.2,True,False,False,미돌파,0,0.0
111770,영원무역,2026-05-28,81800.0,82364.4,78185.71,5.073,12.5,0.86,3.2,False,True,False,미돌파,0,0.0
131290,티에스이,2026-05-28,205000.0,208917.0,175578.21,15.958,1.7,1.51,13.5,False,True,False,미돌파,0,0.0
460860,동국제강,2026-05-28,11440.0,11663.28,10876.25,6.748,9.38,0.27,-1.15,True,False,False,미돌파,0,0.0
035720,카카오,2026-05-28,40100.0,41382.6,38171.07,7.761,7.14,1.21,0.12,True,False,True,추적청산,3,0.461
251270,넷마블,2026-05-28,41550.0,43086.0,39883.39,7.433,3.57,1.1,0.95,True,False,False,미돌파,0,0.0
271560,오리온,2026-05-28,134200.0,135570.6,129396.96,4.554,13.73,1.42,0.3,True,False,False,미돌파,0,0.0
020560,아시아나항공,2026-05-28,7440.0,7555.08,7144.82,5.43,11.76,0.73,-6.59,True,False,False,미돌파,0,0.0
035900,JYP Ent.,2026-05-28,57800.0,58617.0,55810.0,4.789,4.35,0.82,2.86,True,False,False,미돌파,0,0.0
001270,부국증권,2026-05-28,61300.0,62625.0,58945.0,5.876,3.33,0.74,1.13,True,False,False,미돌파,0,0.0
161390,한국타이어앤테크놀로지,2026-05-28,63000.0,63827.4,60173.39,5.725,3.33,1.02,-6.24,True,False,True,추적청산,6,0.485
122870,와이지엔터테인먼트,2026-05-28,45750.0,46542.9,44292.5,4.835,5.41,0.96,2.35,True,False,False,미돌파,0,0.0
032190,다우데이타,2026-05-28,20650.0,21042.0,19859.07,5.622,10.53,0.94,-1.23,True,False,True,손절,1,-1.053
489790,한화비전,2026-05-28,67300.0,68937.6,63822.86,7.419,15.0,0.62,-2.28,True,False,False,미돌파,0,0.0
006730,서부T&D,2026-05-28,10910.0,11292.54,10339.25,8.442,2.47,0.91,6.91,True,False,False,미돌파,0,0.0
003690,코리안리,2026-05-28,13660.0,13777.5,13199.75,4.193,13.64,0.85,1.8,False,False,False,미돌파,0,0.0
096770,SK이노베이션,2026-05-28,117000.0,119037.6,110993.21,6.758,10.45,0.68,-1.3,True,False,True,시간손절,5,-0.559
025540,한국단자,2026-05-28,79900.0,80661.0,75857.14,5.956,5.0,0.81,-0.76,True,True,False,미돌파,0,0.0
079160,CJ CGV,2026-05-28,4560.0,4619.22,4470.91,3.211,9.09,0.85,3.39,True,False,True,손절,2,-1.093
012630,HDC,2026-05-28,22000.0,22444.8,21405.27,4.632,12.5,0.79,0.23,True,False,False,미돌파,0,0.0
071320,지역난방공사,2026-05-28,70500.0,70941.6,68374.64,3.618,10.0,0.8,1.95,True,True,True,손절,3,-1.083
034230,파라다이스,2026-05-29,14100.0,14288.52,13439.11,5.945,2.82,0.75,1.05,True,False,False,미돌파,0,0.0
010950,S-Oil,2026-05-29,107400.0,108917.4,101143.21,7.138,4.55,1.6,-0.09,True,False,False,미돌파,0,0.0
047810,한국항공우주,2026-05-29,168300.0,175550.4,164099.64,6.523,5.15,1.37,-2.31,True,False,False,미돌파,0,0.0
009240,한샘,2026-05-29,30800.0,30861.6,29218.21,5.325,0.0,0.67,3.14,True,True,True,손절,5,-1.189
222800,심텍,2026-05-29,118100.0,120139.8,109607.86,8.766,9.52,0.98,5.9,True,True,False,미돌파,0,0.0
458870,씨어스,2026-05-29,31750.0,32064.0,28529.46,11.023,12.07,1.1,7.43,True,True,True,손절,5,-1.333
030000,제일기획,2026-05-29,18460.0,18657.24,18084.36,3.071,13.04,1.12,2.17,True,False,True,손절,5,-1.245
241710,코스메카코리아,2026-05-29,71400.0,72244.2,66237.5,8.314,8.0,1.05,1.92,True,True,True,손절,5,-1.036
137310,에스디바이오센서,2026-05-29,7780.0,7915.8,7444.43,5.955,7.69,1.38,2.26,True,False,False,미돌파,0,0.0
079160,CJ CGV,2026-05-29,4560.0,4654.29,4462.25,4.126,0.0,0.78,3.8,True,False,False,미돌파,0,0.0
004370,농심,2026-05-29,385000.0,390279.0,373541.07,4.289,7.41,0.91,2.16,False,False,False,미돌파,0,0.0
263750,펄어비스,2026-05-29,43650.0,44238.3,41872.5,5.348,8.11,0.73,3.96,True,False,True,손절,2,-1.056
002350,넥센타이어,2026-05-29,6570.0,6653.28,6319.18,5.022,7.14,0.89,0.45,False,False,True,시간손절,5,-0.129
192400,쿠쿠홀딩스,2026-05-29,24900.0,24949.8,24057.5,3.576,14.29,0.8,4.96,True,True,True,손절,5,-1.084
065350,신성델타테크,2026-05-29,44400.0,46292.4,43036.25,7.034,3.77,1.22,2.52,True,False,False,미돌파,0,0.0
085620,미래에셋생명,2026-05-29,14700.0,15030.0,13040.68,13.236,2.78,0.67,-0.96,True,False,True,추적청산,8,1.84
038500,삼표시멘트,2026-05-29,12360.0,12525.0,11686.25,6.697,4.76,0.39,3.29,True,False,False,미돌파,0,0.0
278470,에이피알,2026-05-29,395500.0,399798.0,374832.14,6.245,5.0,1.58,1.0,True,True,True,추적청산,2,0.452
476060,온코닉테라퓨틱스,2026-05-29,19050.0,19488.9,17972.0,7.783,12.3,0.75,8.19,True,False,False,미돌파,0,0.0
003380,하림지주,2026-05-29,11280.0,11492.94,10829.32,5.774,3.77,0.82,6.47,True,False,False,미돌파,0,0.0
033780,KT&G,2026-05-29,184700.0,186372.0,178965.0,3.974,11.67,1.78,-2.04,True,False,True,손절,3,-1.075
047040,대우건설,2026-05-29,26200.0,27304.5,24387.41,10.684,12.5,1.14,7.58,True,False,False,미돌파,0,0.0
253450,스튜디오드래곤,2026-05-29,26450.0,27204.3,24342.86,10.518,3.92,1.27,2.22,True,False,False,미돌파,0,0.0
298040,효성중공업,2026-05-29,3685000.0,3747480.0,3522625.0,6.0,8.0,1.34,6.21,False,False,True,손절,2,-1.05
008770,호텔신라,2026-05-29,55100.0,55911.6,52479.29,6.139,10.71,0.81,4.01,True,True,False,미돌파,0,0.0
376300,디어유,2026-05-29,24650.0,25651.2,23662.14,7.754,14.71,0.7,5.56,True,False,False,미돌파,0,0.0
475150,SK이터닉스,2026-05-29,40100.0,46743.3,36972.68,20.903,1.1,1.99,5.09,True,False,False,미돌파,0,0.0
035900,JYP Ent.,2026-05-29,57700.0,58015.8,55497.14,4.341,10.0,0.86,5.25,True,True,False,미돌파,0,0.0
028670,팬오션,2026-05-29,5490.0,5581.14,5226.54,6.354,6.9,0.67,5.99,True,False,False,미돌파,0,0.0
009410,태영건설,2026-05-29,1705.0,1740.47,1658.21,4.727,3.03,0.6,1.5,True,False,False,미돌파,0,0.0
003620,KG모빌리티,2026-05-29,3405.0,3501.99,3218.07,8.107,4.08,1.33,6.07,True,False,False,미돌파,0,0.0
012630,HDC,2026-05-29,22100.0,22444.8,20850.98,7.101,7.41,0.99,3.07,True,False,False,미돌파,0,0.0
018290,브이티,2026-05-29,13310.0,13667.28,12785.75,6.45,9.72,0.6,5.13,True,False,False,미돌파,0,0.0
007070,GS리테일,2026-05-29,25550.0,25901.7,24085.89,7.01,6.67,0.58,6.75,False,True,False,미돌파,0,0.0
000670,영풍,2026-05-29,51700.0,52404.6,49831.07,4.911,5.26,0.86,4.26,False,False,True,손절,2,-1.061
005490,POSCO홀딩스,2026-05-29,423500.0,424848.0,403283.93,5.076,3.03,1.2,4.51,True,True,True,손절,2,-1.059
131970,두산테스나,2026-05-29,157300.0,159518.4,137582.86,13.751,4.92,1.25,7.74,False,True,True,손절,4,-1.022
259960,크래프톤,2026-05-29,257500.0,261522.0,247081.25,5.522,0.0,1.88,0.19,True,False,True,손절,2,-1.054
000640,동아쏘시오홀딩스,2026-05-29,90300.0,90981.6,87749.46,3.553,3.85,1.11,-0.33,True,False,False,미돌파,0,0.0
004000,롯데정밀화학,2026-05-29,52700.0,53306.4,50868.21,4.574,5.26,0.6,0.19,True,False,False,미돌파,0,0.0
399720,가온칩스,2026-05-29,58500.0,59719.2,53738.57,10.015,14.0,0.82,6.55,False,False,True,손절,2,-1.03
105560,KB금융,2026-05-29,150600.0,153807.0,147305.36,4.227,9.43,1.48,3.34,False,False,True,추적청산,5,0.49
003380,하림지주,2026-06-01,11080.0,11292.54,10599.64,6.136,3.57,0.63,8.96,True,False,False,미돌파,0,0.0
068270,셀트리온,2026-06-01,182722.0,185760.78,179067.04,3.603,5.56,1.12,3.52,False,False,False,미돌파,0,0.0
005810,풍산홀딩스,2026-06-01,38850.0,39478.8,37349.29,5.394,11.11,0.74,5.7,True,False,False,미돌파,0,0.0
323410,카카오뱅크,2026-06-01,22150.0,22695.3,21398.93,5.712,13.64,0.88,2.85,False,False,False,미돌파,0,0.0
122870,와이지엔터테인먼트,2026-06-01,44450.0,45440.7,42982.32,5.41,2.44,1.18,7.78,True,False,False,미돌파,0,0.0
005850,에스엘,2026-06-01,74200.0,76252.2,69285.36,9.137,10.34,0.63,2.11,False,False,False,미돌파,0,0.0
489790,한화비전,2026-06-01,70800.0,75550.8,66307.86,12.234,1.23,1.29,1.12,False,False,False,미돌파,0,0.0
035250,강원랜드,2026-06-01,14990.0,15210.36,14751.86,3.014,11.11,0.93,4.28,True,False,False,미돌파,0,0.0
252990,샘씨엔에스,2026-06-01,12670.0,13156.26,12002.86,8.767,9.68,0.95,15.19,False,False,False,미돌파,0,0.0
046890,서울반도체,2026-06-01,13800.0,14228.4,12965.5,8.876,6.06,0.46,8.49,False,False,True,추적청산,2,0.344
033500,동성화인텍,2026-06-01,20200.0,21092.1,19471.79,7.682,14.81,0.87,11.6,True,False,False,미돌파,0,0.0
071970,HD현대마린엔진,2026-06-01,69800.0,72544.8,68128.93,6.087,5.88,0.61,13.72,True,False,False,미돌파,0,0.0
030530,원익홀딩스,2026-06-01,27750.0,29308.5,26789.91,8.593,7.32,0.83,1.07,False,False,False,미돌파,0,0.0
011170,롯데케미칼,2026-06-01,78400.0,79759.2,75623.57,5.185,3.23,0.52,5.43,True,False,True,손절,4,-1.571
103140,풍산,2026-06-01,77500.0,80961.6,74471.07,8.017,8.77,1.33,11.93,True,False,False,미돌파,0,0.0
009240,한샘,2026-06-01,31100.0,31763.4,29465.54,7.234,12.82,0.63,5.47,True,False,False,미돌파,0,0.0
032500,케이엠더블유,2026-06-01,32700.0,34669.2,30798.93,11.163,9.38,0.77,10.16,False,False,True,추적청산,3,0.473
282330,BGF리테일,2026-06-01,124500.0,125851.2,119497.14,5.049,9.8,0.66,4.52,True,True,True,추적청산,4,0.515
062040,산일전기,2026-06-01,247500.0,267033.0,237600.0,11.022,6.0,0.77,12.39,False,False,False,미돌파,0,0.0
089030,테크윙,2026-06-01,49200.0,52003.8,46387.68,10.799,13.68,0.93,8.38,True,False,False,미돌파,0,0.0
112610,씨에스윈드,2026-06-01,46750.0,48496.8,45061.43,7.084,1.75,0.68,11.29,True,False,False,미돌파,0,0.0
067310,하나마이크론,2026-06-01,40200.0,43286.4,37675.0,12.963,8.51,0.48,22.24,True,False,False,미돌파,0,0.0
068760,셀트리온제약,2026-06-01,47300.0,48396.6,46063.75,4.82,8.11,1.03,7.62,True,False,False,미돌파,0,0.0
099320,쎄트렉아이,2026-06-01,130900.0,136372.2,118841.79,12.855,6.04,1.05,15.17,True,False,False,미돌파,0,0.0
119850,지엔씨에너지,2026-06-01,21950.0,23346.6,21195.54,9.214,14.71,0.81,21.04,True,False,False,미돌파,0,0.0
100090,SK오션플랜트,2026-06-01,16820.0,17404.74,16104.71,7.469,7.34,0.67,10.82,True,False,False,미돌파,0,0.0
140860,파크시스템스,2026-06-01,278000.0,286572.0,266130.36,7.133,12.12,1.47,4.3,False,False,False,미돌파,0,0.0
021240,코웨이,2026-06-01,90000.0,91382.4,87351.07,4.411,0.0,0.59,4.46,False,False,True,추적청산,4,0.335
214150,클래시스,2026-06-01,44450.0,46242.3,43185.71,6.61,10.2,1.35,13.86,True,False,False,미돌파,0,0.0
120110,코오롱인더,2026-06-01,70700.0,76051.8,68117.14,10.433,5.8,0.93,9.01,True,False,False,미돌파,0,0.0
023590,다우기술,2026-06-01,39300.0,40280.4,38010.71,5.635,14.29,1.14,10.48,True,False,False,미돌파,0,0.0
383310,에코프로에이치엔,2026-06-01,31550.0,32464.8,29892.14,7.924,6.98,1.15,-6.05,True,False,True,손절,1,-1.038
093050,LF,2026-06-01,22550.0,22745.4,21283.04,6.429,0.0,1.08,5.45,True,True,True,손절,2,-1.047
003470,유안타증권,2026-06-01,5110.0,5350.68,4924.32,7.968,2.86,0.26,10.82,True,False,False,미돌파,0,0.0
009830,한화솔루션,2026-06-01,38295.0,40215.27,36525.79,9.174,13.86,0.66,4.92,True,False,False,미돌파,0,0.0
281740,레이크머티리얼즈,2026-06-01,18190.0,18787.5,17360.43,7.596,9.57,0.92,11.05,True,False,False,미돌파,0,0.0
180640,한진칼,2026-06-01,111200.0,120139.8,105456.43,12.222,9.16,0.69,5.52,False,False,False,미돌파,0,0.0
009520,포스코엠텍,2026-06-01,16370.0,16963.86,15838.36,6.635,7.61,1.09,8.5,True,False,False,미돌파,0,0.0
080220,제주반도체,2026-06-01,98500.0,104208.0,89790.0,13.836,4.2,0.67,17.02,False,False,False,미돌파,0,0.0
377300,카카오페이,2026-06-01,47400.0,49749.3,45526.96,8.487,2.86,0.83,5.2,False,False,False,미돌파,0,0.0
041510,에스엠,2026-06-01,79700.0,81763.2,76195.36,6.81,0.0,0.93,9.64,True,False,False,미돌파,0,0.0
094170,동운아나텍,2026-06-01,38950.0,40981.8,37126.25,9.408,4.69,0.84,11.78,True,False,True,손절,1,-1.032
000670,영풍,2026-06-01,52000.0,53005.8,49328.93,6.937,6.67,0.74,6.14,True,False,False,미돌파,0,0.0
145020,휴젤,2026-06-01,248500.0,254508.0,236578.57,7.045,0.0,0.78,7.1,True,False,False,미돌파,0,0.0
083450,GST,2026-06-01,51900.0,54508.8,49336.43,9.489,4.76,0.78,12.03,False,False,False,미돌파,0,0.0
023160,태광,2026-06-01,30500.0,32514.9,29310.18,9.856,7.41,1.17,21.09,True,False,False,미돌파,0,0.0
056190,SFA,2026-06-01,26800.0,27003.9,25417.32,5.875,12.5,0.77,18.17,True,True,False,미돌파,0,0.0
122640,예스티,2026-06-01,26400.0,26553.0,23643.04,10.959,10.42,1.22,12.29,True,True,False,미돌파,0,0.0
081660,미스토홀딩스,2026-06-01,37400.0,37625.1,36005.89,4.304,4.0,0.98,3.86,True,True,True,추적청산,4,0.747
032190,다우데이타,2026-06-01,20050.0,21142.2,19612.64,7.235,11.63,0.77,8.03,True,False,False,미돌파,0,0.0
375500,DL이앤씨,2026-06-01,72000.0,74148.0,70134.29,5.413,3.33,0.77,12.41,True,False,False,미돌파,0,0.0
196170,알테오젠,2026-06-01,281619.0,294903.63,270227.51,8.368,1.89,1.08,-0.41,True,False,False,미돌파,0,0.0
001060,JW중외제약,2026-06-01,27050.0,27955.8,26407.86,5.537,12.0,1.25,9.68,True,False,False,미돌파,0,0.0
030610,교보증권,2026-06-01,11180.0,11608.17,10971.34,5.486,12.12,0.53,12.66,True,False,False,미돌파,0,0.0
006650,대한유화,2026-06-01,125500.0,129558.6,122108.57,5.75,0.0,0.83,6.62,True,False,False,미돌파,0,0.0
017940,E1,2026-06-01,85000.0,87374.4,83167.86,4.814,14.71,0.89,8.99,True,False,False,미돌파,0,0.0
214450,파마리서치,2026-06-01,298000.0,303606.0,286951.79,5.485,11.54,0.66,2.3,False,False,False,미돌파,0,0.0
322000,HD현대에너지솔루션,2026-06-01,174700.0,184368.0,163823.93,11.143,3.64,0.51,13.94,True,False,False,미돌파,0,0.0
376300,디어유,2026-06-01,24400.0,25400.7,23761.61,6.453,11.11,0.82,10.13,True,False,False,미돌파,0,0.0
030000,제일기획,2026-06-01,18530.0,18777.48,18182.32,3.17,10.42,0.89,2.63,False,False,False,미돌파,0,0.0
006800,미래에셋증권,2026-06-01,60900.0,64428.6,58573.93,9.087,14.29,0.75,9.78,True,False,False,미돌파,0,0.0
211050,인카금융서비스,2026-06-01,9400.0,9609.18,8923.11,7.14,8.62,1.52,10.13,True,False,True,손절,4,-2.242
052400,코나아이,2026-06-01,54700.0,56112.0,52321.07,6.756,13.79,0.35,8.68,True,False,False,미돌파,0,0.0
323280,태성,2026-06-01,55800.0,61021.8,53714.29,11.975,1.61,1.09,18.18,True,False,False,미돌파,0,0.0
079550,LIG디펜스앤에어로스페이스,2026-06-01,776000.0,819636.0,752128.57,8.236,7.02,0.97,16.11,True,False,False,미돌파,0,0.0
000240,한국앤컴퍼니,2026-06-01,24200.0,24849.6,23594.02,5.053,10.0,0.72,1.43,False,False,True,추적청산,3,0.441
336260,두산퓨얼셀,2026-06-01,89600.0,94488.6,84861.79,10.188,7.69,0.56,8.76,True,False,False,미돌파,0,0.0
001720,신영증권,2026-06-01,170200.0,175249.8,164694.64,6.023,4.76,0.74,8.05,True,False,True,추적청산,4,0.367
241710,코스메카코리아,2026-06-01,71700.0,75851.4,69891.07,7.858,2.0,1.0,4.78,False,False,False,미돌파,0,0.0
007310,오뚜기,2026-06-01,332500.0,336672.0,328505.36,2.426,0.0,1.13,5.0,True,False,False,미돌파,0,0.0
082270,젬백스,2026-06-01,14560.0,15140.22,13999.75,7.533,13.64,0.99,13.8,True,False,False,미돌파,0,0.0
051600,한전KPS,2026-06-01,51100.0,52204.2,49437.86,5.299,13.04,0.83,6.41,True,False,False,미돌파,0,0.0
298020,효성티앤씨,2026-06-01,369000.0,391782.0,347737.5,11.242,14.29,0.91,12.77,True,False,True,손절,3,-1.027
036830,솔브레인홀딩스,2026-06-01,48150.0,50100.0,46904.64,6.378,14.58,0.82,13.24,True,False,False,미돌파,0,0.0
001530,DI동일,2026-06-01,24400.0,25250.4,22689.02,10.144,13.64,0.63,14.08,True,False,False,미돌파,0,0.0
251970,펌텍코리아,2026-06-01,35600.0,37374.6,34836.61,6.791,4.65,0.97,9.3,True,False,False,미돌파,0,0.0
218410,RFHIC,2026-06-01,87600.0,90681.0,81180.71,10.477,8.97,1.0,15.77,True,False,False,미돌파,0,0.0
051900,LG생활건강,2026-06-01,248500.0,259518.0,244584.82,5.754,8.0,1.96,5.33,False,False,False,미돌파,0,0.0
484870,엠앤씨솔루션,2026-06-01,24300.0,26352.6,23030.72,12.606,5.72,1.64,16.4,True,False,False,미돌파,0,0.0
017960,한국카본,2026-06-01,32150.0,34218.3,30568.21,10.667,12.7,0.98,12.64,True,False,False,미돌파,0,0.0
457190,이수스페셜티케미컬,2026-06-01,93600.0,95691.0,90036.43,5.909,2.33,0.72,8.68,True,False,True,손절,1,-1.051
086900,메디톡스,2026-06-01,94900.0,96091.8,91830.71,4.434,9.09,1.15,7.32,True,False,False,미돌파,0,0.0
077970,STX엔진,2026-06-01,39050.0,41382.6,37628.66,9.071,0.0,0.88,21.66,True,False,False,미돌파,0,0.0
004020,현대제철,2026-06-01,39100.0,40230.3,37449.29,6.913,6.98,0.73,5.9,False,False,False,미돌파,0,0.0
073240,금호타이어,2026-06-01,4705.0,4749.48,4551.75,4.163,10.0,0.74,5.43,True,True,True,손절,3,-1.072
114090,GKL,2026-06-01,10640.0,10811.58,10416.86,3.651,3.45,0.55,9.29,False,False,True,추적청산,9,1.86
005440,현대지에프홀딩스,2026-06-02,12650.0,12895.74,12246.14,5.037,10.0,0.81,9.12,True,False,True,손절,3,-2.193
131970,두산테스나,2026-06-02,149400.0,153907.2,138558.93,9.972,6.61,0.75,16.4,False,False,True,손절,2,-1.093
093050,LF,2026-06-02,22100.0,22845.6,21080.89,7.724,13.33,1.07,2.86,True,False,False,미돌파,0,0.0
126340,비나텍,2026-06-02,131100.0,137173.8,121420.0,11.485,7.75,0.91,22.88,True,False,False,미돌파,0,0.0
030610,교보증권,2026-06-02,11140.0,11292.54,10084.34,10.699,14.02,0.53,11.16,True,True,True,시간손절,5,-0.461
038500,삼표시멘트,2026-06-02,11830.0,13316.58,11103.5,16.619,5.03,0.93,10.45,True,False,False,미돌파,0,0.0
101160,월덱스,2026-06-02,24600.0,24949.8,23496.79,5.824,13.64,0.75,12.14,True,True,True,추적청산,2,0.448
140860,파크시스템스,2026-06-02,275000.0,285069.0,260967.86,8.454,2.44,0.86,4.01,False,False,True,손절,3,-1.035
141080,리가켐바이오,2026-06-02,147700.0,156211.8,140102.86,10.312,5.3,0.94,5.38,False,False,True,손절,2,-1.029
068760,셀트리온제약,2026-06-02,46200.0,46893.6,43209.46,7.856,6.25,1.35,7.97,True,True,True,손절,3,-1.299
095340,ISC,2026-06-02,211500.0,220440.0,196850.0,10.701,0.0,1.11,11.88,False,False,True,손절,3,-1.704
017960,한국카본,2026-06-02,31200.0,32915.7,30081.61,8.61,10.64,0.62,14.52,True,False,True,손절,3,-1.035
329180,HD현대중공업,2026-06-02,673000.0,703404.0,637317.86,9.395,10.53,1.13,9.66,False,False,False,미돌파,0,0.0
041960,코미팜,2026-06-02,7130.0,7555.08,6869.32,9.077,5.08,0.95,6.18,True,False,False,미돌파,0,0.0
207940,삼성바이오로직스,2026-06-02,1367000.0,1403802.0,1341632.14,4.429,7.84,0.77,4.07,False,False,False,미돌파,0,0.0
036810,에프에스티,2026-06-02,30000.0,30761.4,28510.18,7.318,5.71,0.95,16.67,True,False,True,손절,3,-1.041
082270,젬백스,2026-06-02,13850.0,14318.58,12677.79,11.459,0.0,0.99,18.14,True,False,True,손절,3,-1.348
011170,롯데케미칼,2026-06-02,77400.0,81362.4,75767.14,6.877,8.51,0.47,7.31,True,False,True,손절,3,-1.449
499790,GS피앤엘,2026-06-02,43300.0,43837.5,40940.18,6.609,2.22,0.46,1.59,True,False,True,추적청산,3,0.455
122640,예스티,2026-06-02,25350.0,26152.2,23796.79,9.007,2.7,0.72,21.03,True,False,True,추적청산,2,0.467
005300,롯데칠성,2026-06-02,107400.0,109218.0,105570.71,3.339,3.45,1.03,4.79,True,False,True,손절,2,-1.09
319660,피에스케이,2026-06-02,90600.0,93887.4,83613.93,10.942,9.3,1.32,21.08,True,False,True,추적청산,10,3.734
267250,HD현대,2026-06-02,276500.0,279057.0,254973.21,8.63,7.32,0.95,4.49,False,True,True,손절,3,-1.2
192400,쿠쿠홀딩스,2026-06-02,24750.0,24999.9,24015.0,3.94,6.25,0.84,3.51,True,False,True,손절,3,-1.076
006040,동원산업,2026-06-02,34300.0,34719.3,33575.0,3.296,5.88,0.67,5.9,True,False,True,손절,3,-1.157
105560,KB금융,2026-06-02,156600.0,157213.8,149109.64,5.155,11.59,0.95,0.45,False,True,True,추적청산,3,0.442
252990,샘씨엔에스,2026-06-02,12520.0,13066.08,11361.46,13.046,4.73,1.1,13.89,False,False,True,손절,3,-1.023
009410,태영건설,2026-06-02,1603.0,1636.27,1502.08,8.201,2.54,0.55,9.59,True,False,True,시간손절,5,0.14
003240,태광산업,2026-06-02,930000.0,934866.0,871964.29,6.728,5.66,1.03,8.73,True,True,True,손절,2,-1.045
096770,SK이노베이션,2026-06-02,116300.0,120139.8,113922.14,5.175,10.2,0.87,4.44,False,False,False,미돌파,0,0.0
007340,DN오토모티브,2026-06-02,41300.0,42534.9,39682.14,6.707,13.64,0.97,11.75,True,False,False,미돌파,0,0.0
089030,테크윙,2026-06-02,48900.0,50801.4,46476.25,8.514,11.43,0.67,14.96,True,False,True,추적청산,3,0.43
030190,NICE평가정보,2026-06-02,14180.0,14549.04,13602.82,6.504,2.44,1.2,1.46,False,False,False,미돌파,0,0.0
023160,태광,2026-06-02,29300.0,30160.2,27775.71,7.906,10.53,1.01,22.49,True,False,True,손절,3,-1.552
100790,미래에셋벤처투자,2026-06-02,40450.0,43035.9,36985.54,14.059,12.63,0.87,33.8,True,False,True,손절,3,-1.184
082920,비츠로셀,2026-06-02,52500.0,55310.4,49139.64,11.157,5.77,0.69,9.48,True,False,False,미돌파,0,0.0
010780,아이에스동서,2026-06-02,27200.0,27905.7,25697.14,7.914,11.43,0.66,17.2,False,False,False,미돌파,0,0.0
015750,성우하이텍,2026-06-02,7020.0,7094.16,6707.68,5.448,0.0,0.82,12.58,True,False,True,손절,2,-1.055
002240,고려제강,2026-06-02,18970.0,19448.82,18316.27,5.823,11.58,0.53,11.56,True,False,False,미돌파,0,0.0
034230,파라다이스,2026-06-02,13680.0,13827.6,13192.86,4.59,14.0,0.97,4.8,True,True,True,추적청산,4,1.106
377300,카카오페이,2026-06-02,46600.0,47194.2,44530.54,5.644,5.0,0.41,4.02,False,False,True,손절,2,-1.053
009520,포스코엠텍,2026-06-02,15950.0,16322.58,15435.11,5.437,11.59,0.89,10.14,True,False,True,손절,2,-1.055
044490,태웅,2026-06-02,33150.0,34669.2,31236.61,9.901,8.62,1.13,19.73,True,False,True,손절,3,-1.609
279570,케이뱅크,2026-06-02,5590.0,5671.32,5384.05,5.065,4.17,0.69,1.41,False,False,True,손절,3,-1.073
383220,F&F,2026-06-02,71100.0,72043.8,68449.64,4.989,7.14,0.59,3.27,True,False,True,추적청산,9,1.672
055550,신한지주,2026-06-02,96400.0,96592.8,91236.43,5.545,4.35,0.99,-0.42,True,True,True,추적청산,3,0.446
067160,SOOP,2026-06-02,49750.0,50500.8,47831.43,5.286,9.09,0.96,2.26,True,False,True,손절,3,-1.162
064960,SNT모티브,2026-06-02,29300.0,29659.2,28106.25,5.236,0.0,0.69,9.71,True,False,False,미돌파,0,0.0
001500,현대차증권,2026-06-02,9380.0,9779.52,8960.75,8.372,2.82,0.61,10.33,True,False,False,미돌파,0,0.0
032190,다우데이타,2026-06-02,20050.0,20390.7,19019.71,6.724,8.77,1.14,8.03,True,False,True,손절,3,-1.314
001820,삼화콘덴서,2026-06-02,107700.0,110320.2,94498.21,14.342,5.6,1.1,18.78,False,False,True,시간손절,5,-0.066
048410,현대바이오,2026-06-02,11320.0,11983.92,10410.82,13.127,7.75,0.66,16.95,False,False,False,미돌파,0,0.0
036530,SNT홀딩스,2026-06-02,49550.0,50701.2,48653.93,4.038,3.12,1.08,7.9,True,False,True,손절,2,-1.074
003160,디아이,2026-06-02,25100.0,25701.3,23792.32,7.428,6.9,0.84,24.51,True,False,True,추적청산,2,0.46
352820,하이브,2026-06-02,213500.0,216933.0,204710.71,5.634,0.0,0.88,9.53,True,False,False,미돌파,0,0.0
004490,세방전지,2026-06-02,54300.0,54909.6,52153.93,5.019,4.35,1.2,6.7,True,False,True,손절,3,-1.515
122870,와이지엔터테인먼트,2026-06-02,43300.0,44188.2,42189.29,4.524,9.38,1.22,8.07,True,False,False,미돌파,0,0.0
323410,카카오뱅크,2026-06-02,22000.0,22194.3,21153.21,4.691,5.88,0.72,1.79,False,False,True,추적청산,7,1.183
443060,HD현대마린솔루션,2026-06-02,227000.0,231963.0,213214.29,8.083,0.0,0.73,11.5,False,False,True,손절,3,-1.582
003850,보령,2026-06-02,8610.0,8807.58,8480.43,3.714,8.0,0.81,8.7,True,False,False,미돌파,0,0.0
466100,클로봇,2026-06-02,44896.0,47928.67,42043.04,12.28,7.27,1.75,-8.09,True,False,False,미돌파,0,0.0
093320,케이아이엔엑스,2026-06-02,113100.0,114228.0,108624.64,4.905,2.22,0.79,0.26,False,False,False,미돌파,0,0.0
259960,크래프톤,2026-06-02,252000.0,255009.0,235602.68,7.61,12.12,0.93,3.26,True,False,True,손절,5,-1.039
056080,유진로봇,2026-06-02,20900.0,22745.4,19460.68,14.441,13.94,0.74,12.18,True,False,False,미돌파,0,0.0
272210,한화시스템,2026-06-04,96100.0,100099.8,92932.68,7.16,1.72,0.85,12.32,True,False,False,미돌파,0,0.0
097950,CJ제일제당,2026-06-04,201000.0,202404.0,196070.36,3.129,10.87,0.87,2.66,True,False,True,손절,2,-1.36
047050,포스코인터내셔널,2026-06-04,60200.0,60921.6,58052.5,4.709,4.55,0.85,8.23,True,False,False,미돌파,0,0.0
237690,에스티팜,2026-06-04,123500.0,128155.8,119640.0,6.645,14.93,0.73,11.6,True,False,False,미돌파,0,0.0
032350,롯데관광개발,2026-06-04,18220.0,18727.38,17367.25,7.263,12.39,0.89,3.19,False,False,True,손절,2,-1.041
041510,에스엠,2026-06-04,78700.0,80160.0,74213.57,7.418,8.0,0.81,5.86,True,False,False,미돌파,0,0.0
383220,F&F,2026-06-04,71700.0,74448.6,68133.57,8.482,5.45,0.79,3.63,True,False,True,추적청산,8,0.975
316140,우리금융지주,2026-06-04,30400.0,30961.8,29510.89,4.686,8.33,0.79,0.82,False,False,True,손절,2,-1.064
249420,일동제약,2026-06-04,20200.0,20541.0,19515.5,4.992,6.49,0.47,7.76,True,False,True,손절,1,-1.06
101160,월덱스,2026-06-04,25450.0,26603.1,24644.11,7.364,6.25,0.94,4.32,False,False,False,미돌파,0,0.0
005690,파미셀,2026-06-04,14370.0,14699.34,13861.71,5.698,9.52,0.43,10.47,False,False,False,미돌파,0,0.0
353200,대덕전자,2026-06-04,159000.0,166131.6,150276.43,9.544,11.72,0.83,2.75,False,False,False,미돌파,0,0.0
213420,덕산네오룩스,2026-06-04,35650.0,37023.9,34646.96,6.42,8.33,1.06,16.12,True,False,False,미돌파,0,0.0
476830,알지노믹스,2026-06-04,55000.0,60120.0,52772.5,12.221,0.81,0.77,22.37,True,False,False,미돌파,0,0.0
035900,JYP Ent.,2026-06-04,55400.0,56112.0,53703.57,4.292,10.53,0.58,5.14,True,False,False,미돌파,0,0.0
160190,하이젠알앤엠,2026-06-04,30450.0,31713.3,28521.43,10.065,3.92,0.49,11.48,True,False,False,미돌파,0,0.0
001510,SK증권,2026-06-04,3200.0,3371.73,3077.29,8.733,2.13,0.27,12.33,True,False,True,추적청산,2,-0.166
051600,한전KPS,2026-06-04,50000.0,50801.4,49067.86,3.412,3.85,0.6,4.4,True,False,False,미돌파,0,0.0
046890,서울반도체,2026-06-04,14000.0,14458.86,13370.46,7.528,9.52,0.38,1.34,False,False,False,미돌파,0,0.0
009450,경동나비엔,2026-06-04,68700.0,70240.2,66384.29,5.49,6.67,0.37,4.18,False,False,False,미돌파,0,0.0
108320,LX세미콘,2026-06-04,52300.0,55110.0,51011.07,7.438,6.06,0.82,8.89,False,False,False,미돌파,0,0.0
056190,SFA,2026-06-04,27550.0,28406.7,26734.46,5.887,11.54,0.74,3.84,False,False,False,미돌파,0,0.0
012450,한화에어로스페이스,2026-06-04,1068000.0,1108212.0,1020739.29,7.893,10.81,1.44,14.15,True,False,False,미돌파,0,0.0
005810,풍산홀딩스,2026-06-04,38250.0,39328.5,37658.39,4.247,0.0,0.86,5.09,False,False,False,미돌파,0,0.0
214320,이노션,2026-06-04,20100.0,20741.4,19828.27,4.402,0.0,0.46,1.23,False,False,False,미돌파,0,0.0
457190,이수스페셜티케미컬,2026-06-04,89300.0,93186.0,85901.79,7.817,11.67,0.66,6.59,True,False,False,미돌파,0,0.0
001530,DI동일,2026-06-04,23500.0,24098.1,22459.91,6.798,0.0,0.67,7.11,True,False,True,손절,2,-1.477
018880,한온시스템,2026-06-04,4820.0,5040.06,4635.43,8.028,14.06,0.22,8.71,False,False,False,미돌파,0,0.0
018290,브이티,2026-06-04,12670.0,13096.14,12346.57,5.724,10.0,0.62,9.11,True,False,False,미돌파,0,0.0
014620,성광벤드,2026-06-04,30800.0,31863.6,29391.79,7.757,10.0,0.62,9.14,False,False,False,미돌파,0,0.0
102710,이엔에프테크놀로지,2026-06-04,44950.0,46843.5,41828.93,10.705,13.79,0.86,6.74,False,False,False,미돌파,0,0.0
018670,SK가스,2026-06-04,223500.0,230460.0,217680.36,5.545,10.0,0.46,8.59,True,False,False,미돌파,0,0.0
056080,유진로봇,2026-06-04,20700.0,21442.8,19684.96,8.198,3.7,0.32,4.61,True,False,False,미돌파,0,0.0
456160,지투지바이오,2026-06-04,53500.0,57414.6,51888.21,9.625,8.89,0.64,16.67,True,False,False,미돌파,0,0.0
399720,가온칩스,2026-06-04,54400.0,56512.8,52622.14,6.885,10.0,0.53,7.95,True,False,False,미돌파,0,0.0
039200,오스코텍,2026-06-04,41600.0,43887.6,38393.04,12.52,14.58,1.14,5.24,False,False,True,손절,2,-1.024
001820,삼화콘덴서,2026-06-04,110400.0,114027.6,97606.07,14.401,3.08,0.6,12.31,False,False,True,손절,2,-1.119
008930,한미사이언스,2026-06-04,32150.0,33066.0,31346.79,5.199,7.41,0.51,0.62,False,False,True,손절,1,-1.058
192820,코스맥스,2026-06-04,170300.0,173245.8,165740.0,4.332,3.39,0.89,3.35,True,False,False,미돌파,0,0.0
009830,한화솔루션,2026-06-04,37635.0,39128.1,36509.11,6.693,13.95,0.58,5.79,True,False,False,미돌파,0,0.0
032190,다우데이타,2026-06-04,20050.0,20591.1,19700.14,4.327,0.0,0.68,1.96,False,False,False,미돌파,0,0.0
0126Z0,삼성에피스홀딩스,2026-06-04,456500.0,466431.0,446492.86,4.275,13.33,0.57,5.68,True,False,False,미돌파,0,0.0
137400,피엔티,2026-06-04,43700.0,45190.2,42474.82,6.009,4.65,0.55,4.79,False,False,False,미돌파,0,0.0
096530,씨젠,2026-06-04,31050.0,32064.0,30260.71,5.624,13.79,0.54,0.8,False,False,False,미돌파,0,0.0
066970,엘앤에프,2026-06-04,150100.0,157514.4,144437.86,8.302,9.43,0.52,-0.27,True,False,False,미돌파,0,0.0
483650,달바글로벌,2026-06-04,198100.0,205410.0,190408.21,7.303,0.0,1.03,4.3,False,False,True,손절,2,-1.535
028050,삼성E&A,2026-06-04,49500.0,50500.8,47990.54,4.971,13.16,0.44,3.51,False,False,False,미돌파,0,0.0
034730,SK,2026-06-04,668000.0,694386.0,641464.29,7.621,2.22,0.73,1.76,False,False,False,미돌파,0,0.0
001440,대한전선,2026-06-04,42350.0,44639.1,41058.57,8.021,5.45,0.35,14.53,True,False,False,미돌파,0,0.0
122870,와이지엔터테인먼트,2026-06-04,43250.0,43787.4,41183.93,5.946,2.27,0.84,5.67,True,False,False,미돌파,0,0.0
003550,LG,2026-06-04,129900.0,133867.2,120265.71,10.16,10.38,0.72,-9.9,True,False,False,미돌파,0,0.0
033100,제룡전기,2026-06-04,56100.0,57615.0,53869.64,6.501,14.29,0.33,10.38,True,False,False,미돌파,0,0.0
226950,올릭스,2026-06-04,162200.0,172945.2,153908.57,11.007,1.91,0.76,8.47,False,False,False,미돌파,0,0.0
095340,ISC,2026-06-04,214000.0,229959.0,206769.64,10.084,2.56,1.13,7.76,False,False,False,미돌파,0,0.0
006400,삼성SDI,2026-06-04,607000.0,625248.0,578735.71,7.439,7.89,0.55,3.65,False,False,False,미돌파,0,0.0
174900,앱클론,2026-06-04,34100.0,35971.8,32252.68,10.339,4.92,0.59,19.58,True,False,False,미돌파,0,0.0
144960,뉴파워프라즈마,2026-06-04,8710.0,9639.24,8238.11,14.536,8.2,0.63,12.2,False,False,False,미돌파,0,0.0
376300,디어유,2026-06-04,23100.0,23697.3,22328.75,5.775,9.09,0.69,9.94,True,False,False,미돌파,0,0.0
267270,HD건설기계,2026-06-04,148700.0,157314.0,145257.86,7.664,11.0,0.66,7.58,False,False,False,미돌파,0,0.0
365340,성일하이텍,2026-06-04,55400.0,58116.0,53166.07,8.517,7.32,0.56,11.92,True,False,False,미돌파,0,0.0
079160,CJ CGV,2026-06-04,4410.0,4438.86,4285.62,3.452,4.17,0.53,3.5,True,False,True,손절,3,-1.087
161890,한국콜마,2026-06-04,84100.0,85671.0,80637.14,5.876,9.76,0.53,2.77,True,False,True,손절,2,-1.436
012750,에스원,2026-06-04,74000.0,74148.0,71250.0,3.908,8.7,0.72,-7.4,True,True,True,손절,2,-1.077
0009K0,에임드바이오,2026-06-04,27700.0,28907.7,25188.04,12.867,8.06,4.88,28.05,True,False,False,미돌파,0,0.0
257720,실리콘투,2026-06-04,36200.0,37174.2,34379.82,7.517,8.51,0.68,2.82,True,False,False,미돌파,0,0.0
120110,코오롱인더,2026-06-05,65900.0,67234.2,62563.21,6.947,5.41,0.51,8.73,True,False,False,미돌파,0,0.0
003490,대한항공,2026-06-05,24900.0,25500.9,24316.79,4.643,10.53,0.64,7.78,True,False,False,미돌파,0,0.0
336260,두산퓨얼셀,2026-06-05,83600.0,88576.8,77605.71,12.386,6.52,0.53,15.13,False,False,False,미돌파,0,0.0
248070,솔루엠,2026-06-05,17750.0,18106.14,16802.79,7.198,5.66,0.5,12.78,True,False,False,미돌파,0,0.0
012630,HDC,2026-06-05,20350.0,20791.5,19830.93,4.62,0.0,0.82,7.5,True,False,False,미돌파,0,0.0
005850,에스엘,2026-06-05,69700.0,71142.0,65006.79,8.624,8.0,0.44,7.8,False,False,False,미돌파,0,0.0
017800,현대엘리베이터,2026-06-05,77500.0,78055.8,74474.29,4.588,10.71,0.46,3.61,True,True,False,미돌파,0,0.0
005440,현대지에프홀딩스,2026-06-05,12640.0,12965.88,12258.71,5.454,12.5,0.62,4.89,True,False,False,미돌파,0,0.0
272210,한화시스템,2026-06-05,94600.0,97093.8,89856.25,7.454,8.47,0.65,10.67,True,False,False,미돌파,0,0.0
062040,산일전기,2026-06-05,221000.0,225951.0,208055.36,7.92,10.71,0.61,12.65,True,False,True,손절,1,-1.6
000880,한화,2026-06-05,125300.0,127955.4,115047.14,10.088,2.83,0.8,9.99,True,False,False,미돌파,0,0.0
071970,HD현대마린엔진,2026-06-05,65800.0,67835.4,62679.29,7.601,9.52,0.56,10.11,True,False,False,미돌파,0,0.0
035250,강원랜드,2026-06-05,15060.0,15280.5,14777.64,3.291,9.76,0.89,0.07,True,False,False,미돌파,0,0.0
000400,롯데손해보험,2026-06-05,1903.0,2002.0,1846.72,7.756,1.56,0.45,11.07,True,False,False,미돌파,0,0.0
294870,IPARK현대산업개발,2026-06-05,19510.0,19899.72,18709.38,5.982,8.91,0.97,5.29,True,False,False,미돌파,0,0.0
001450,현대해상,2026-06-05,35800.0,38076.0,34204.11,10.169,1.47,0.82,-3.17,True,False,False,미돌파,0,0.0
017940,E1,2026-06-05,85000.0,87073.8,82356.07,5.418,12.82,0.61,2.63,True,False,False,미돌파,0,0.0
108320,LX세미콘,2026-06-05,51900.0,55110.0,50296.07,8.735,7.5,1.23,3.89,True,False,False,미돌파,0,0.0
030520,한컴,2026-06-05,19230.0,20009.94,18704.93,6.522,7.34,0.88,0.36,False,False,False,미돌파,0,0.0
281820,케이씨텍,2026-06-05,65300.0,70240.2,61403.04,12.581,3.9,0.9,1.36,False,False,False,미돌파,0,0.0
353200,대덕전자,2026-06-05,152400.0,158416.2,141031.43,10.974,2.8,0.83,7.52,True,False,False,미돌파,0,0.0
039030,이오테크닉스,2026-06-05,478000.0,501000.0,447821.43,10.614,6.67,1.37,1.34,False,False,False,미돌파,0,0.0
279570,케이뱅크,2026-06-05,5570.0,5911.8,5461.7,7.614,12.5,1.2,3.63,False,False,False,미돌파,0,0.0
126340,비나텍,2026-06-05,121600.0,125250.0,113445.36,9.425,1.1,0.35,20.05,True,False,False,미돌파,0,0.0
443060,HD현대마린솔루션,2026-06-05,222000.0,227454.0,212246.43,6.686,4.17,0.45,1.77,False,False,False,미돌파,0,0.0
018880,한온시스템,2026-06-05,4695.0,4769.52,4365.0,8.481,14.06,0.3,7.94,False,False,False,미돌파,0,0.0
079900,전진건설로봇,2026-06-05,54000.0,55611.0,52215.0,6.107,7.41,0.34,2.35,True,False,False,미돌파,0,0.0
001120,LX인터내셔널,2026-06-05,39550.0,40380.6,37876.96,6.2,4.76,0.9,7.27,True,False,True,손절,1,-1.299
127120,제이에스링크,2026-06-05,39700.0,40581.0,36631.07,9.733,0.0,0.81,2.22,False,False,False,미돌파,0,0.0
032640,LG유플러스,2026-06-05,15320.0,15611.16,14855.07,4.843,3.51,0.64,-1.66,True,False,True,손절,1,-1.413
007340,DN오토모티브,2026-06-05,41250.0,41983.8,38945.54,7.237,10.42,0.63,6.25,True,False,False,미돌파,0,0.0
003530,한화투자증권,2026-06-05,5970.0,6362.7,5749.07,9.644,13.21,0.66,3.71,True,False,False,미돌파,0,0.0
036570,NC,2026-06-05,281500.0,285069.0,268253.57,5.899,11.54,0.68,1.05,True,False,False,미돌파,0,0.0
032350,롯데관광개발,2026-06-05,18330.0,18827.58,17713.25,5.919,1.12,0.62,5.86,False,False,False,미돌파,0,0.0
356860,티엘비,2026-06-05,53654.0,56281.34,49520.95,12.012,6.25,0.91,11.6,True,False,False,미돌파,0,0.0
033780,KT&G,2026-06-05,179300.0,182965.2,176271.43,3.658,5.66,0.63,2.4,False,False,False,미돌파,0,0.0
064960,SNT모티브,2026-06-05,28650.0,28957.8,27567.5,4.801,13.64,0.71,6.98,True,True,False,미돌파,0,0.0
103140,풍산,2026-06-05,72300.0,74148.0,70185.0,5.345,0.0,0.61,12.36,True,False,False,미돌파,0,0.0
009420,한올바이오파마,2026-06-05,57900.0,61122.0,54436.07,10.939,7.27,0.98,7.36,False,False,False,미돌파,0,0.0
079550,LIG디펜스앤에어로스페이스,2026-06-05,726000.0,742482.0,696075.0,6.25,13.89,0.45,15.19,False,False,False,미돌파,0,0.0
005300,롯데칠성,2026-06-05,108000.0,108316.2,103794.29,4.175,10.53,1.03,0.28,True,True,False,미돌파,0,0.0
036530,SNT홀딩스,2026-06-05,49350.0,49899.6,47447.5,4.914,2.5,1.24,5.1,True,False,False,미돌파,0,0.0
009540,HD한국조선해양,2026-06-05,379000.0,385770.0,364330.36,5.558,2.94,0.95,8.67,True,False,False,미돌파,0,0.0
437730,삼현,2026-06-05,46500.0,49599.0,44140.71,11.005,11.11,0.39,12.92,True,False,False,미돌파,0,0.0
119850,지엔씨에너지,2026-06-05,20700.0,21392.7,19607.61,8.344,14.39,0.54,14.11,True,False,False,미돌파,0,0.0
047810,한국항공우주,2026-06-05,139000.0,140881.2,132730.0,5.786,14.06,0.8,17.21,True,False,False,미돌파,0,0.0
267270,HD건설기계,2026-06-05,147700.0,151502.4,142084.64,6.216,0.0,0.55,4.83,False,False,False,미돌파,0,0.0
271560,오리온,2026-06-05,132600.0,136773.0,130158.39,4.836,5.45,1.09,1.19,False,False,False,미돌파,0,0.0
475960,토모큐브,2026-06-08,36100.0,38025.9,34853.04,8.344,3.92,1.19,20.75,True,False,True,손절,3,-1.036
195940,HK이노엔,2026-06-08,39000.0,40781.4,36916.43,9.477,13.24,1.11,13.33,True,False,True,시간손절,5,0.361
064350,현대로템,2026-06-08,175000.0,181362.0,169322.14,6.639,0.0,0.73,12.72,True,False,True,추적청산,8,1.893
005300,롯데칠성,2026-06-08,104700.0,107113.8,100973.93,5.732,11.11,0.64,3.94,True,False,False,미돌파,0,0.0
298020,효성티앤씨,2026-06-08,313500.0,324147.0,300151.79,7.403,10.81,1.01,13.76,True,False,True,추적청산,7,1.061
475830,오름테라퓨틱,2026-06-08,54900.0,59919.6,51322.5,14.348,1.37,1.19,19.03,True,False,True,추적청산,6,0.635
088350,한화생명,2026-06-08,4560.0,4744.47,4441.5,6.386,4.26,0.39,6.56,True,False,True,추적청산,2,0.453
082920,비츠로셀,2026-06-08,47300.0,48496.8,44266.61,8.723,5.88,0.71,10.08,True,False,True,손절,2,-1.034
005850,에스엘,2026-06-08,63900.0,67735.2,62130.36,8.275,2.22,0.52,14.91,False,False,True,손절,1,-1.036
015750,성우하이텍,2026-06-08,6290.0,6492.96,6113.25,5.848,0.0,0.63,14.88,True,False,True,추적청산,8,1.209
033240,자화전자,2026-06-08,32850.0,34819.5,31036.79,10.864,9.84,1.02,17.15,True,False,True,시간손절,5,0.126
011170,롯데케미칼,2026-06-08,73500.0,75751.2,70899.29,6.405,0.0,0.54,8.92,True,False,True,추적청산,7,0.809
023160,태광,2026-06-08,26400.0,28005.9,25581.07,8.658,7.69,0.41,16.19,True,False,False,미돌파,0,0.0
051910,LG화학,2026-06-08,321000.0,331662.0,313937.5,5.344,3.7,0.79,12.53,True,False,True,손절,2,-1.056
001450,현대해상,2026-06-08,34200.0,36072.0,33305.71,7.669,2.17,0.69,1.01,False,False,True,추적청산,8,1.171
089860,롯데렌탈,2026-06-08,29350.0,29959.8,28659.64,4.34,13.64,0.69,6.08,True,False,True,추적청산,8,0.908
039490,키움증권,2026-06-08,330500.0,345189.0,320901.79,7.036,5.13,0.81,10.8,True,False,True,추적청산,8,0.978
001440,대한전선,2026-06-08,37250.0,39328.5,35675.54,9.288,5.17,0.52,18.04,True,False,False,미돌파,0,0.0
0126Z0,삼성에피스홀딩스,2026-06-08,405500.0,420840.0,397821.43,5.47,2.78,0.72,16.22,True,False,True,추적청산,7,0.927
100840,SNT에너지,2026-06-08,30700.0,32164.2,29961.43,6.849,6.06,1.07,19.53,True,False,True,추적청산,8,1.372
161580,필옵틱스,2026-06-08,38300.0,40280.4,37107.86,7.876,12.5,0.52,11.45,True,False,True,손절,3,-1.038
025540,한국단자,2026-06-08,70700.0,74148.0,68790.71,7.225,8.89,0.91,10.28,True,False,False,미돌파,0,0.0
047050,포스코인터내셔널,2026-06-08,54800.0,56412.6,53473.93,5.209,4.35,0.63,14.11,True,False,True,추적청산,8,0.849
214320,이노션,2026-06-08,19410.0,19799.52,18456.48,6.783,6.03,0.39,2.71,True,False,True,추적청산,7,0.735
281740,레이크머티리얼즈,2026-06-08,14990.0,15591.12,14489.82,7.064,2.35,0.84,18.49,True,False,True,추적청산,7,0.934
034230,파라다이스,2026-06-08,14800.0,15340.62,14410.75,6.061,12.82,1.56,-4.96,True,False,True,손절,1,-1.049
000370,한화손해보험,2026-06-08,5590.0,5981.94,5427.14,9.275,6.38,0.97,11.55,True,False,True,추적청산,4,0.592
007340,DN오토모티브,2026-06-08,38000.0,39879.6,36471.79,8.545,7.14,0.6,14.89,True,False,True,추적청산,8,0.945
008060,대덕,2026-06-08,18350.0,19258.44,17564.82,8.794,8.63,0.37,14.85,True,False,True,추적청산,7,0.862
222080,SFA넥셀,2026-06-08,9770.0,10170.3,9473.93,6.847,12.96,0.72,18.99,True,False,True,추적청산,7,0.844
008770,호텔신라,2026-06-08,51500.0,53807.4,49514.64,7.978,13.51,0.91,6.53,True,False,True,추적청산,9,0.846
015760,한국전력,2026-06-08,36000.0,37274.4,35047.32,5.975,0.0,0.94,7.46,True,False,True,손절,3,-1.05
051900,LG생활건강,2026-06-08,238000.0,240981.0,231178.57,4.068,6.67,0.75,3.84,True,False,True,손절,2,-1.074
137400,피엔티,2026-06-08,38400.0,40080.0,37048.93,7.563,4.0,0.83,17.33,True,False,True,추적청산,7,0.901
000210,DL,2026-06-08,46100.0,49849.5,44736.61,10.257,13.64,0.67,15.1,True,False,False,미돌파,0,0.0
120110,코오롱인더,2026-06-08,60700.0,62124.0,57002.86,8.243,2.38,1.59,15.46,True,False,True,추적청산,6,1.399
373220,LG에너지솔루션,2026-06-08,388500.0,404808.0,378301.79,6.548,0.0,0.67,15.17,True,False,False,미돌파,0,0.0
033100,제룡전기,2026-06-08,47700.0,50500.8,46272.5,8.373,4.41,0.46,19.15,True,False,True,추적청산,7,1.055
000720,현대건설,2026-06-08,116500.0,121242.0,113477.86,6.404,8.47,0.85,20.75,True,False,True,추적청산,3,0.453
047810,한국항공우주,2026-06-08,125000.0,130260.0,120202.14,7.721,8.43,1.14,25.73,True,False,True,추적청산,9,1.442
214450,파마리서치,2026-06-08,259000.0,270039.0,252353.57,6.549,6.9,0.97,12.2,True,False,True,추적청산,7,1.117
006800,미래에셋증권,2026-06-08,49750.0,52605.0,48083.21,8.596,9.46,1.25,18.97,True,False,False,미돌파,0,0.0
032820,우리기술,2026-06-08,13000.0,13577.1,12601.46,7.186,10.67,0.61,14.53,True,False,True,손절,3,-1.042
003160,디아이,2026-06-08,23500.0,24749.4,22670.89,8.398,12.5,0.67,15.62,True,False,True,추적청산,7,1.306
010140,삼성중공업,2026-06-08,26100.0,27104.1,25484.82,5.974,11.54,0.56,6.62,True,False,False,미돌파,0,0.0
093320,케이아이엔엑스,2026-06-08,111800.0,113426.4,103172.86,9.04,8.7,1.41,2.61,True,False,True,추적청산,7,1.007
388720,유일로보틱스,2026-06-08,84900.0,90881.4,81731.79,10.068,2.63,0.62,-0.12,True,False,False,미돌파,0,0.0
003230,삼양식품,2026-06-08,1069000.0,1102200.0,1039050.0,5.729,2.0,0.54,11.29,True,False,True,추적청산,6,0.715
112610,씨에스윈드,2026-06-08,40900.0,42434.7,39819.29,6.163,4.76,0.6,13.89,True,False,False,미돌파,0,0.0
003540,대신증권,2026-06-08,27800.0,29108.1,27082.68,6.958,11.76,0.98,9.15,True,False,True,시간손절,5,0.298
121600,나노신소재,2026-06-08,53500.0,56112.0,51290.71,8.592,15.0,1.06,19.91,True,False,True,추적청산,7,0.941
033780,KT&G,2026-06-08,177200.0,178356.0,172222.86,3.439,10.42,1.32,4.06,True,False,True,추적청산,6,0.963
000150,두산,2026-06-08,1578000.0,1674342.0,1503232.14,10.22,13.24,1.16,19.98,False,False,True,손절,1,-1.029
457190,이수스페셜티케미컬,2026-06-08,77700.0,80460.6,75655.36,5.972,11.11,0.76,19.31,True,False,True,손절,3,-1.05
010130,고려아연,2026-06-08,1149000.0,1180356.0,1118871.43,5.209,2.13,0.97,16.31,True,False,True,손절,3,-1.058
178320,서진시스템,2026-06-08,65000.0,68436.6,62126.79,9.22,14.0,0.5,16.24,True,False,True,추적청산,3,0.314
035900,JYP Ent.,2026-06-08,50100.0,52003.8,49381.96,5.042,9.3,0.86,13.17,True,False,True,추적청산,9,1.069
101160,월덱스,2026-06-08,23300.0,24248.4,22321.43,7.947,6.25,0.8,9.16,True,False,True,추적청산,3,0.462
060370,LS마린솔루션,2026-06-08,27850.0,29108.1,26926.79,7.494,8.82,0.56,15.09,True,False,True,추적청산,8,0.825
453340,현대그린푸드,2026-06-08,16480.0,16693.32,16102.43,3.54,2.22,0.44,1.44,True,False,True,추적청산,8,1.005
278280,천보,2026-06-08,37850.0,39579.0,36718.04,7.228,6.67,0.96,23.15,True,False,True,추적청산,7,0.978
009450,경동나비엔,2026-06-08,64600.0,66332.4,62416.07,5.904,3.12,0.38,7.85,True,False,True,추적청산,8,0.969
073240,금호타이어,2026-06-08,4400.0,4559.1,4314.59,5.363,15.0,0.96,6.38,True,False,True,추적청산,8,1.192
052020,에스티큐브,2026-06-08,9770.0,10761.48,9218.18,14.341,6.25,1.18,33.04,True,False,True,시간손절,5,0.056
294870,IPARK현대산업개발,2026-06-08,19010.0,19508.94,18407.12,5.648,11.96,0.73,7.49,True,False,True,추적청산,8,0.738
003490,대한항공,2026-06-08,23800.0,24448.8,23471.07,3.999,13.33,0.78,11.19,True,False,True,추적청산,3,0.425
039200,오스코텍,2026-06-08,40600.0,44088.0,36650.18,16.87,4.48,1.86,3.45,True,False,False,미돌파,0,0.0
030520,한컴,2026-06-08,18100.0,19168.26,17675.89,7.786,0.0,0.95,11.27,True,False,False,미돌파,0,0.0
006340,대원전선,2026-06-09,10240.0,10561.08,9533.62,9.729,12.2,0.32,11.8,True,False,False,미돌파,0,0.0
002380,KCC,2026-06-09,498000.0,511020.0,470935.71,7.844,12.12,0.76,10.11,True,False,False,미돌파,0,0.0
489790,한화비전,2026-06-09,66500.0,69138.0,63302.5,8.44,0.0,0.62,6.07,True,False,True,추적청산,5,0.693
086900,메디톡스,2026-06-09,79100.0,83166.0,76777.86,7.681,10.91,1.89,16.65,False,False,True,추적청산,6,0.667
029780,삼성카드,2026-06-09,45350.0,46392.6,44232.5,4.656,8.11,0.7,1.09,False,False,False,미돌파,0,0.0
420770,기가비스,2026-06-09,124700.0,129959.4,103584.64,20.295,9.48,1.24,7.08,False,True,True,시간손절,5,0.438
131970,두산테스나,2026-06-09,125300.0,129258.0,117226.79,9.308,11.7,0.61,20.14,True,False,True,추적청산,2,0.468
006400,삼성SDI,2026-06-09,515000.0,528054.0,480719.64,8.964,2.56,0.71,21.01,True,False,False,미돌파,0,0.0
000080,하이트진로,2026-06-09,15840.0,16322.58,15531.79,4.845,1.47,0.75,0.38,True,False,False,미돌파,0,0.0
069620,대웅제약,2026-06-09,118300.0,122895.3,112855.18,8.17,1.16,1.26,7.0,True,False,False,미돌파,0,0.0
005490,POSCO홀딩스,2026-06-09,364500.0,371241.0,352410.71,5.072,10.34,0.87,11.74,True,False,True,손절,1,-1.059
185750,종근당,2026-06-09,70800.0,72645.0,69555.0,4.254,11.54,1.03,8.65,True,False,False,미돌파,0,0.0
034730,SK,2026-06-09,594000.0,603204.0,556885.71,7.679,10.53,0.82,9.59,False,False,False,미돌파,0,0.0
028300,HLB,2026-06-09,48700.0,51703.2,47096.61,8.91,2.53,1.11,12.25,False,False,False,미돌파,0,0.0
277810,레인보우로보틱스,2026-06-09,623000.0,650298.0,593928.57,8.668,4.44,0.52,21.04,True,False,False,미돌파,0,0.0
010170,대한광통신,2026-06-09,18340.0,20290.5,17126.04,15.596,10.61,0.91,10.97,False,False,False,미돌파,0,0.0
005850,에스엘,2026-06-09,65200.0,68035.8,60855.0,10.554,3.28,0.58,12.13,False,False,False,미돌파,0,0.0
010780,아이에스동서,2026-06-09,24900.0,25701.3,23944.64,6.835,10.71,0.31,9.45,False,False,False,미돌파,0,0.0
005300,롯데칠성,2026-06-09,105000.0,106913.4,100954.64,5.573,13.46,0.87,2.96,True,False,False,미돌파,0,0.0
082740,한화엔진,2026-06-09,52000.0,53707.2,49740.71,7.385,0.0,0.46,15.86,True,False,True,손절,2,-1.041
015760,한국전력,2026-06-09,36100.0,37575.0,35102.14,6.581,2.38,1.33,6.6,True,False,False,미돌파,0,0.0
218410,RFHIC,2026-06-09,77600.0,81061.8,72928.21,10.034,14.93,0.64,11.42,True,False,False,미돌파,0,0.0
006110,삼아알미늄,2026-06-09,61600.0,64829.4,53668.21,17.216,14.89,1.53,18.41,True,False,True,손절,5,-1.017
036570,NC,2026-06-09,264500.0,275049.0,251055.36,8.723,5.0,0.87,10.49,False,False,False,미돌파,0,0.0
032350,롯데관광개발,2026-06-09,17320.0,17735.4,16564.61,6.601,1.04,0.91,5.92,True,False,True,손절,2,-1.045
336260,두산퓨얼셀,2026-06-09,72000.0,74749.2,63307.86,15.306,1.03,0.83,19.64,True,False,True,시간손절,5,0.273
004020,현대제철,2026-06-09,33450.0,34418.7,32057.5,6.86,8.11,0.53,14.45,True,False,True,손절,1,-1.044
001430,세아베스틸지주,2026-06-09,45850.0,47244.3,43081.79,8.811,1.59,0.5,14.62,True,False,False,미돌파,0,0.0
033500,동성화인텍,2026-06-09,17890.0,18166.26,17273.21,4.916,11.76,1.07,11.44,True,False,True,추적청산,7,1.292
006260,LS,2026-06-09,387500.0,396291.0,353219.64,10.869,2.86,0.66,16.85,True,False,True,시간손절,5,0.616
028260,삼성물산,2026-06-09,429000.0,438876.0,389251.79,11.307,9.64,0.84,5.71,False,False,False,미돌파,0,0.0
062040,산일전기,2026-06-09,225000.0,232965.0,214641.07,7.866,0.0,0.71,9.09,False,False,True,손절,1,-1.038
397030,에이프릴바이오,2026-06-09,41450.0,42585.0,36401.43,14.521,8.82,2.24,30.92,True,False,True,시간손절,5,0.127
000880,한화,2026-06-09,115800.0,118236.0,108619.29,8.133,1.32,0.78,10.16,True,False,True,추적청산,7,0.737
456040,OCI,2026-06-09,108500.0,113426.4,105417.68,7.061,7.75,0.58,11.79,False,False,True,손절,1,-1.042
319400,현대무벡스,2026-06-09,34800.0,35170.2,31521.43,10.375,3.33,0.35,13.0,False,True,True,추적청산,5,0.982
251270,넷마블,2026-06-09,40600.0,43186.2,39780.71,7.886,1.67,1.18,5.36,True,False,False,미돌파,0,0.0
161000,애경케미칼,2026-06-09,10270.0,10661.28,9488.89,10.997,6.93,0.51,14.42,True,False,False,미돌파,0,0.0
003550,LG,2026-06-09,112600.0,116833.2,101554.29,13.078,11.2,0.72,32.09,True,False,False,미돌파,0,0.0
097230,HJ중공업,2026-06-09,20400.0,21092.1,19923.29,5.541,0.0,0.53,8.93,True,False,True,손절,1,-1.054
030190,NICE평가정보,2026-06-09,13850.0,14609.16,13412.71,8.19,7.48,0.88,1.91,True,False,False,미돌파,0,0.0
388720,유일로보틱스,2026-06-09,85700.0,88677.0,81733.93,7.83,3.7,0.58,11.1,True,False,True,손절,1,-1.038
009540,HD한국조선해양,2026-06-09,362500.0,371742.0,348975.0,6.124,13.51,0.88,10.38,True,False,True,추적청산,7,1.588
011070,LG이노텍,2026-06-09,1137000.0,1171338.0,957157.14,18.285,5.46,1.18,25.69,True,True,False,미돌파,0,0.0
310210,보로노이,2026-06-09,186500.0,195390.0,165311.79,15.394,14.9,1.45,25.4,True,False,True,시간손절,5,0.13
001440,대한전선,2026-06-09,38700.0,39228.3,35598.04,9.254,10.34,0.63,18.7,True,False,True,손절,2,-1.032
490470,세미파이브,2026-06-09,28150.0,28907.7,24768.84,14.318,14.71,0.81,27.17,True,False,False,미돌파,0,0.0
010120,LS ELECTRIC,2026-06-09,219500.0,226452.0,203401.07,10.179,5.26,0.73,17.79,False,False,True,추적청산,7,1.068
035250,강원랜드,2026-06-09,14720.0,15060.06,14489.57,3.788,2.08,1.01,1.8,True,False,True,추적청산,6,0.938
272210,한화시스템,2026-06-09,86600.0,89077.8,83929.11,5.78,0.0,0.85,15.1,True,False,True,손절,2,-1.052
121600,나노신소재,2026-06-10,54500.0,56613.0,51418.57,9.175,2.27,0.95,12.8,True,False,False,미돌파,0,0.0
039200,오스코텍,2026-06-10,38950.0,40480.8,37805.89,6.608,5.0,0.46,7.26,False,False,True,손절,1,-1.045
037460,삼지전자,2026-06-10,41200.0,44288.4,39601.43,10.583,14.1,0.19,9.15,False,False,False,미돌파,0,0.0
083650,비에이치아이,2026-06-10,60600.0,63025.8,57958.93,8.039,4.88,0.46,10.36,True,False,False,미돌파,0,0.0
052020,에스티큐브,2026-06-10,10660.0,11492.94,10124.82,11.904,10.81,0.96,18.44,False,False,False,미돌파,0,0.0
007340,DN오토모티브,2026-06-10,39650.0,42835.5,37614.64,12.188,5.38,0.79,4.0,False,False,False,미돌파,0,0.0
000670,영풍,2026-06-10,45550.0,46242.3,43679.46,5.542,7.32,1.48,9.44,True,False,True,추적청산,5,0.799
086520,에코프로,2026-06-10,105900.0,111121.8,100839.29,9.253,4.76,0.65,17.01,True,False,False,미돌파,0,0.0
067160,SOOP,2026-06-10,46050.0,47094.0,44841.07,4.784,0.0,0.66,7.44,True,False,False,미돌파,0,0.0
439260,대한조선,2026-06-10,61100.0,62124.0,59065.36,4.923,8.33,0.62,0.49,False,False,False,미돌파,0,0.0
003470,유안타증권,2026-06-10,4835.0,5040.06,4662.88,7.484,4.76,0.36,4.26,True,False,False,미돌파,0,0.0
298040,효성중공업,2026-06-10,3437000.0,3598182.0,3287260.71,8.641,14.77,1.07,3.02,False,False,False,미돌파,0,0.0
950160,코오롱티슈진,2026-06-10,99800.0,108216.0,96294.29,11.017,3.0,0.62,7.59,False,False,False,미돌파,0,0.0
012450,한화에어로스페이스,2026-06-10,1031000.0,1068132.0,993200.0,7.015,11.29,0.85,3.64,False,False,False,미돌파,0,0.0
294870,IPARK현대산업개발,2026-06-10,19630.0,19789.5,18812.27,4.938,6.25,1.28,0.56,False,True,True,추적청산,6,0.624
042700,한미반도체,2026-06-10,270000.0,303105.0,256516.07,15.371,0.0,0.76,2.0,False,False,False,미돌파,0,0.0
272210,한화시스템,2026-06-10,91600.0,92685.0,86376.25,6.807,13.73,1.15,5.95,False,False,False,미돌파,0,0.0
073240,금호타이어,2026-06-10,4585.0,4674.33,4428.73,5.254,12.5,0.72,4.48,False,False,False,미돌파,0,0.0
352820,하이브,2026-06-10,205000.0,206412.0,196986.79,4.566,13.7,0.55,3.98,False,True,True,추적청산,4,1.076
028300,HLB,2026-06-10,48500.0,51001.8,46700.89,8.433,0.0,0.76,6.91,True,False,False,미돌파,0,0.0
018670,SK가스,2026-06-10,215500.0,223446.0,208801.79,6.554,4.0,0.37,3.36,False,False,True,손절,1,-1.046
281740,레이크머티리얼즈,2026-06-10,15320.0,16052.04,14616.36,8.944,7.56,1.02,11.65,True,False,False,미돌파,0,0.0
018290,브이티,2026-06-10,12420.0,13005.96,11982.18,7.872,13.79,0.65,2.51,False,False,False,미돌파,0,0.0
115180,큐리언트,2026-06-10,24850.0,25851.6,23640.71,8.552,5.71,0.45,12.35,False,False,True,손절,1,-1.035
399720,가온칩스,2026-06-10,47000.0,49098.0,44668.75,9.021,4.17,0.62,11.82,False,False,True,추적청산,5,1.291
085660,차바이오텍,2026-06-10,11300.0,11773.5,10902.5,7.398,4.17,0.68,11.99,True,False,False,미돌파,0,0.0
298380,에이비엘바이오,2026-06-10,90200.0,94087.8,86080.0,8.511,3.08,0.7,15.78,True,False,False,미돌파,0,0.0
004020,현대제철,2026-06-10,33250.0,35070.0,31580.54,9.95,6.67,0.65,12.15,True,False,False,미돌파,0,0.0
036570,NC,2026-06-10,257000.0,265530.0,245033.93,7.719,3.03,0.6,23.96,False,False,False,미돌파,0,0.0
033100,제룡전기,2026-06-10,50100.0,52805.4,48044.29,9.016,2.5,0.45,10.54,False,False,False,미돌파,0,0.0
096770,SK이노베이션,2026-06-10,103700.0,108115.8,99634.64,7.845,12.33,0.73,10.83,True,False,False,미돌파,0,0.0
087010,펩트론,2026-06-10,242000.0,258516.0,234800.0,9.174,0.0,0.58,10.54,False,False,False,미돌파,0,0.0
003620,KG모빌리티,2026-06-10,3160.0,3326.64,3054.84,8.17,2.13,0.99,2.32,False,False,False,미돌파,0,0.0
079900,전진건설로봇,2026-06-10,50900.0,52104.0,47835.36,8.193,13.89,0.99,8.94,True,False,False,미돌파,0,0.0
036810,에프에스티,2026-06-10,29050.0,30961.8,27720.89,10.467,1.82,0.72,3.17,False,False,True,추적청산,4,0.678
090710,휴림로봇,2026-06-10,10460.0,11212.38,10106.54,9.863,7.45,0.42,4.39,False,False,True,손절,1,-1.03
068760,셀트리온제약,2026-06-10,41650.0,43035.9,40497.14,5.899,9.76,0.65,9.85,False,False,False,미돌파,0,0.0
007660,이수페타시스,2026-06-10,113000.0,119137.8,107522.86,9.749,5.26,0.75,17.09,False,False,True,손절,1,-1.031
417200,LS머트리얼즈,2026-06-10,16330.0,18036.0,15517.29,13.965,7.76,0.66,14.23,True,False,False,미돌파,0,0.0
007070,GS리테일,2026-06-10,23300.0,23897.7,22410.54,6.223,4.17,0.46,7.72,True,False,False,미돌파,0,0.0
095340,ISC,2026-06-10,180600.0,192784.8,172544.64,10.499,9.58,0.88,14.61,True,False,True,손절,1,-1.029
032830,삼성생명,2026-06-10,368000.0,380259.0,350208.93,7.903,8.51,1.2,23.33,True,False,False,미돌파,0,0.0
010140,삼성중공업,2026-06-10,26000.0,26553.0,24851.43,6.408,7.14,0.8,6.14,True,False,False,미돌파,0,0.0
247540,에코프로비엠,2026-06-10,164500.0,173045.4,158615.54,8.339,12.82,0.71,16.92,True,False,False,미돌파,0,0.0
140410,메지온,2026-06-10,61400.0,62725.2,59379.46,5.334,12.0,0.39,3.0,False,False,False,미돌파,0,0.0
071050,한국금융지주,2026-06-10,229000.0,237474.0,217751.79,8.305,6.06,0.67,5.18,False,False,False,미돌파,0,0.0
003380,하림지주,2026-06-10,10130.0,10420.8,9772.89,6.217,5.56,0.63,7.06,False,False,False,미돌파,0,0.0
001120,LX인터내셔널,2026-06-10,38500.0,39629.1,36956.61,6.744,11.11,1.0,1.03,True,False,True,추적청산,5,0.456
019170,신풍제약,2026-06-10,8740.0,8867.7,8423.82,5.006,0.0,0.41,4.59,False,False,True,추적청산,5,0.758
011070,LG이노텍,2026-06-10,1090000.0,1166328.0,1009557.14,13.441,0.0,0.76,12.94,True,False,False,미돌파,0,0.0
023590,다우기술,2026-06-10,37050.0,37825.5,35533.04,6.061,8.11,0.9,5.0,True,False,True,추적청산,5,0.783
323280,태성,2026-06-10,50900.0,54208.2,48496.25,10.537,6.38,0.79,1.93,False,False,False,미돌파,0,0.0
005940,NH투자증권,2026-06-10,30500.0,31462.8,29316.61,6.821,13.89,0.67,0.49,False,False,True,손절,1,-1.044
293490,카카오게임즈,2026-06-10,8510.0,8667.3,8203.96,5.346,5.56,0.97,12.36,True,False,True,추적청산,5,0.771
032190,다우데이타,2026-06-10,18340.0,18587.1,17580.39,5.416,10.0,0.87,8.53,True,False,True,추적청산,6,1.057
011210,현대위아,2026-06-10,72600.0,76152.0,69342.14,8.942,1.75,0.44,14.08,True,False,False,미돌파,0,0.0
011780,금호석유화학,2026-06-10,120000.0,121041.6,113916.07,5.887,7.02,1.06,6.32,True,True,False,미돌파,0,0.0
0009K0,에임드바이오,2026-06-10,24900.0,26202.3,23467.5,10.437,13.95,0.46,26.22,False,False,True,손절,1,-1.029
052400,코나아이,2026-06-10,49900.0,52605.0,48379.11,8.033,8.57,0.5,10.09,False,False,False,미돌파,0,0.0
010780,아이에스동서,2026-06-10,24400.0,24999.9,23510.18,5.959,4.35,0.7,10.29,True,False,True,손절,1,-1.05
030610,교보증권,2026-06-10,10770.0,11462.88,10370.7,9.528,3.16,0.62,3.32,False,False,False,미돌파,0,0.0
099320,쎄트렉아이,2026-06-10,112600.0,115831.2,106661.43,7.916,12.68,0.68,12.98,False,False,True,손절,1,-1.038
383310,에코프로에이치엔,2026-06-10,27850.0,29559.0,26726.25,9.583,6.38,0.58,9.14,False,False,True,손절,1,-1.031
002380,KCC,2026-06-10,488500.0,503004.0,457425.0,9.061,5.19,0.71,12.77,True,False,True,추적청산,6,0.917
093050,LF,2026-06-10,21750.0,22144.2,20855.54,5.819,14.29,0.59,1.58,False,False,True,추적청산,6,0.897
108320,LX세미콘,2026-06-10,48250.0,50601.0,46399.64,8.303,14.49,0.62,10.15,True,False,False,미돌파,0,0.0
044490,태웅,2026-06-10,31500.0,33066.0,30415.0,8.017,0.0,0.94,4.98,False,False,False,미돌파,0,0.0
019210,와이지-원,2026-06-10,13820.0,14829.6,13076.07,11.825,2.61,0.57,6.05,False,False,False,미돌파,0,0.0
251270,넷마블,2026-06-10,40000.0,40881.6,38679.11,5.387,8.33,0.94,10.91,True,False,True,추적청산,3,0.444
030530,원익홀딩스,2026-06-10,23850.0,26052.0,22682.68,12.933,13.79,0.64,7.02,False,False,True,손절,1,-1.023
475960,토모큐브,2026-06-10,36800.0,38025.9,35333.57,7.08,11.9,0.51,9.8,True,False,True,손절,1,-1.042
458870,씨어스,2026-06-10,28200.0,29058.0,27090.71,6.77,0.0,0.41,4.41,False,False,True,손절,1,-1.044
388210,씨엠티엑스,2026-06-10,106000.0,116131.8,101780.71,12.358,0.81,0.59,2.03,False,False,False,미돌파,0,0.0
017940,E1,2026-06-10,82000.0,83566.8,79942.86,4.337,0.0,0.71,4.87,True,False,True,추적청산,5,0.946
005490,POSCO홀딩스,2026-06-10,363000.0,372744.0,348598.21,6.478,7.5,0.66,9.02,True,False,False,미돌파,0,0.0
055550,신한지주,2026-06-10,98200.0,101001.6,94536.07,6.401,12.73,1.03,-1.87,True,False,False,미돌파,0,0.0
051910,LG화학,2026-06-10,323000.0,333666.0,308689.29,7.486,7.14,1.01,9.01,True,False,False,미돌파,0,0.0
207940,삼성바이오로직스,2026-06-10,1298000.0,1307610.0,1244075.0,4.859,13.46,0.67,5.05,False,True,True,손절,1,-1.062
001500,현대차증권,2026-06-10,8820.0,9058.08,8540.96,5.709,4.88,0.54,5.97,False,False,True,손절,1,-1.228
251970,펌텍코리아,2026-06-10,33500.0,34318.5,32528.57,5.216,14.29,0.57,2.33,False,False,True,추적청산,5,0.898
103140,풍산,2026-06-10,70100.0,71843.4,67321.43,6.294,5.26,0.84,6.03,False,False,False,미돌파,0,0.0
001680,대상,2026-06-10,17920.0,18286.5,17413.41,4.775,10.81,0.87,5.58,True,False,False,미돌파,0,0.0
000810,삼성화재,2026-06-10,616000.0,634266.0,589207.14,7.104,0.0,1.04,3.9,True,False,True,추적청산,9,0.788
316140,우리금융지주,2026-06-10,29800.0,30410.7,28785.71,5.343,11.11,0.69,0.33,False,False,False,미돌파,0,0.0
097230,HJ중공업,2026-06-10,20400.0,21292.5,19374.36,9.009,6.06,0.72,5.12,True,False,False,미돌파,0,0.0
060250,NHN KCP,2026-06-10,14700.0,15290.52,14133.98,7.564,11.83,0.65,15.32,True,False,False,미돌파,0,0.0
131290,티에스이,2026-06-10,207500.0,235470.0,196782.86,16.43,1.47,0.88,-1.47,True,False,True,추적청산,4,0.754
450080,에코프로머티,2026-06-10,52800.0,54909.6,50323.93,8.351,2.63,0.55,8.49,False,False,False,미돌파,0,0.0
039490,키움증권,2026-06-10,342500.0,353706.0,325321.43,8.025,4.26,0.94,5.91,True,False,False,미돌파,0,0.0
005880,대한해운,2026-06-10,1920.0,2029.05,1853.18,8.668,6.58,0.56,6.57,True,False,True,시간손절,5,0.426
035900,JYP Ent.,2026-06-10,51800.0,53306.4,50515.89,5.235,13.04,0.58,6.67,False,False,True,손절,1,-1.278
001440,대한전선,2026-06-10,37450.0,39929.7,35521.61,11.04,14.86,0.55,11.88,True,False,False,미돌파,0,0.0
000500,가온전선,2026-06-10,173929.0,186526.31,162547.45,12.855,8.7,0.2,18.91,False,False,False,미돌파,0,0.0
060370,LS마린솔루션,2026-06-10,29250.0,30611.1,27997.68,8.537,2.33,0.58,10.82,False,False,False,미돌파,0,0.0
001430,세아베스틸지주,2026-06-10,46150.0,47294.4,43608.21,7.794,1.79,0.4,7.88,False,False,True,손절,1,-1.038
161000,애경케미칼,2026-06-10,10170.0,10400.76,9762.11,6.14,2.08,0.38,10.0,False,False,True,추적청산,5,0.897
122870,와이지엔터테인먼트,2026-06-10,40450.0,41583.0,39444.11,5.144,8.57,0.6,6.58,True,False,True,손절,1,-1.058
094170,동운아나텍,2026-06-10,37750.0,39579.0,35790.0,9.573,4.69,0.68,4.55,False,False,False,미돌파,0,0.0
145020,휴젤,2026-06-10,239500.0,246993.0,233562.5,5.438,4.76,0.4,1.44,False,False,False,미돌파,0,0.0
078600,대주전자재료,2026-06-10,115000.0,124548.6,109491.79,12.089,9.52,0.6,8.73,False,False,False,미돌파,0,0.0
353200,대덕전자,2026-06-10,148400.0,161121.6,140148.93,13.017,14.04,0.77,5.78,False,False,False,미돌파,0,0.0
307950,현대오토에버,2026-06-10,683000.0,767532.0,641457.14,16.426,12.96,0.64,23.94,False,False,False,미돌파,0,0.0
086280,현대글로비스,2026-06-10,195200.0,199899.0,186156.07,6.875,14.29,0.53,11.87,True,False,False,미돌파,0,0.0
491000,리브스메드,2026-06-11,40600.0,41182.2,36890.0,10.422,4.41,0.42,17.81,True,True,True,시간손절,5,0.208
021240,코웨이,2026-06-11,92000.0,92584.8,85317.86,7.849,1.59,1.73,1.08,True,True,True,시간손절,5,-0.256
322000,HD현대에너지솔루션,2026-06-11,153000.0,161021.4,135266.79,15.995,4.02,0.73,13.8,False,False,False,미돌파,0,0.0
087010,펩트론,2026-06-11,237500.0,249999.0,227375.0,9.05,11.11,1.35,10.88,True,False,True,손절,3,-1.033
064350,현대로템,2026-06-11,188400.0,189378.0,176543.21,6.777,6.8,1.04,2.23,False,True,True,추적청산,5,1.493
126340,비나텍,2026-06-11,103900.0,104709.0,93020.0,11.163,1.09,0.93,17.74,True,True,True,추적청산,6,1.149
047050,포스코인터내셔널,2026-06-11,58100.0,58416.6,55109.29,5.662,3.7,0.92,3.49,False,True,True,추적청산,5,0.505
058650,세아홀딩스,2026-06-11,124700.0,129258.0,119666.43,7.42,2.35,0.51,20.98,True,False,True,시간손절,5,-0.37
033780,KT&G,2026-06-11,185100.0,186472.2,180393.93,3.26,2.13,1.61,-5.29,True,False,True,손절,5,-1.092
060250,NHN KCP,2026-06-11,14530.0,14719.38,13806.45,6.202,4.35,1.0,13.2,True,False,True,추적청산,4,0.66
103590,일진전기,2026-06-11,77800.0,79659.0,72835.89,8.565,7.27,0.56,9.43,False,False,True,추적청산,4,0.952
009540,HD한국조선해양,2026-06-11,375500.0,383265.0,356410.71,7.007,6.67,1.62,1.05,False,False,True,추적청산,5,1.206
052400,코나아이,2026-06-11,49850.0,50801.4,47748.93,6.009,14.89,0.6,0.5,False,False,True,손절,3,-1.05
088350,한화생명,2026-06-11,4750.0,4804.59,4494.05,6.463,14.0,0.4,2.36,True,True,True,추적청산,6,1.461
005830,DB손해보험,2026-06-11,140000.0,143586.6,134656.79,6.219,6.67,1.4,3.25,False,False,True,추적청산,5,0.8
127120,제이에스링크,2026-06-11,32850.0,33116.1,29616.25,10.568,12.5,0.32,17.98,False,True,True,추적청산,5,0.719
003620,KG모빌리티,2026-06-11,3100.0,3156.3,2990.38,5.257,0.0,0.56,1.43,False,False,True,추적청산,4,0.665
002350,넥센타이어,2026-06-11,6940.0,7014.0,6673.29,4.858,3.57,0.66,-1.46,True,False,True,추적청산,4,1.005
001440,대한전선,2026-06-11,36950.0,37174.2,34043.04,8.423,12.24,0.48,12.75,True,True,True,추적청산,5,0.844
099320,쎄트렉아이,2026-06-11,113700.0,118135.8,100189.29,15.191,13.84,2.94,9.04,True,False,True,시간손절,5,-0.39
012630,HDC,2026-06-11,19860.0,20240.4,18942.96,6.41,0.0,0.9,3.12,False,False,True,추적청산,6,0.707
028050,삼성E&A,2026-06-11,45550.0,46142.1,42698.57,7.463,8.77,1.14,7.98,True,False,True,추적청산,5,1.252
053800,안랩,2026-06-11,56900.0,58015.8,54830.36,5.491,14.81,3.21,5.01,True,False,True,시간손절,5,-0.248
100840,SNT에너지,2026-06-11,32950.0,33516.9,30580.54,8.761,10.2,0.86,7.96,True,False,True,추적청산,5,0.923
078930,GS,2026-06-11,71700.0,73847.4,68993.04,6.574,4.88,1.23,6.03,False,False,True,추적청산,4,0.454
003030,세아제강지주,2026-06-11,134000.0,137073.6,127079.64,7.291,6.1,1.13,5.96,True,False,True,추적청산,3,0.459
300720,한일시멘트,2026-06-11,13930.0,14268.48,13590.48,4.752,5.36,2.43,3.67,False,False,True,추적청산,5,0.681
365340,성일하이텍,2026-06-11,51100.0,54609.0,45653.75,16.399,12.35,7.01,7.76,True,False,False,미돌파,0,0.0
005300,롯데칠성,2026-06-11,101400.0,103306.2,99438.57,3.744,12.9,1.45,5.14,True,False,True,추적청산,5,0.652
000240,한국앤컴퍼니,2026-06-11,25850.0,26052.0,24397.23,6.352,10.71,1.04,-0.58,True,True,True,추적청산,4,0.89
034020,두산에너빌리티,2026-06-11,88600.0,89378.4,84237.14,5.752,2.56,0.79,10.69,True,False,True,추적청산,5,1.656
094170,동운아나텍,2026-06-11,37050.0,38276.4,35600.71,6.99,14.29,0.46,5.61,False,False,True,시간손절,5,-0.202
001680,대상,2026-06-11,17810.0,18186.3,17476.84,3.901,6.9,3.24,4.3,True,False,True,추적청산,5,0.574
139480,이마트,2026-06-11,88400.0,89679.0,84240.36,6.065,13.33,0.92,6.65,False,False,True,시간손절,5,-0.45
003490,대한항공,2026-06-11,24800.0,24999.9,23921.07,4.315,11.76,0.99,1.0,False,False,True,추적청산,5,1.937
004020,현대제철,2026-06-11,32150.0,32565.0,30589.64,6.066,10.0,1.12,15.51,True,True,True,추적청산,4,1.206
073240,금호타이어,2026-06-11,4520.0,4594.17,4384.91,4.555,12.12,2.49,5.44,False,False,True,추적청산,5,1.225
028300,HLB,2026-06-11,47400.0,49298.4,41304.82,16.215,7.53,2.19,9.71,True,False,False,미돌파,0,0.0
462870,시프트업,2026-06-11,30750.0,31613.1,29810.18,5.703,0.0,0.71,-0.99,True,False,True,추적청산,3,0.447
009830,한화솔루션,2026-06-11,34852.0,35205.27,32212.05,8.502,9.44,0.89,7.39,True,True,True,추적청산,6,1.015
006260,LS,2026-06-11,373500.0,382263.0,346530.36,9.348,5.36,0.75,14.24,True,False,True,추적청산,5,0.898
020560,아시아나항공,2026-06-11,6820.0,6973.92,6556.71,5.982,11.11,0.44,0.73,True,False,True,추적청산,5,1.296
082920,비츠로셀,2026-06-11,45800.0,47595.0,41156.79,13.527,12.39,3.17,9.13,True,False,True,시간손절,5,-0.65
067160,SOOP,2026-06-11,45500.0,46593.0,44339.46,4.837,0.0,1.64,7.61,True,False,True,추적청산,5,0.795
003240,태광산업,2026-06-11,902000.0,916830.0,864167.86,5.744,4.65,1.18,1.1,False,False,True,시간손절,5,-0.467
044490,태웅,2026-06-11,31450.0,31863.6,29272.5,8.132,2.38,0.46,6.95,False,False,True,추적청산,6,1.676
000400,롯데손해보험,2026-06-11,1864.0,1908.81,1802.35,5.577,13.41,0.21,2.1,False,False,True,추적청산,5,0.446
012450,한화에어로스페이스,2026-06-11,1014000.0,1022040.0,954500.0,6.608,3.64,0.92,5.06,True,True,True,추적청산,6,1.691
282330,BGF리테일,2026-06-11,128000.0,129658.8,124222.86,4.192,9.52,1.71,0.78,False,False,True,손절,4,-1.072
383310,에코프로에이치엔,2026-06-11,27150.0,29709.3,25299.46,14.843,10.26,3.55,11.99,True,False,False,미돌파,0,0.0
272210,한화시스템,2026-06-11,88600.0,90280.2,80730.18,10.578,9.64,1.36,7.8,True,True,True,추적청산,5,1.101
077970,STX엔진,2026-06-11,31650.0,32314.5,29301.96,9.323,2.08,0.65,10.97,True,False,True,추적청산,5,0.947
035250,강원랜드,2026-06-12,15700.0,16092.12,15220.14,5.419,14.29,1.98,-4.25,True,False,True,손절,5,-1.078
014620,성광벤드,2026-06-12,30050.0,32314.5,28110.54,13.01,4.0,1.52,1.31,False,False,True,시간손절,5,-0.407
298020,효성티앤씨,2026-06-12,336500.0,352203.0,327553.57,6.999,2.56,0.83,1.17,False,False,True,손절,4,-1.043
071050,한국금융지주,2026-06-12,240500.0,248997.0,233262.5,6.319,12.0,1.2,2.43,False,False,True,손절,4,-1.047
096770,SK이노베이션,2026-06-12,106100.0,109819.2,103568.93,5.691,5.88,0.91,7.66,False,False,True,추적청산,3,0.447
298050,HS효성첨단소재,2026-06-12,197900.0,206913.0,192028.57,7.194,0.8,0.68,0.3,False,False,True,손절,5,-1.042
383310,에코프로에이치엔,2026-06-12,28200.0,29458.8,27009.64,8.314,7.69,0.76,1.4,False,False,True,추적청산,6,1.003
036810,에프에스티,2026-06-12,33200.0,34869.6,31843.57,8.678,6.0,1.27,-14.09,True,False,False,미돌파,0,0.0
005850,에스엘,2026-06-12,67700.0,72144.0,65391.43,9.36,8.77,0.68,2.87,False,False,True,추적청산,4,0.494
112040,위메이드,2026-06-12,17940.0,18537.0,17611.75,4.991,8.22,0.81,2.61,False,False,True,손절,4,-1.06
259960,크래프톤,2026-06-12,237000.0,241983.0,231215.18,4.45,12.5,0.79,7.96,False,False,True,손절,5,-1.067
078600,대주전자재료,2026-06-12,120800.0,127955.4,116646.43,8.838,14.61,0.82,1.06,False,False,False,미돌파,0,0.0
437730,삼현,2026-06-12,53700.0,57414.6,51726.79,9.907,2.13,1.17,-15.48,True,False,True,손절,3,-1.03
007390,네이처셀,2026-06-12,32000.0,34669.2,30706.62,11.43,14.06,0.83,5.74,False,False,False,미돌파,0,0.0
005180,빙그레,2026-06-12,68400.0,69338.4,67419.29,2.768,13.33,0.42,1.16,False,False,True,손절,4,-1.108
004490,세방전지,2026-06-12,53300.0,54508.8,52204.11,4.228,0.0,0.78,0.37,False,False,True,추적청산,5,1.751
055550,신한지주,2026-06-12,99600.0,105210.0,96871.79,7.925,2.74,1.35,7.35,True,False,True,시간손절,5,-0.555
101160,월덱스,2026-06-12,27500.0,28406.7,26242.5,7.619,13.89,0.72,-10.89,True,False,False,미돌파,0,0.0
353200,대덕전자,2026-06-12,165200.0,178857.0,148270.0,17.101,5.88,2.31,-8.4,True,False,True,시간손절,5,-0.755
003030,세아제강지주,2026-06-12,137700.0,143486.4,134353.93,6.365,10.96,0.89,4.04,False,False,True,추적청산,3,0.453
090710,휴림로봇,2026-06-12,11730.0,12454.86,11151.21,10.467,10.71,1.25,-15.23,True,False,False,미돌파,0,0.0
003470,유안타증권,2026-06-12,4985.0,5130.24,4864.27,5.184,7.32,0.74,2.64,False,False,True,손절,5,-1.058
001500,현대차증권,2026-06-12,9310.0,9559.08,9028.71,5.548,4.76,0.91,2.41,False,False,True,손절,5,-1.054
249420,일동제약,2026-06-12,19270.0,19729.38,18675.0,5.344,2.53,0.72,2.18,False,False,True,손절,5,-1.056
388210,씨엠티엑스,2026-06-12,118600.0,122444.4,112526.07,8.1,2.56,0.78,-10.02,True,False,False,미돌파,0,0.0
108320,LX세미콘,2026-06-12,50200.0,51502.8,48678.04,5.485,14.29,1.91,3.28,False,False,True,손절,3,-1.055
006340,대원전선,2026-06-12,10470.0,10821.6,10005.73,7.539,3.08,0.7,0.38,False,False,True,추적청산,6,0.502
293490,카카오게임즈,2026-06-12,8940.0,9168.3,8607.5,6.117,13.04,0.9,2.72,False,False,True,손절,5,-1.049
373220,LG에너지솔루션,2026-06-12,400000.0,414828.0,387194.64,6.661,2.27,0.75,3.38,False,False,True,시간손절,5,-0.419
051900,LG생활건강,2026-06-12,242000.0,248997.0,236103.57,5.178,0.0,1.22,2.42,False,False,True,손절,4,-1.058
365340,성일하이텍,2026-06-12,52100.0,53707.2,49791.25,7.291,6.45,0.71,0.38,False,False,True,손절,4,-1.041
491000,리브스메드,2026-06-12,41300.0,43236.3,37996.96,12.118,8.05,0.83,9.53,True,False,True,시간손절,5,-0.7
003540,대신증권,2026-06-12,29600.0,30160.2,28760.0,4.643,13.64,1.96,1.33,False,False,True,추적청산,3,0.435
097950,CJ제일제당,2026-06-12,198700.0,202905.0,195873.21,3.466,12.28,0.83,0.65,False,False,True,손절,4,-1.087
282330,BGF리테일,2026-06-12,129300.0,132264.0,123686.43,6.485,9.59,1.74,0.08,False,False,True,손절,3,-1.046
034020,두산에너빌리티,2026-06-12,93100.0,95190.0,90056.43,5.393,5.13,0.81,2.62,False,False,True,추적청산,4,1.088
225570,넥슨게임즈,2026-06-12,9720.0,9879.72,9448.75,4.362,5.88,0.72,3.86,False,False,True,손절,4,-1.069
060250,NHN KCP,2026-06-12,15040.0,15480.9,14456.77,6.615,0.0,0.75,6.0,False,False,True,손절,4,-1.045
058610,에스피지,2026-06-12,94700.0,100500.6,91426.43,9.029,12.5,0.8,8.68,False,False,False,미돌파,0,0.0
066970,엘앤에프,2026-06-12,134000.0,142584.6,127866.79,10.322,0.81,0.7,4.22,False,False,True,손절,4,-1.029
460860,동국제강,2026-06-12,9500.0,9859.68,9262.04,6.061,2.04,1.04,3.46,False,False,True,추적청산,4,0.518
086520,에코프로,2026-06-12,115700.0,120340.2,110741.43,7.976,1.3,0.79,2.36,False,False,True,시간손절,5,-0.49
100090,SK오션플랜트,2026-06-12,15660.0,16082.1,15023.18,6.584,10.84,1.17,0.76,False,False,True,추적청산,5,0.888
005490,POSCO홀딩스,2026-06-12,377000.0,390279.0,370189.29,5.148,3.12,0.93,3.33,False,False,True,손절,4,-1.058
121600,나노신소재,2026-06-12,57700.0,59418.6,55345.36,6.855,6.06,1.06,0.35,False,False,True,손절,5,-1.044
437730,삼현,2026-06-15,55500.0,58015.8,51496.79,11.237,3.64,0.7,-31.21,True,False,False,미돌파,0,0.0
011170,롯데케미칼,2026-06-15,80900.0,83166.0,78501.43,5.609,5.26,1.1,-10.07,True,False,False,미돌파,0,0.0
078930,GS,2026-06-15,75600.0,78456.6,72555.0,7.522,11.76,0.74,-8.15,True,False,True,손절,3,-1.083
036810,에프에스티,2026-06-15,33500.0,34368.6,32206.43,6.291,12.12,0.56,-25.47,True,False,False,미돌파,0,0.0
214320,이노션,2026-06-15,21050.0,21392.7,20409.11,4.598,12.5,0.59,-8.45,True,False,False,미돌파,0,0.0
003690,코리안리,2026-06-15,13820.0,14028.0,13390.11,4.547,14.29,0.75,-8.31,True,False,True,손절,4,-1.066
005830,DB손해보험,2026-06-15,152400.0,155310.0,147491.43,5.034,9.52,1.17,-11.89,True,False,True,손절,4,-1.06
036530,SNT홀딩스,2026-06-15,51600.0,53506.8,50842.68,4.979,13.64,0.57,-11.09,True,False,False,미돌파,0,0.0
041830,인바디,2026-06-15,45550.0,46993.8,42692.5,9.153,6.94,0.65,-20.98,True,False,True,시간손절,5,-0.182
080220,제주반도체,2026-06-15,104800.0,108216.0,97271.79,10.113,12.64,0.85,-9.74,True,False,True,추적청산,6,0.593
139480,이마트,2026-06-15,90200.0,92785.2,88663.93,4.442,9.38,0.49,-7.38,True,False,False,미돌파,0,0.0
282330,BGF리테일,2026-06-16,128200.0,134468.4,124158.57,7.667,5.56,7.11,0.39,False,False,False,미돌파,0,0.0
036530,SNT홀딩스,2026-06-16,52500.0,52905.6,50236.25,5.045,4.55,1.32,-8.81,True,True,False,미돌파,0,0.0
071970,HD현대마린엔진,2026-06-16,72000.0,74047.8,69673.57,5.907,2.86,0.65,-15.02,True,False,True,손절,2,-1.051
462870,시프트업,2026-06-16,32200.0,33216.3,31143.04,6.242,11.76,0.49,3.3,False,False,False,미돌파,0,0.0
010950,S-Oil,2026-06-16,114100.0,116031.6,110441.79,4.817,11.11,0.72,-2.89,True,False,False,미돌파,0,0.0
014820,동원시스템즈,2026-06-16,21700.0,22294.5,21390.04,4.057,14.29,0.36,-11.68,True,False,False,미돌파,0,0.0
000210,DL,2026-06-16,54800.0,57915.6,52913.93,8.636,2.33,1.02,-16.22,True,False,False,미돌파,0,0.0
445680,큐리옥스바이오시스템즈,2026-06-16,62000.0,63727.2,55690.18,12.612,3.03,1.14,16.89,True,False,True,손절,3,-1.024
099320,쎄트렉아이,2026-06-16,110100.0,117735.0,105433.57,10.448,0.0,1.03,2.05,False,False,True,손절,1,-1.029
439960,코스모로보틱스,2026-06-16,25550.0,30510.9,23429.7,23.209,10.66,1.26,2.85,False,False,False,미돌파,0,0.0
950160,코오롱티슈진,2026-06-16,105100.0,108416.4,100307.86,7.479,14.29,0.47,-2.14,True,False,True,손절,3,-1.04
079900,전진건설로봇,2026-06-16,58300.0,61723.2,56366.79,8.678,10.87,2.42,-12.55,True,False,False,미돌파,0,0.0
439260,대한조선,2026-06-16,64700.0,65631.0,62780.36,4.343,4.55,0.79,-6.24,True,False,True,손절,2,-1.069
328130,루닛,2026-06-16,14470.0,14999.94,13943.61,7.042,3.75,0.69,1.09,False,False,True,손절,2,-1.043
420770,기가비스,2026-06-16,141900.0,147494.4,132334.64,10.278,7.63,0.62,-13.79,True,False,False,미돌파,0,0.0
000720,현대건설,2026-06-16,147800.0,155811.0,138657.5,11.009,12.08,1.88,-20.85,True,False,False,미돌파,0,0.0
032820,우리기술,2026-06-16,15560.0,16522.98,14839.04,10.192,11.35,1.96,-13.41,True,False,False,미돌파,0,0.0
012330,현대모비스,2026-06-16,660000.0,687372.0,623942.86,9.228,11.76,0.47,-10.92,True,False,False,미돌파,0,0.0
011170,롯데케미칼,2026-06-16,80800.0,81362.4,77830.36,4.341,14.81,0.98,-5.9,True,True,True,손절,1,-1.069
009420,한올바이오파마,2026-06-16,52100.0,54208.2,49032.86,9.547,14.46,0.46,0.19,False,False,True,손절,4,-1.031
139480,이마트,2026-06-16,91000.0,92384.4,88986.43,3.678,8.0,0.52,-4.24,True,False,False,미돌파,0,0.0
161890,한국콜마,2026-06-17,88400.0,91081.8,84483.21,7.245,7.02,1.45,-6.51,True,False,False,미돌파,0,0.0
439260,대한조선,2026-06-17,64900.0,67534.8,63683.57,5.703,0.0,1.25,-6.22,True,False,False,미돌파,0,0.0
041830,인바디,2026-06-17,46700.0,47094.0,43911.79,6.757,14.0,1.18,-2.3,True,True,True,손절,5,-1.044
094170,동운아나텍,2026-06-17,37600.0,38376.6,36070.89,6.008,8.33,0.51,0.4,False,False,True,손절,1,-1.05
053610,프로텍,2026-06-17,85100.0,87474.6,81888.21,6.386,2.38,0.51,-10.52,True,False,True,손절,2,-1.047
056190,SFA,2026-06-17,27700.0,28156.2,26955.18,4.266,5.56,0.39,-14.46,True,False,False,미돌파,0,0.0
041510,에스엠,2026-06-17,82200.0,84568.8,79577.68,5.902,12.5,0.91,-12.14,True,False,False,미돌파,0,0.0
021240,코웨이,2026-06-17,91800.0,93687.0,89573.57,4.391,3.12,0.5,0.22,False,False,False,미돌파,0,0.0
087010,펩트론,2026-06-17,239500.0,249498.0,225632.14,9.566,12.82,0.85,1.03,True,False,False,미돌파,0,0.0
004990,롯데지주,2026-06-17,27000.0,27404.7,25953.39,5.296,12.5,0.62,-5.06,True,False,False,미돌파,0,0.0
004800,효성,2026-06-17,198400.0,205911.0,191985.89,6.763,12.39,0.6,-9.92,True,False,True,손절,1,-1.044
005810,풍산홀딩스,2026-06-17,39050.0,39629.1,38240.71,3.503,4.76,0.39,-9.54,True,False,False,미돌파,0,0.0
222800,심텍,2026-06-18,127500.0,135771.0,121613.93,10.427,13.04,0.55,4.35,False,False,False,미돌파,0,0.0
178320,서진시스템,2026-06-18,69100.0,71041.8,64475.71,9.243,3.92,0.47,7.25,False,False,True,손절,2,-1.032
021240,코웨이,2026-06-18,91000.0,93085.8,89278.93,4.09,3.45,0.6,1.09,False,False,False,미돌파,0,0.0
161890,한국콜마,2026-06-18,87800.0,89278.2,84886.43,4.919,8.57,0.86,-1.97,True,False,True,손절,1,-1.061
081660,미스토홀딩스,2026-06-18,39900.0,40981.8,39160.0,4.445,11.11,0.5,9.11,True,False,True,손절,2,-1.067
214150,클래시스,2026-06-18,45950.0,47745.3,45048.39,5.649,9.3,0.79,1.92,True,False,False,미돌파,0,0.0
357780,솔브레인,2026-06-18,403000.0,410820.0,381101.79,7.234,2.17,0.56,-13.52,True,False,False,미돌파,0,0.0
003160,디아이,2026-06-18,29050.0,29909.7,27891.79,6.747,12.9,0.63,0.51,True,False,False,미돌파,0,0.0
105560,KB금융,2026-06-18,163100.0,164829.0,157149.64,4.659,10.34,0.94,-7.66,True,False,True,손절,1,-1.064
082920,비츠로셀,2026-06-18,43550.0,44037.9,41113.04,6.642,0.0,0.77,4.91,True,False,True,손절,3,-1.045
420770,기가비스,2026-06-18,140300.0,148797.0,132744.64,10.788,3.88,0.69,4.95,True,False,False,미돌파,0,0.0
031210,서울보증보험,2026-06-19,44550.0,44689.2,43367.14,2.958,5.26,0.57,3.99,False,True,False,미돌파,0,0.0
161390,한국타이어앤테크놀로지,2026-06-19,66700.0,68035.8,63771.43,6.268,14.71,0.89,7.36,False,False,False,미돌파,0,0.0
058470,리노공업,2026-06-19,92600.0,93887.4,88633.21,5.596,7.69,1.0,11.39,False,False,True,손절,2,-1.054
032350,롯데관광개발,2026-06-19,16970.0,17234.4,16251.64,5.702,3.8,0.82,4.77,True,False,False,미돌파,0,0.0
071320,지역난방공사,2026-06-19,69500.0,71142.0,67781.07,4.724,7.14,0.92,2.8,False,False,False,미돌파,0,0.0
180640,한진칼,2026-06-19,121100.0,126652.8,114556.79,9.551,0.0,0.44,-1.0,True,False,False,미돌파,0,0.0
000670,영풍,2026-06-19,45800.0,47244.3,43812.68,7.264,6.78,1.28,2.97,True,False,False,미돌파,0,0.0
000370,한화손해보험,2026-06-19,6750.0,6873.72,6385.43,7.104,12.5,0.88,-3.85,True,True,False,미돌파,0,0.0
097950,CJ제일제당,2026-06-19,193300.0,193686.6,186855.71,3.527,8.93,1.77,2.72,True,True,False,미돌파,0,0.0
278470,에이피알,2026-06-19,385500.0,396792.0,369898.21,6.778,9.3,0.76,2.16,False,False,False,미돌파,0,0.0
271560,오리온,2026-06-19,134000.0,134969.4,130029.64,3.66,2.56,0.9,1.11,False,False,False,미돌파,0,0.0
336260,두산퓨얼셀,2026-06-19,65000.0,67434.6,61692.5,8.515,0.0,1.15,11.08,True,False,False,미돌파,0,0.0
030610,교보증권,2026-06-19,10750.0,10971.9,10365.59,5.526,14.58,1.02,1.74,False,False,False,미돌파,0,0.0
007070,GS리테일,2026-06-19,23250.0,23597.1,22385.18,5.136,10.53,1.19,5.3,True,False,False,미돌파,0,0.0
099190,아이센스,2026-06-19,16360.0,16522.98,15566.79,5.787,10.39,2.19,-0.74,True,False,False,미돌파,0,0.0
003850,보령,2026-06-19,9090.0,9318.6,8839.82,5.138,10.26,1.26,-4.48,True,False,False,미돌파,0,0.0
034220,LG디스플레이,2026-06-19,13570.0,13847.64,12638.68,8.73,3.06,0.34,2.37,False,False,False,미돌파,0,0.0
066970,엘앤에프,2026-06-19,128600.0,134568.6,122205.36,9.187,2.91,0.92,4.03,False,False,False,미돌파,0,0.0
081660,미스토홀딩스,2026-06-19,40800.0,42334.5,39150.89,7.52,3.7,1.79,4.56,True,False,False,미돌파,0,0.0
009540,HD한국조선해양,2026-06-19,419000.0,422844.0,402544.64,4.801,3.12,1.25,-5.28,True,False,False,미돌파,0,0.0
003230,삼양식품,2026-06-19,1103000.0,1108212.0,1036314.29,6.488,3.33,1.15,3.67,True,True,False,미돌파,0,0.0
017670,SK텔레콤,2026-06-19,94900.0,97594.8,90167.86,7.61,14.04,1.15,7.86,True,False,False,미돌파,0,0.0
004370,농심,2026-06-19,364000.0,366231.0,349857.14,4.471,3.7,1.53,3.58,True,True,False,미돌파,0,0.0
298040,효성중공업,2026-06-19,3855000.0,4052088.0,3667057.14,9.502,10.48,1.56,-14.19,True,False,False,미돌파,0,0.0
251270,넷마블,2026-06-19,40850.0,41332.5,39350.71,4.795,3.23,1.02,3.77,False,False,False,미돌파,0,0.0
000240,한국앤컴퍼니,2026-06-19,24850.0,25250.4,23853.21,5.533,9.52,0.51,8.97,False,False,False,미돌파,0,0.0
006120,SK디스커버리,2026-06-19,45000.0,45540.9,43580.18,4.305,3.23,1.92,3.02,False,False,True,손절,2,-1.07
026960,동서,2026-06-19,24800.0,24949.8,24055.89,3.583,14.29,0.85,2.75,False,True,True,손절,2,-1.084
457190,이수스페셜티케미컬,2026-06-19,79600.0,84067.8,75883.93,9.735,11.27,1.17,4.44,False,False,False,미돌파,0,0.0
458870,씨어스,2026-06-19,32400.0,34869.6,31149.29,10.669,12.31,0.63,-9.83,True,False,False,미돌파,0,0.0
307950,현대오토에버,2026-06-19,662000.0,729456.0,620514.29,14.935,9.68,0.69,3.22,False,False,False,미돌파,0,0.0
041830,인바디,2026-06-19,46450.0,50100.0,44755.89,10.667,4.3,1.52,-4.74,True,False,False,미돌파,0,0.0
352820,하이브,2026-06-19,223500.0,230961.0,214512.5,7.122,10.71,0.83,0.67,False,False,False,미돌파,0,0.0
252990,샘씨엔에스,2026-06-19,14310.0,14969.88,13543.39,9.529,13.68,1.29,12.32,True,False,True,손절,2,-1.031
138930,BNK금융지주,2026-06-19,17740.0,18326.58,17158.14,6.376,2.02,1.14,-0.4,True,False,False,미돌파,0,0.0
000990,DB하이텍,2026-06-19,156100.0,162324.0,147187.32,9.325,3.2,1.1,10.44,True,False,True,손절,3,-1.032
029780,삼성카드,2026-06-19,49550.0,51001.8,47818.04,6.242,0.0,0.67,3.79,True,False,False,미돌파,0,0.0
010950,S-Oil,2026-06-19,105300.0,107113.8,101227.86,5.495,4.17,0.9,5.48,True,False,True,손절,3,-1.501
066570,LG전자,2026-06-22,227500.0,241983.0,215310.71,11.022,2.44,0.83,6.57,False,False,False,미돌파,0,0.0
214450,파마리서치,2026-06-22,293500.0,303606.0,285267.86,6.04,10.0,0.63,3.29,False,False,False,미돌파,0,0.0
016380,KG스틸,2026-06-22,5420.0,5551.08,5301.68,4.493,0.0,0.64,12.86,False,False,False,미돌파,0,0.0
376900,로킷헬스케어,2026-06-22,40000.0,42284.4,38197.32,9.666,9.23,0.63,20.79,True,False,False,미돌파,0,0.0
007810,코리아써키트,2026-06-22,115600.0,126252.0,108898.93,13.745,0.69,0.97,15.5,False,False,False,미돌파,0,0.0
058610,에스피지,2026-06-22,86400.0,88777.2,82371.43,7.216,6.12,0.44,12.28,True,False,False,미돌파,0,0.0
214150,클래시스,2026-06-22,46250.0,47645.1,44799.46,5.973,10.87,0.7,-5.59,True,False,False,미돌파,0,0.0
127120,제이에스링크,2026-06-22,35250.0,36573.0,33705.18,7.841,11.11,0.46,1.26,False,False,False,미돌파,0,0.0
035900,JYP Ent.,2026-06-22,54800.0,57615.0,53262.32,7.555,7.89,1.24,1.97,False,False,False,미돌파,0,0.0
475830,오름테라퓨틱,2026-06-22,60300.0,62524.8,55838.57,10.694,11.11,0.53,4.59,False,False,False,미돌파,0,0.0
033790,피노,2026-06-22,8340.0,8897.76,7875.57,11.488,12.79,0.47,10.99,True,False,False,미돌파,0,0.0
058650,세아홀딩스,2026-06-22,119200.0,122544.6,111792.5,8.774,8.6,0.41,9.97,True,False,False,미돌파,0,0.0
383310,에코프로에이치엔,2026-06-22,32350.0,33216.3,30455.89,8.31,6.67,0.71,-8.19,True,False,True,손절,1,-1.036
002380,KCC,2026-06-22,517000.0,546090.0,499560.71,8.52,5.13,0.64,7.35,False,False,False,미돌파,0,0.0
036830,솔브레인홀딩스,2026-06-22,40800.0,42434.7,39370.71,7.22,8.16,0.72,12.73,True,False,False,미돌파,0,0.0
018290,브이티,2026-06-22,11580.0,12044.04,11318.46,6.024,13.56,0.48,9.67,False,False,False,미돌파,0,0.0
001120,LX인터내셔널,2026-06-22,35600.0,37174.2,33008.39,11.206,12.16,0.65,12.96,True,False,False,미돌파,0,0.0
060250,NHN KCP,2026-06-22,13960.0,14318.58,13549.89,5.368,10.17,0.55,10.57,True,False,False,미돌파,0,0.0
006800,미래에셋증권,2026-06-22,46100.0,47244.3,44510.71,5.786,14.63,1.0,10.66,True,False,False,미돌파,0,0.0
064960,SNT모티브,2026-06-22,28150.0,28857.6,27461.07,4.839,4.55,0.7,9.49,False,False,False,미돌파,0,0.0
161000,애경케미칼,2026-06-22,10510.0,10971.9,10212.0,6.926,7.94,0.5,6.33,False,False,False,미돌파,0,0.0
490470,세미파이브,2026-06-22,24550.0,25450.8,22914.11,9.967,0.0,0.48,10.4,True,False,False,미돌파,0,0.0
019170,신풍제약,2026-06-22,8390.0,8777.52,8240.04,6.123,13.33,0.46,9.1,False,False,False,미돌파,0,0.0
010170,대한광통신,2026-06-22,15900.0,16953.84,14837.32,12.484,5.81,0.57,16.14,True,False,False,미돌파,0,0.0
015760,한국전력,2026-06-22,38000.0,38777.4,37154.46,4.185,12.5,0.79,8.21,False,False,False,미돌파,0,0.0
087010,펩트론,2026-06-22,205000.0,214929.0,196562.14,8.546,10.2,0.89,11.45,True,False,False,미돌파,0,0.0
122870,와이지엔터테인먼트,2026-06-22,44050.0,46643.1,43030.0,7.746,3.23,0.78,2.11,False,False,False,미돌파,0,0.0
000150,두산,2026-06-22,1631000.0,1693380.0,1565989.29,7.523,1.03,0.55,4.56,False,False,True,손절,1,-1.04
137400,피엔티,2026-06-22,39950.0,41282.4,38456.7,6.845,6.32,0.7,9.2,False,False,False,미돌파,0,0.0
003540,대신증권,2026-06-22,28500.0,29058.0,27779.82,4.399,0.0,0.56,4.36,False,False,False,미돌파,0,0.0
099320,쎄트렉아이,2026-06-22,105000.0,106813.2,99351.07,6.986,10.71,0.42,2.78,True,False,False,미돌파,0,0.0
326030,SK바이오팜,2026-06-22,85500.0,93386.4,82656.79,11.489,7.22,0.4,5.21,False,False,False,미돌파,0,0.0
062040,산일전기,2026-06-22,229500.0,238476.0,221700.0,7.035,11.54,0.49,8.57,False,False,True,손절,1,-1.043
353200,대덕전자,2026-06-22,155000.0,163326.0,149069.46,8.729,2.68,0.48,7.57,False,False,False,미돌파,0,0.0
000250,삼천당제약,2026-06-22,241500.0,250500.0,229150.0,8.523,6.06,0.61,9.21,True,False,False,미돌파,0,0.0
222080,SFA넥셀,2026-06-22,9910.0,10320.6,9585.54,7.122,4.92,0.49,9.0,True,False,False,미돌파,0,0.0
023160,태광,2026-06-22,28650.0,29659.2,27372.86,7.709,8.11,0.62,9.05,False,False,False,미돌파,0,0.0
041960,코미팜,2026-06-22,7880.0,8046.06,7472.86,7.124,4.44,0.5,4.6,False,False,True,손절,4,-1.042
067160,SOOP,2026-06-22,46350.0,47645.1,45349.11,4.819,10.81,0.48,8.58,False,False,False,미돌파,0,0.0
030520,한컴,2026-06-22,18910.0,19428.78,18606.75,4.231,6.25,0.58,7.08,False,False,False,미돌파,0,0.0
456040,OCI,2026-06-22,99300.0,104709.0,95133.39,9.145,10.0,0.86,-1.74,True,False,False,미돌파,0,0.0
249420,일동제약,2026-06-22,17760.0,18687.3,17278.93,7.537,3.36,0.66,8.92,True,False,False,미돌파,0,0.0
171090,선익시스템,2026-06-22,66000.0,68536.8,61532.14,10.22,15.0,0.47,11.17,True,False,False,미돌파,0,0.0
093320,케이아이엔엑스,2026-06-22,116300.0,119238.0,113251.43,5.021,8.7,0.57,14.36,True,False,False,미돌파,0,0.0
085660,차바이오텍,2026-06-22,11580.0,12024.0,11210.5,6.766,1.47,0.75,5.0,False,False,False,미돌파,0,0.0
093050,LF,2026-06-23,20900.0,21893.7,20047.5,8.433,12.5,1.28,11.44,True,False,False,미돌파,0,0.0
096530,씨젠,2026-06-23,27050.0,28106.1,26100.89,7.134,14.71,0.98,5.09,True,False,False,미돌파,0,0.0
009970,영원무역홀딩스,2026-06-23,167800.0,174147.6,162976.79,6.415,11.96,0.85,10.89,True,False,False,미돌파,0,0.0
006120,SK디스커버리,2026-06-23,44550.0,47244.3,42386.79,10.282,1.14,1.54,5.91,True,False,False,미돌파,0,0.0
023530,롯데쇼핑,2026-06-23,175000.0,186372.0,167516.79,10.117,11.32,0.57,11.62,False,False,False,미돌파,0,0.0
069960,현대백화점,2026-06-23,191600.0,205410.0,184407.5,10.225,0.57,0.66,3.43,False,False,False,미돌파,0,0.0
021240,코웨이,2026-06-23,86000.0,88977.6,84295.0,5.263,10.53,0.66,5.7,True,False,False,미돌파,0,0.0
0009K0,에임드바이오,2026-06-23,23900.0,25250.4,22950.54,9.108,2.78,0.52,16.43,True,False,True,손절,2,-1.033
018670,SK가스,2026-06-23,214000.0,228456.0,206855.36,9.455,5.13,1.32,7.36,True,False,False,미돌파,0,0.0
120110,코오롱인더,2026-06-23,66500.0,70440.6,62654.64,11.053,14.71,1.33,8.78,False,False,False,미돌파,0,0.0
081660,미스토홀딩스,2026-06-23,38800.0,40080.0,37086.96,7.468,4.0,0.6,7.95,False,False,False,미돌파,0,0.0
051900,LG생활건강,2026-06-23,225500.0,230460.0,218328.57,5.264,5.0,1.06,8.52,True,False,False,미돌파,0,0.0
001120,LX인터내셔널,2026-06-23,34850.0,35671.2,32655.71,8.454,11.76,0.62,18.0,True,False,False,미돌파,0,0.0
003230,삼양식품,2026-06-23,1072000.0,1138272.0,1033400.0,9.213,2.15,1.21,6.21,True,False,False,미돌파,0,0.0
085660,차바이오텍,2026-06-23,11470.0,11983.92,11180.71,6.702,7.46,0.97,7.2,False,False,False,미돌파,0,0.0
001440,대한전선,2026-06-24,34150.0,35220.3,32598.84,7.443,12.2,0.53,17.01,True,False,True,손절,2,-1.04
012630,HDC,2026-06-24,19600.0,20240.4,19031.18,5.974,8.08,0.89,9.05,False,False,True,손절,2,-1.05
323280,태성,2026-06-24,46300.0,48947.7,43586.07,10.954,2.22,0.65,9.04,True,False,False,미돌파,0,0.0
035900,JYP Ent.,2026-06-24,51000.0,51803.4,49025.89,5.362,9.09,1.03,10.53,True,False,False,미돌파,0,0.0
058470,리노공업,2026-06-24,85200.0,88677.0,81340.71,8.273,3.33,0.51,10.03,True,False,True,손절,5,-1.036
023530,롯데쇼핑,2026-06-24,174300.0,178255.8,164008.93,7.992,10.53,0.81,14.35,False,False,True,손절,3,-1.038
060250,NHN KCP,2026-06-24,13030.0,13406.76,12570.29,6.239,0.0,0.53,15.83,True,False,True,손절,2,-1.048
036810,에프에스티,2026-06-24,26400.0,27955.8,24807.5,11.262,13.21,0.96,18.52,True,False,False,미돌파,0,0.0
014820,동원시스템즈,2026-06-24,19010.0,19408.74,18216.18,6.144,2.02,1.42,11.38,True,False,False,미돌파,0,0.0
010780,아이에스동서,2026-06-24,21050.0,21593.1,20346.61,5.773,5.26,0.63,16.8,True,False,True,손절,2,-1.052
062040,산일전기,2026-06-24,223000.0,231963.0,210592.86,9.213,14.29,0.73,11.16,False,False,True,손절,2,-1.033
015750,성우하이텍,2026-06-24,6220.0,6352.68,6008.39,5.42,3.7,0.61,12.64,True,False,True,손절,1,-1.055
000810,삼성화재,2026-06-24,636000.0,653304.0,609217.86,6.748,8.33,1.12,6.33,False,False,True,손절,3,-1.044
251270,넷마블,2026-06-24,36600.0,37474.8,35300.18,5.803,2.86,0.8,12.12,True,False,False,미돌파,0,0.0
033240,자화전자,2026-06-24,28400.0,29358.6,27563.48,6.114,7.41,0.81,17.92,True,False,True,손절,2,-1.049
454910,두산로보틱스,2026-06-24,95000.0,100801.2,88786.07,11.92,0.0,0.51,10.55,True,False,False,미돌파,0,0.0
095610,테스,2026-06-24,162500.0,169338.0,149288.57,11.84,8.59,0.55,4.07,True,False,True,추적청산,6,0.935
192820,코스맥스,2026-06-24,151700.0,155410.2,146670.36,5.624,4.23,0.73,10.18,True,False,False,미돌파,0,0.0
036570,NC,2026-06-24,243500.0,247995.0,235508.93,5.035,10.53,0.39,8.63,True,False,True,손절,1,-1.06
267250,HD현대,2026-06-24,208500.0,214428.0,201933.93,5.827,5.26,1.04,20.57,True,False,True,손절,2,-1.214
001120,LX인터내셔널,2026-06-24,34850.0,35370.6,33556.79,5.128,7.41,0.83,12.11,False,False,True,추적청산,7,0.767
050890,쏠리드,2026-06-24,11210.0,11442.84,10712.25,6.385,3.57,0.57,12.63,True,False,True,손절,2,-1.047
035720,카카오,2026-06-24,34000.0,34669.2,33198.93,4.241,9.09,0.58,16.15,True,False,True,손절,2,-1.071
056080,유진로봇,2026-06-24,15300.0,16062.06,14616.79,8.998,9.17,0.82,20.68,True,False,False,미돌파,0,0.0
114090,GKL,2026-06-24,10880.0,11192.34,10639.79,4.937,4.55,0.44,6.85,False,False,False,미돌파,0,0.0
032830,삼성생명,2026-06-24,433000.0,443886.0,409778.57,7.684,9.09,1.2,3.13,True,False,True,손절,3,-1.039
015760,한국전력,2026-06-24,36750.0,38577.0,35734.64,7.368,4.17,0.97,9.26,False,False,True,시간손절,5,-0.384
352820,하이브,2026-06-24,193900.0,198396.0,188154.64,5.162,3.85,0.91,17.66,True,False,True,손절,1,-1.058
002380,KCC,2026-06-24,479000.0,512022.0,463669.64,9.443,1.23,1.36,12.75,True,False,True,시간손절,5,-0.756
420770,기가비스,2026-06-24,155800.0,165330.0,138168.21,16.429,6.25,1.62,-10.73,True,False,True,추적청산,6,0.641
101490,에스앤에스텍,2026-06-24,54600.0,56913.6,51979.29,8.67,0.0,0.53,13.61,True,False,False,미돌파,0,0.0
003530,한화투자증권,2026-06-24,5010.0,5130.24,4836.21,5.731,4.35,0.85,15.51,True,False,True,손절,2,-1.052
082920,비츠로셀,2026-06-24,40450.0,41783.4,39174.64,6.244,7.69,0.37,7.65,True,False,False,미돌파,0,0.0
388210,씨엠티엑스,2026-06-24,93600.0,97895.4,89384.29,8.694,4.48,0.6,13.25,True,False,True,손절,2,-1.035
002350,넥센타이어,2026-06-24,6420.0,6633.24,6269.96,5.477,6.67,0.74,13.13,True,False,False,미돌파,0,0.0
005300,롯데칠성,2026-06-24,97800.0,98897.4,94939.64,4.002,12.5,0.98,7.74,True,False,True,손절,2,-1.075
489790,한화비전,2026-06-24,54700.0,57013.8,51907.86,8.956,7.5,0.71,24.03,True,False,True,손절,2,-1.033
034220,LG디스플레이,2026-06-24,12180.0,12354.66,11483.29,7.053,0.0,0.35,11.55,True,False,True,손절,2,-1.043
112040,위메이드,2026-06-24,15320.0,15771.48,14930.43,5.333,12.12,0.93,15.64,True,False,False,미돌파,0,0.0
089860,롯데렌탈,2026-06-24,27650.0,27855.6,26876.96,3.513,6.67,1.07,11.52,True,True,False,미돌파,0,0.0
053610,프로텍,2026-06-24,80700.0,81162.0,71656.07,11.712,9.88,0.81,5.17,False,True,True,손절,3,-1.026
032820,우리기술,2026-06-24,12700.0,13326.6,12087.21,9.3,10.31,0.56,18.33,True,False,False,미돌파,0,0.0
003620,KG모빌리티,2026-06-24,2825.0,2885.76,2750.46,4.688,4.76,0.65,12.4,True,False,False,미돌파,0,0.0
090460,비에이치,2026-06-24,22500.0,23496.9,21634.64,7.926,10.34,0.58,22.01,True,False,False,미돌파,0,0.0
267260,HD현대일렉트릭,2026-06-24,937000.0,960918.0,896857.14,6.667,12.5,0.95,16.34,False,False,True,손절,2,-1.045
137400,피엔티,2026-06-24,37350.0,38276.4,35114.02,8.262,14.81,0.76,12.73,True,False,True,손절,2,-1.072
121600,나노신소재,2026-06-24,51200.0,52805.4,49408.57,6.433,14.81,0.63,15.37,True,False,False,미돌파,0,0.0
007340,DN오토모티브,2026-06-24,38050.0,38627.1,36132.32,6.459,12.82,1.13,15.63,True,False,True,손절,2,-1.046
101160,월덱스,2026-06-24,26800.0,28056.0,25740.54,8.253,10.53,0.85,9.15,True,False,True,추적청산,6,0.657
102710,이엔에프테크놀로지,2026-06-24,45800.0,47795.4,43220.18,9.573,2.63,0.8,14.39,False,False,False,미돌파,0,0.0
005380,현대차,2026-06-24,509000.0,523044.0,486508.93,6.985,14.04,0.76,17.64,True,False,True,손절,2,-1.043
074600,원익QnC,2026-06-24,34000.0,37925.7,32368.93,14.652,9.28,0.62,15.53,False,False,True,손절,2,-1.02
399720,가온칩스,2026-06-24,42500.0,44939.7,40958.93,8.858,11.48,0.71,22.3,True,False,False,미돌파,0,0.0
003470,유안타증권,2026-06-24,4415.0,4534.05,4331.71,4.463,13.33,0.54,16.54,True,False,True,손절,2,-1.067
065350,신성델타테크,2026-06-24,36500.0,37875.6,35518.04,6.224,0.0,0.77,13.4,True,False,True,손절,1,-1.048
002960,한국쉘석유,2026-06-24,487500.0,498495.0,471353.57,5.445,14.89,0.69,1.12,True,False,False,미돌파,0,0.0
357780,솔브레인,2026-06-24,337500.0,349698.0,315253.57,9.85,10.91,0.56,17.08,True,False,True,시간손절,5,-0.356
356860,티엘비,2026-06-24,39222.0,41769.37,36456.71,12.719,5.63,0.97,15.22,True,False,False,미돌파,0,0.0
017940,E1,2026-06-24,79500.0,81162.0,75424.64,7.069,10.0,0.41,6.91,True,False,True,손절,2,-1.042
041510,에스엠,2026-06-24,70600.0,72444.6,67875.54,6.307,11.11,0.8,14.11,True,False,False,미돌파,0,0.0
000670,영풍,2026-06-24,40700.0,41432.7,39106.79,5.614,2.7,1.08,15.47,True,False,True,손절,2,-1.053
251970,펌텍코리아,2026-06-24,34050.0,34569.0,32361.96,6.384,11.11,0.98,8.84,False,False,True,손절,2,-1.047
080220,제주반도체,2026-06-24,112900.0,121642.8,105568.57,13.214,11.85,0.84,-1.26,True,False,True,손절,1,-1.023
319400,현대무벡스,2026-06-24,27400.0,28306.5,25938.93,8.364,11.11,0.35,24.2,True,False,True,손절,1,-1.036
042660,한화오션,2026-06-24,106000.0,109919.4,101586.07,7.581,1.52,0.62,20.36,False,False,True,손절,2,-1.04
281820,케이씨텍,2026-06-24,81500.0,84268.2,76518.21,9.197,1.64,0.61,11.03,False,False,True,손절,2,-1.033
009150,삼성전기,2026-06-24,1964000.0,2094180.0,1868942.86,10.755,8.47,0.71,3.35,True,False,False,미돌파,0,0.0
023590,다우기술,2026-06-24,35500.0,37324.5,34524.82,7.501,0.0,0.98,8.62,True,False,False,미돌파,0,0.0
000990,DB하이텍,2026-06-24,152400.0,159919.2,142215.89,11.07,2.68,0.87,3.85,True,False,True,손절,3,-1.027
005290,동진쎄미켐,2026-06-24,57400.0,59418.6,53053.04,10.713,12.96,0.7,11.01,False,False,True,시간손절,5,-0.487
010120,LS ELECTRIC,2026-06-24,224500.0,233967.0,213374.29,8.802,6.06,0.73,11.96,False,False,True,손절,2,-1.034
067160,SOOP,2026-06-24,45750.0,46542.9,44372.68,4.663,2.86,0.84,5.67,True,False,True,추적청산,6,0.944
282330,BGF리테일,2026-06-24,116900.0,122244.0,107022.5,12.452,0.72,0.75,2.58,True,False,False,미돌파,0,0.0
005830,DB손해보험,2026-06-24,137300.0,141983.4,132569.64,6.63,5.0,0.74,9.37,True,False,False,미돌파,0,0.0
248070,솔루엠,2026-06-24,16430.0,16763.46,15654.21,6.617,8.7,0.81,12.28,True,False,False,미돌파,0,0.0
278280,천보,2026-06-24,40950.0,41532.9,37919.46,8.7,14.75,0.86,4.88,False,True,True,손절,2,-1.034
006260,LS,2026-06-24,353500.0,367734.0,337160.71,8.314,8.33,1.33,18.36,True,False,True,손절,2,-1.036
011070,LG이노텍,2026-06-24,957000.0,1024044.0,915150.0,10.634,13.95,0.58,23.32,True,False,False,미돌파,0,0.0
036540,SFA반도체,2026-06-24,6150.0,6462.9,5864.64,9.257,8.16,0.58,16.1,True,False,False,미돌파,0,0.0
373220,LG에너지솔루션,2026-06-24,365500.0,369237.0,350362.5,5.112,6.9,0.58,12.14,True,False,True,손절,2,-1.059
032500,케이엠더블유,2026-06-24,20850.0,21442.8,19653.04,8.347,11.11,0.38,19.03,True,False,True,손절,1,-1.036
012750,에스원,2026-06-24,71700.0,72995.7,68325.18,6.398,2.74,0.78,2.85,False,False,True,손절,2,-1.047
365340,성일하이텍,2026-06-24,42700.0,43887.6,41083.93,6.388,9.52,0.45,18.36,True,False,True,손절,1,-1.047
000270,기아,2026-06-24,138900.0,141682.8,134942.5,4.757,7.84,0.77,16.48,True,False,True,손절,2,-1.063
007660,이수페타시스,2026-06-24,107300.0,112123.8,103317.14,7.854,11.76,0.54,13.47,True,False,True,손절,2,-1.038
100840,SNT에너지,2026-06-24,28850.0,29809.5,27953.57,6.226,7.14,0.8,23.17,True,False,False,미돌파,0,0.0
009830,한화솔루션,2026-06-24,33600.0,34869.6,32514.17,6.755,11.11,0.49,18.64,True,False,True,손절,2,-1.044
045100,한양이엔지,2026-06-24,27800.0,28957.8,26914.64,7.056,6.06,0.43,14.85,True,False,True,손절,2,-1.043
003380,하림지주,2026-06-24,9600.0,9889.74,9321.18,5.749,8.7,0.76,13.44,True,False,True,손절,2,-1.052
415640,KB발해인프라,2026-06-24,9850.0,9969.9,9610.25,3.607,13.33,0.52,1.99,False,False,True,시간손절,5,0.223
014680,한솔케미칼,2026-06-24,261500.0,272043.0,249341.07,8.345,13.51,0.7,13.12,False,False,True,추적청산,6,0.54
005940,NH투자증권,2026-06-24,28750.0,29408.7,27821.43,5.397,12.0,0.53,11.13,True,False,True,손절,2,-1.056
009240,한샘,2026-06-25,32450.0,33617.1,31781.61,5.46,3.33,0.93,4.14,True,False,False,미돌파,0,0.0
127120,제이에스링크,2026-06-25,34600.0,35971.8,33324.11,7.36,7.5,0.58,1.7,False,False,True,손절,1,-1.041
222800,심텍,2026-06-25,126200.0,133366.2,121051.43,9.234,13.4,0.69,1.02,False,False,True,손절,2,-1.032
048410,현대바이오,2026-06-25,8050.0,8567.1,7641.93,10.799,13.92,0.5,12.5,True,False,False,미돌파,0,0.0
207940,삼성바이오로직스,2026-06-25,1386000.0,1430856.0,1349616.07,5.678,4.48,1.11,3.08,False,False,False,미돌파,0,0.0
032830,삼성생명,2026-06-25,447000.0,468435.0,435364.29,7.06,1.89,0.96,4.69,False,False,False,미돌파,0,0.0
008770,호텔신라,2026-06-25,48400.0,50049.9,46961.07,6.171,14.29,0.79,15.97,True,False,False,미돌파,0,0.0
298020,효성티앤씨,2026-06-25,278000.0,288075.0,270533.93,6.089,14.81,0.69,13.93,False,False,False,미돌파,0,0.0
031210,서울보증보험,2026-06-25,40800.0,41633.1,40267.68,3.28,10.0,0.45,8.52,False,False,False,미돌파,0,0.0
033780,KT&G,2026-06-25,170500.0,175550.4,166872.5,4.943,5.48,0.67,5.49,True,False,False,미돌파,0,0.0
007310,오뚜기,2026-06-25,300000.0,305610.0,296280.36,3.053,0.0,0.44,6.1,True,False,False,미돌파,0,0.0
383220,F&F,2026-06-25,74300.0,76653.0,72622.5,5.258,6.67,0.66,7.59,False,False,False,미돌파,0,0.0
051900,LG생활건강,2026-06-25,224000.0,232965.0,219037.5,5.978,0.0,0.91,5.49,True,False,False,미돌파,0,0.0
005880,대한해운,2026-06-25,1880.0,1926.85,1842.12,4.397,3.08,0.36,8.74,False,False,False,미돌파,0,0.0
062040,산일전기,2026-06-25,229500.0,237474.0,221092.86,6.898,4.0,0.76,4.97,False,False,False,미돌파,0,0.0
281740,레이크머티리얼즈,2026-06-25,14260.0,15019.98,13918.38,7.334,11.36,0.63,12.68,True,False,True,손절,1,-1.041
000810,삼성화재,2026-06-25,651000.0,666330.0,635421.43,4.639,8.7,0.63,7.0,False,False,False,미돌파,0,0.0
018290,브이티,2026-06-25,11300.0,11713.38,11081.25,5.397,2.0,0.77,7.45,True,False,False,미돌파,0,0.0
060250,NHN KCP,2026-06-25,12920.0,13476.9,12655.11,6.098,1.52,0.55,11.69,True,False,False,미돌파,0,0.0
383310,에코프로에이치엔,2026-06-25,27950.0,29859.6,27102.14,9.235,11.11,0.56,16.19,False,False,True,손절,1,-1.032
145020,휴젤,2026-06-25,254000.0,264528.0,244401.79,7.608,0.0,0.83,-1.2,True,False,False,미돌파,0,0.0
357780,솔브레인,2026-06-25,347000.0,361722.0,328350.0,9.226,13.21,0.51,13.9,False,False,False,미돌파,0,0.0
001430,세아베스틸지주,2026-06-25,34150.0,35921.7,33224.64,7.508,9.76,0.82,20.95,True,False,False,미돌파,0,0.0
002350,넥센타이어,2026-06-26,6350.0,6553.08,6100.29,6.91,12.82,0.73,8.9,True,False,True,추적청산,4,0.619
035250,강원랜드,2026-06-26,14130.0,14228.4,13841.89,2.716,3.57,0.71,7.47,True,False,True,추적청산,4,0.482
353200,대덕전자,2026-06-26,133200.0,146492.4,125450.54,14.364,1.1,0.94,14.78,True,False,False,미돌파,0,0.0
026960,동서,2026-06-26,22950.0,23597.1,22204.29,5.902,8.33,1.31,7.46,True,False,True,추적청산,7,1.06
003030,세아제강지주,2026-06-26,111900.0,114428.4,106666.79,6.783,11.67,0.86,11.96,True,False,True,추적청산,2,0.456
082270,젬백스,2026-06-26,11410.0,11783.52,10668.12,9.466,0.0,0.96,13.95,True,False,True,추적청산,4,0.556
050890,쏠리드,2026-06-26,10700.0,11152.26,10314.57,7.511,2.94,0.74,9.55,True,False,True,손절,5,-1.04
004370,농심,2026-06-26,329500.0,331161.0,316942.86,4.293,8.7,1.08,9.48,True,True,True,추적청산,7,1.181
140860,파크시스템스,2026-06-26,241500.0,247995.0,229175.0,7.589,13.79,0.83,5.48,True,False,True,추적청산,11,1.058
009150,삼성전기,2026-06-26,1993000.0,2153298.0,1878671.43,12.754,2.93,0.91,12.2,True,False,False,미돌파,0,0.0
295310,에이치브이엠,2026-06-26,51300.0,54408.6,47108.75,13.417,8.85,0.86,22.04,True,False,True,추적청산,4,0.478
144960,뉴파워프라즈마,2026-06-26,7070.0,7114.2,6417.86,9.788,3.57,0.81,16.23,True,True,True,추적청산,4,0.675
011070,LG이노텍,2026-06-26,931000.0,1007010.0,882325.0,12.382,7.69,0.73,18.69,True,False,False,미돌파,0,0.0
097230,HJ중공업,2026-06-26,20650.0,21492.9,19731.54,8.195,13.61,1.13,7.4,False,False,True,손절,2,-1.037
007660,이수페타시스,2026-06-26,107800.0,115029.6,101456.43,11.8,1.71,0.72,6.34,True,False,False,미돌파,0,0.0
232140,와이씨,2026-06-26,12540.0,13316.58,12021.8,9.723,8.33,0.81,12.92,True,False,True,손절,4,-1.031
067310,하나마이크론,2026-06-26,48600.0,51703.2,45784.82,11.447,13.13,1.01,0.82,True,False,False,미돌파,0,0.0
003550,LG,2026-06-26,98600.0,102705.0,92730.0,9.712,12.79,0.47,9.46,True,False,False,미돌파,0,0.0
090430,아모레퍼시픽,2026-06-26,97000.0,98196.0,93320.71,4.965,0.0,0.8,7.27,True,False,True,추적청산,9,2.696
065350,신성델타테크,2026-06-26,28100.0,31062.0,26569.29,14.464,5.0,4.15,29.22,True,False,True,시간손절,5,-0.346
001820,삼화콘덴서,2026-06-26,130600.0,143586.6,116404.64,18.931,6.03,0.41,23.85,False,False,False,미돌파,0,0.0
089030,테크윙,2026-06-26,51800.0,54308.4,47587.68,12.375,5.56,0.63,13.95,True,False,False,미돌파,0,0.0
219130,타이거일렉,2026-06-26,58000.0,61823.4,55109.29,10.86,7.69,1.12,15.33,False,False,False,미돌파,0,0.0
195870,해성디에스,2026-06-26,68500.0,75049.8,65789.64,12.339,2.56,0.77,6.55,True,False,False,미돌파,0,0.0
271560,오리온,2026-06-26,126400.0,128256.0,123238.21,3.912,10.0,1.35,5.67,False,False,True,추적청산,6,1.285
000810,삼성화재,2026-06-26,636000.0,645288.0,605485.71,6.168,12.5,0.85,9.14,False,True,False,미돌파,0,0.0
145020,휴젤,2026-06-26,252500.0,259518.0,241955.36,6.767,6.9,1.2,-4.34,True,False,True,추적청산,5,0.512
007340,DN오토모티브,2026-06-26,36750.0,37575.0,34190.36,9.008,10.53,1.34,12.6,True,False,True,시간손절,5,0.225
064760,티씨케이,2026-06-26,251500.0,272043.0,240282.14,11.675,9.09,1.1,2.71,False,False,True,손절,5,-1.026
008060,대덕,2026-06-26,16200.0,16873.68,15220.29,9.799,6.34,1.35,18.1,True,False,False,미돌파,0,0.0
036460,한국가스공사,2026-06-26,31900.0,32264.4,30958.21,4.048,9.52,0.72,7.27,True,False,True,추적청산,8,0.631
036930,주성엔지니어링,2026-06-26,165600.0,179658.6,157326.07,12.431,7.34,0.9,14.24,True,False,True,추적청산,5,0.855
066570,LG전자,2026-06-26,195900.0,201402.0,180290.36,10.482,12.87,0.54,7.38,True,False,False,미돌파,0,0.0
383310,에코프로에이치엔,2026-06-26,28150.0,31162.2,26485.54,15.007,4.82,1.12,15.59,False,False,True,손절,5,-1.02
003690,코리안리,2026-06-26,12630.0,12895.74,12266.14,4.882,13.73,1.27,5.82,True,False,False,미돌파,0,0.0
192080,더블유게임즈,2026-06-26,60000.0,61021.8,57406.43,5.925,13.79,0.85,7.41,True,False,True,추적청산,5,0.861
082640,동양생명,2026-06-26,7040.0,7254.48,6679.25,7.929,0.0,1.0,8.69,True,False,True,시간손절,5,0.319
000080,하이트진로,2026-06-26,14260.0,14569.08,13760.79,5.548,8.45,1.26,7.94,True,False,True,시간손절,5,0.541
018670,SK가스,2026-06-26,203000.0,207915.0,197052.86,5.224,5.62,1.09,5.8,True,False,True,추적청산,8,0.907
124500,아이티센글로벌,2026-06-26,21500.0,22945.8,19373.93,15.567,10.53,2.16,31.09,True,False,True,시간손절,5,-0.032
052400,코나아이,2026-06-26,39450.0,40380.6,37187.5,7.908,0.0,0.89,11.65,True,False,True,추적청산,5,1.24
000640,동아쏘시오홀딩스,2026-06-26,75800.0,76853.4,74054.29,3.642,13.64,1.07,4.77,True,False,True,추적청산,9,1.355
251970,펌텍코리아,2026-06-26,32550.0,33967.8,31065.71,8.544,10.0,1.21,8.31,True,False,True,추적청산,8,1.797
000240,한국앤컴퍼니,2026-06-26,22650.0,23246.4,21918.75,5.711,10.0,0.64,8.85,True,False,True,추적청산,8,1.315
101160,월덱스,2026-06-26,27250.0,28857.6,26083.57,9.613,10.64,0.89,5.38,True,False,True,시간손절,5,-0.052
010780,아이에스동서,2026-06-26,20900.0,21593.1,19914.29,7.775,7.14,0.83,11.06,True,False,True,추적청산,3,0.461
376300,디어유,2026-06-26,19530.0,20290.5,19003.57,6.343,3.88,1.35,12.62,True,False,True,추적청산,8,0.923
031980,피에스케이홀딩스,2026-06-29,134700.0,139779.0,122376.79,12.45,7.38,0.96,-5.23,True,False,True,추적청산,3,0.476
219130,타이거일렉,2026-06-29,59200.0,61422.6,55719.64,9.285,2.33,0.42,16.74,False,False,True,추적청산,4,0.468
007660,이수페타시스,2026-06-29,109700.0,111723.0,100385.36,10.148,11.58,0.95,6.96,True,False,True,추적청산,4,0.597
950160,코오롱티슈진,2026-06-29,97400.0,102504.6,88312.14,13.846,4.72,1.38,4.13,True,False,False,미돌파,0,0.0
008060,대덕,2026-06-29,16080.0,16352.64,15203.93,7.025,11.96,0.55,15.72,True,True,True,손절,4,-1.043
066570,LG전자,2026-06-29,196700.0,198997.2,182881.43,8.098,8.8,0.48,13.54,True,False,True,손절,3,-1.037
009150,삼성전기,2026-06-29,2038000.0,2133258.0,1954417.86,8.383,14.48,0.6,8.53,True,False,True,손절,3,-1.036
001450,현대해상,2026-06-29,34700.0,34969.8,33361.43,4.599,0.0,0.9,5.71,True,False,True,추적청산,4,0.435
222800,심텍,2026-06-29,124300.0,129157.8,114940.36,11.008,5.13,0.55,7.24,True,False,True,추적청산,3,0.473
007390,네이처셀,2026-06-29,24750.0,25651.2,23128.75,9.834,11.9,0.38,10.0,True,False,False,미돌파,0,0.0
003490,대한항공,2026-06-29,28350.0,28757.4,26729.2,7.053,11.76,0.73,-4.81,True,False,False,미돌파,0,0.0
131970,두산테스나,2026-06-29,117000.0,120741.0,110113.93,8.802,3.75,0.74,18.01,True,False,True,손절,2,-1.034
403870,HPSP,2026-06-29,53700.0,58015.8,49717.68,14.303,1.49,0.66,10.5,False,False,False,미돌파,0,0.0
058470,리노공업,2026-06-29,85300.0,86673.0,81123.93,6.402,4.55,0.86,7.68,True,False,True,손절,2,-1.047
062040,산일전기,2026-06-29,220500.0,228957.0,210146.43,8.216,6.67,0.69,3.92,False,False,True,추적청산,4,0.89
014680,한솔케미칼,2026-06-29,278500.0,302103.0,251303.57,16.815,4.3,1.61,1.76,False,False,True,손절,5,-1.018
267260,HD현대일렉트릭,2026-06-29,937000.0,981960.0,886728.57,9.698,8.86,0.72,9.29,False,False,True,추적청산,4,0.506
000660,SK하이닉스,2026-06-29,2628000.0,2693376.0,2481685.71,7.86,4.68,0.9,9.97,False,False,True,손절,3,-1.656
000670,영풍,2026-06-29,41600.0,41683.2,38125.0,8.536,8.06,1.05,1.65,False,True,False,미돌파,0,0.0
003690,코리안리,2026-06-29,12650.0,12755.46,12064.39,5.418,3.45,0.71,1.17,True,True,True,추적청산,8,0.875
005290,동진쎄미켐,2026-06-29,56100.0,57314.4,53307.14,6.992,6.45,0.52,12.07,False,False,True,추적청산,3,0.044
281820,케이씨텍,2026-06-29,90900.0,95290.2,81583.21,14.384,13.45,1.39,3.3,False,False,True,추적청산,4,1.096
001740,SK네트웍스,2026-06-29,9550.0,10020.0,9098.96,9.192,2.82,0.24,5.91,True,False,True,손절,4,-1.033
067310,하나마이크론,2026-06-29,49400.0,50601.0,45814.82,9.459,9.09,0.68,13.03,True,False,True,손절,3,-1.032
095340,ISC,2026-06-29,185900.0,192083.4,175941.07,8.404,0.79,0.94,6.21,False,False,False,미돌파,0,0.0
018260,삼성에스디에스,2026-06-29,198700.0,203907.0,186740.54,8.419,0.7,0.65,4.7,False,False,False,미돌파,0,0.0
178320,서진시스템,2026-06-30,52500.0,54308.4,48862.32,10.028,9.3,0.68,7.41,False,False,True,손절,3,-1.03
219130,타이거일렉,2026-06-30,60100.0,64428.6,56208.93,12.758,11.76,0.68,10.03,False,False,True,추적청산,2,0.476
030190,NICE평가정보,2026-06-30,13740.0,14078.1,13216.0,6.124,14.67,0.55,0.22,False,False,False,미돌파,0,0.0
119850,지엔씨에너지,2026-06-30,22700.0,23597.1,20991.75,11.041,2.22,1.23,-15.23,True,False,True,추적청산,6,1.049
316140,우리금융지주,2026-06-30,29000.0,29609.1,28434.11,3.968,5.56,1.33,1.53,False,False,True,추적청산,6,0.804
033790,피노,2026-06-30,7210.0,7555.08,6652.82,11.942,7.89,0.59,0.96,False,False,True,손절,3,-1.025
486990,노타,2026-06-30,20700.0,21793.5,19446.14,10.771,12.5,0.42,6.33,False,False,False,미돌파,0,0.0
038500,삼표시멘트,2026-06-30,8810.0,9018.0,8287.25,8.103,8.62,0.38,1.34,True,False,True,추적청산,2,0.463
067310,하나마이크론,2026-06-30,49850.0,51302.4,46420.71,9.516,1.27,0.68,-0.4,True,False,True,손절,2,-1.032
490470,세미파이브,2026-06-30,21500.0,23346.6,20488.66,12.241,6.12,0.66,1.83,False,False,False,미돌파,0,0.0
078600,대주전자재료,2026-06-30,97300.0,99198.0,92630.71,6.62,14.0,0.5,1.62,False,False,True,손절,2,-1.045
489790,한화비전,2026-06-30,54200.0,55611.0,51255.71,7.832,8.82,0.62,2.52,True,False,True,손절,2,-1.038
204270,제이앤티씨,2026-06-30,18490.0,18927.78,17277.57,8.718,14.96,0.45,14.4,False,False,True,손절,2,-1.13
001450,현대해상,2026-06-30,34850.0,35621.1,33874.82,4.902,11.11,0.57,3.19,False,False,True,손절,1,-1.061
000990,DB하이텍,2026-06-30,144200.0,151101.6,136055.18,9.958,2.42,1.06,4.57,True,False,False,미돌파,0,0.0
082920,비츠로셀,2026-06-30,40500.0,41633.1,38979.29,6.374,14.63,0.44,1.1,False,False,True,손절,2,-1.047
232140,와이씨,2026-06-30,13150.0,13737.42,12784.82,6.934,4.0,0.55,0.15,False,False,True,손절,2,-1.043
102710,이엔에프테크놀로지,2026-06-30,45900.0,48296.4,43689.46,9.539,7.79,0.79,2.65,False,False,True,손절,2,-1.031
059090,미코,2026-06-30,17800.0,18266.46,16881.21,7.584,10.58,0.35,10.64,True,False,True,추적청산,2,0.46
010060,OCI홀딩스,2026-06-30,214500.0,222945.0,199645.18,10.451,5.41,0.51,0.69,False,False,True,추적청산,3,0.376
278280,천보,2026-06-30,40700.0,41282.4,39136.61,5.198,6.25,0.38,1.69,False,False,True,손절,1,-1.058
240810,원익IPS,2026-07-01,165600.0,188175.6,152681.07,18.862,9.15,2.69,-9.96,True,False,False,미돌파,0,0.0
249420,일동제약,2026-07-01,16840.0,17504.94,16293.75,6.919,11.0,0.61,4.21,False,False,False,미돌파,0,0.0
039490,키움증권,2026-07-01,347500.0,360720.0,337530.36,6.429,2.7,0.77,-10.67,True,False,False,미돌파,0,0.0
003850,보령,2026-07-01,8490.0,8627.22,8277.86,4.05,3.7,0.64,0.47,False,False,False,미돌파,0,0.0
067310,하나마이크론,2026-07-01,51300.0,54909.6,47800.18,12.948,4.84,1.23,-6.32,True,False,False,미돌파,0,0.0
439960,코스모로보틱스,2026-07-01,15360.0,16392.72,13966.0,14.804,13.98,0.32,18.56,True,False,False,미돌파,0,0.0
009240,한샘,2026-07-01,33100.0,33567.0,32252.5,3.916,15.0,0.99,-3.44,True,False,True,추적청산,5,0.423
247540,에코프로비엠,2026-07-01,132700.0,142785.0,127553.21,10.668,12.31,2.15,12.98,True,False,False,미돌파,0,0.0
000080,하이트진로,2026-07-01,14550.0,14709.36,14243.46,3.167,10.81,0.7,0.95,False,False,True,추적청산,5,0.588
003570,SNT다이내믹스,2026-07-01,35550.0,36422.7,34313.39,5.791,12.5,0.34,4.05,False,False,False,미돌파,0,0.0
079160,CJ CGV,2026-07-01,4345.0,4433.85,4278.48,3.504,12.5,0.67,3.01,False,False,False,미돌파,0,0.0
000880,한화,2026-07-01,101700.0,104608.8,98081.79,6.239,7.84,0.75,2.02,True,False,True,손절,1,-1.048
097230,HJ중공업,2026-07-01,20300.0,20541.0,19262.57,6.224,0.0,0.85,2.4,False,False,False,미돌파,0,0.0
096770,SK이노베이션,2026-07-01,98000.0,99198.0,92033.57,7.222,5.0,0.82,0.41,False,False,False,미돌파,0,0.0
000810,삼성화재,2026-07-01,623000.0,629256.0,596375.0,5.225,0.0,0.48,2.04,True,False,True,추적청산,6,0.88
383310,에코프로에이치엔,2026-07-01,30350.0,31763.4,28845.71,9.186,12.5,0.94,-8.2,True,False,False,미돌파,0,0.0
003490,대한항공,2026-07-01,27800.0,28356.6,26982.95,4.844,4.76,0.83,-1.65,True,False,True,손절,1,-1.062
036540,SFA반도체,2026-07-01,5890.0,6282.54,5710.93,9.098,8.33,0.85,4.23,False,False,False,미돌파,0,0.0
310210,보로노이,2026-07-01,189600.0,196091.4,176727.86,9.875,10.19,0.58,4.29,False,False,True,손절,2,-1.03
034020,두산에너빌리티,2026-07-01,88500.0,90981.6,85112.14,6.451,12.77,0.67,2.32,False,False,False,미돌파,0,0.0
293490,카카오게임즈,2026-07-01,7990.0,8386.74,7404.07,11.717,0.0,1.13,4.88,False,False,False,미돌파,0,0.0
007390,네이처셀,2026-07-01,23150.0,24298.5,22212.5,8.585,5.88,0.42,10.62,True,False,False,미돌파,0,0.0
032500,케이엠더블유,2026-07-01,18830.0,19839.6,18213.71,8.195,13.08,0.62,9.69,False,False,False,미돌파,0,0.0
010140,삼성중공업,2026-07-01,23750.0,24549.0,23144.46,5.721,0.0,0.78,3.46,False,False,False,미돌파,0,0.0
189300,인텔리안테크,2026-07-01,78400.0,81562.8,74824.64,8.261,11.11,0.5,2.24,False,False,False,미돌파,0,0.0
097950,CJ제일제당,2026-07-01,187800.0,190881.0,184262.14,3.468,5.88,0.7,1.16,False,False,True,추적청산,6,0.898
174900,앱클론,2026-07-01,28250.0,29458.8,25505.54,13.42,11.76,0.68,2.59,False,False,False,미돌파,0,0.0
298380,에이비엘바이오,2026-07-01,101500.0,108516.6,95539.64,11.958,1.77,1.01,-2.73,True,False,False,미돌파,0,0.0
047040,대우건설,2026-07-01,19420.0,20991.9,18538.64,11.687,4.48,0.84,0.31,False,False,False,미돌파,0,0.0
020560,아시아나항공,2026-07-01,7350.0,7474.92,7110.25,4.879,3.57,0.43,-1.24,True,False,True,추적청산,5,0.583
080220,제주반도체,2026-07-01,103300.0,108817.2,96735.0,11.103,12.5,0.54,8.5,False,False,False,미돌파,0,0.0
004170,신세계,2026-07-01,776000.0,777552.0,705089.29,9.319,3.28,0.67,-13.28,True,True,False,미돌파,0,0.0
008930,한미사이언스,2026-07-01,30650.0,30861.6,29455.18,4.557,4.55,0.96,-9.07,True,True,True,추적청산,2,0.434
290650,엘앤씨바이오,2026-07-01,90700.0,95891.4,84745.71,11.623,12.5,0.55,3.72,True,False,True,손절,2,-1.026
267260,HD현대일렉트릭,2026-07-01,1012000.0,1066128.0,975725.0,8.48,9.33,0.91,-8.0,True,False,True,손절,1,-1.035
323280,태성,2026-07-01,42550.0,44889.6,41018.57,8.623,6.45,0.71,8.1,False,False,False,미돌파,0,0.0
046890,서울반도체,2026-07-01,11340.0,11573.1,10789.71,6.769,14.29,0.43,5.1,False,False,False,미돌파,0,0.0
120110,코오롱인더,2026-07-01,62100.0,63025.8,59153.57,6.144,6.9,0.31,6.19,False,False,True,손절,1,-1.049
069960,현대백화점,2026-07-01,194000.0,198095.4,180832.14,8.715,11.97,0.89,-2.59,True,True,False,미돌파,0,0.0
068760,셀트리온제약,2026-07-01,41300.0,42785.4,40636.07,5.024,8.57,0.66,0.24,False,False,True,손절,1,-1.193
195870,해성디에스,2026-07-01,70600.0,71643.0,65296.79,8.858,8.0,1.11,-1.44,True,True,False,미돌파,0,0.0
466100,클로봇,2026-07-01,29362.0,30749.38,28630.16,6.892,8.57,0.54,6.77,False,False,False,미돌파,0,0.0
056190,SFA,2026-07-01,23500.0,24198.3,22675.0,6.295,12.0,1.03,1.47,False,False,False,미돌파,0,0.0
100790,미래에셋벤처투자,2026-07-01,19680.0,20841.6,18391.89,11.754,13.2,0.25,1.85,False,False,False,미돌파,0,0.0
298050,HS효성첨단소재,2026-07-01,164800.0,170340.0,160625.0,5.703,10.26,0.82,3.68,False,False,False,미돌파,0,0.0
000100,유한양행,2026-07-02,70100.0,72945.6,67511.79,7.449,6.38,1.03,1.68,False,False,False,미돌파,0,0.0
195940,HK이노엔,2026-07-02,41200.0,42534.9,39964.11,6.044,9.3,0.79,-3.78,True,False,False,미돌파,0,0.0
0126Z0,삼성에피스홀딩스,2026-07-02,414000.0,431361.0,399426.79,7.403,11.54,0.89,5.91,False,False,False,미돌파,0,0.0
004020,현대제철,2026-07-02,28050.0,29058.0,26816.61,7.714,13.16,0.73,0.36,False,False,False,미돌파,0,0.0
005880,대한해운,2026-07-02,1855.0,1923.84,1816.37,5.586,13.33,1.0,1.33,False,False,False,미돌파,0,0.0
011780,금호석유화학,2026-07-02,116900.0,120139.8,110195.71,8.277,10.59,1.12,-0.52,True,False,False,미돌파,0,0.0
079160,CJ CGV,2026-07-02,4320.0,4383.75,4182.89,4.582,12.12,1.06,1.48,True,False,True,추적청산,5,0.736
000880,한화,2026-07-02,103700.0,108717.0,94246.43,13.31,11.54,1.06,2.9,True,False,False,미돌파,0,0.0
437730,삼현,2026-07-02,35100.0,36122.1,32193.57,10.876,10.77,0.55,0.14,False,False,False,미돌파,0,0.0
034230,파라다이스,2026-07-02,14530.0,15631.2,14118.54,9.677,2.22,1.01,-11.17,True,False,False,미돌파,0,0.0
011070,LG이노텍,2026-07-02,874000.0,916830.0,832239.29,9.226,14.93,0.54,8.29,True,False,False,미돌파,0,0.0
326030,SK바이오팜,2026-07-02,86600.0,89378.4,82630.0,7.55,7.02,0.5,2.26,False,False,False,미돌파,0,0.0
259960,크래프톤,2026-07-02,244500.0,249999.0,233812.14,6.475,14.81,0.72,-17.55,True,False,False,미돌파,0,0.0
377300,카카오페이,2026-07-02,40600.0,42434.7,39109.2,7.837,3.51,0.82,0.85,False,False,False,미돌파,0,0.0
028260,삼성물산,2026-07-02,406500.0,425349.0,388857.14,8.579,10.91,0.99,21.68,True,False,True,손절,4,-1.035
036930,주성엔지니어링,2026-07-02,227500.0,252504.0,206528.21,18.208,3.61,1.15,-36.31,True,False,False,미돌파,0,0.0
100090,SK오션플랜트,2026-07-02,15590.0,16683.3,14803.43,11.268,10.32,0.74,6.37,False,False,False,미돌파,0,0.0
103140,풍산,2026-07-02,65600.0,67334.4,62644.29,6.965,10.26,0.71,0.76,False,False,False,미돌파,0,0.0
011170,롯데케미칼,2026-07-02,63500.0,65831.4,60677.86,7.828,0.0,0.69,5.79,True,False,False,미돌파,0,0.0
039130,하나투어,2026-07-02,32000.0,33567.0,30489.64,9.168,7.27,0.85,2.74,True,False,False,미돌파,0,0.0
112610,씨에스윈드,2026-07-02,43750.0,46242.3,41778.21,9.654,14.86,0.89,-4.92,True,False,False,미돌파,0,0.0
032830,삼성생명,2026-07-02,370500.0,381762.0,347100.0,9.079,3.51,0.9,17.11,False,False,True,손절,4,-1.033
012450,한화에어로스페이스,2026-07-02,1116000.0,1199394.0,1084058.93,9.616,1.98,1.46,-4.4,True,False,False,미돌파,0,0.0
114090,GKL,2026-07-02,10400.0,10931.82,10098.04,7.627,12.33,0.47,2.99,True,False,False,미돌파,0,0.0
009540,HD한국조선해양,2026-07-02,362500.0,370740.0,346566.07,6.52,15.0,0.75,0.96,False,False,False,미돌파,0,0.0
001720,신영증권,2026-07-02,159300.0,165129.6,155206.79,6.009,8.75,0.53,3.1,True,False,True,추적청산,3,0.45
207940,삼성바이오로직스,2026-07-02,1406000.0,1452900.0,1340480.36,7.738,9.28,0.99,-1.44,True,False,True,손절,5,-1.039
003570,SNT다이내믹스,2026-07-02,34900.0,36372.6,33859.64,6.909,7.5,0.45,3.06,False,False,False,미돌파,0,0.0
033100,제룡전기,2026-07-02,55500.0,57114.0,51224.82,10.311,10.0,2.09,-22.79,True,False,False,미돌파,0,0.0
034220,LG디스플레이,2026-07-02,10980.0,11593.14,10533.61,9.139,2.22,0.82,9.26,True,False,False,미돌파,0,0.0
068270,셀트리온,2026-07-02,176600.0,183566.4,167680.0,8.654,14.08,1.13,-2.02,True,False,True,시간손절,5,-0.693
307950,현대오토에버,2026-07-02,509000.0,531060.0,480087.5,9.598,9.52,0.57,6.78,True,False,False,미돌파,0,0.0
300720,한일시멘트,2026-07-02,13990.0,14418.78,13802.96,4.271,12.5,0.72,-5.51,True,False,False,미돌파,0,0.0
450080,에코프로머티,2026-07-03,40050.0,40380.6,36492.59,9.628,1.54,0.97,5.54,True,True,True,손절,3,-1.031
102710,이엔에프테크놀로지,2026-07-03,41150.0,41733.3,38217.32,8.425,14.29,0.65,5.18,True,False,True,손절,3,-1.083
131290,티에스이,2026-07-03,251000.0,262524.0,232891.07,11.288,4.0,0.94,-12.3,True,False,True,손절,1,-1.027
003670,포스코퓨처엠,2026-07-03,162200.0,163927.2,147332.5,10.123,8.51,1.31,-1.0,True,True,False,미돌파,0,0.0
108320,LX세미콘,2026-07-03,39250.0,39528.9,37286.25,5.673,11.11,0.53,-2.75,True,True,False,미돌파,0,0.0
278280,천보,2026-07-03,37200.0,39078.0,35451.07,9.281,4.84,0.46,1.59,True,False,False,미돌파,0,0.0
078600,대주전자재료,2026-07-03,89000.0,89879.4,78841.43,12.281,14.74,0.85,-1.25,True,True,False,미돌파,0,0.0
034730,SK,2026-07-03,690000.0,695388.0,618989.29,10.986,1.59,0.96,15.34,False,True,True,손절,2,-1.027
017670,SK텔레콤,2026-07-03,86400.0,87374.4,82734.64,5.31,2.63,0.66,4.64,True,False,False,미돌파,0,0.0
090710,휴림로봇,2026-07-03,7390.0,7484.94,6790.18,9.282,10.53,0.44,0.4,True,True,True,손절,3,-1.032
247540,에코프로비엠,2026-07-03,124400.0,125550.6,113465.71,9.626,14.0,0.84,6.96,True,True,False,미돌파,0,0.0
175330,JB금융지주,2026-07-03,26150.0,26853.6,25260.0,5.934,7.69,0.68,-14.44,True,False,False,미돌파,0,0.0
005830,DB손해보험,2026-07-03,146800.0,149298.0,141066.07,5.514,1.45,0.72,-11.63,True,False,True,추적청산,10,1.162
108490,로보티즈,2026-07-03,227500.0,232464.0,203675.0,12.384,0.0,0.74,1.94,True,False,True,손절,2,-1.024
195870,해성디에스,2026-07-03,60700.0,62224.2,56307.5,9.509,13.04,1.68,11.39,True,False,False,미돌파,0,0.0
475960,토모큐브,2026-07-03,34100.0,34468.8,31497.86,8.619,8.16,0.69,-6.4,True,True,True,손절,4,-1.035
036830,솔브레인홀딩스,2026-07-03,36600.0,36823.5,33527.32,8.951,3.57,0.77,-2.81,True,True,True,손절,3,-1.034
319400,현대무벡스,2026-07-03,23250.0,23947.8,21695.54,9.405,8.33,0.68,-1.53,True,False,False,미돌파,0,0.0
0126Z0,삼성에피스홀딩스,2026-07-03,416500.0,425349.0,398889.29,6.221,9.76,0.98,2.34,False,False,False,미돌파,0,0.0
075580,세진중공업,2026-07-03,13430.0,13527.0,12482.43,7.722,14.12,0.59,-2.52,True,True,True,손절,2,-1.039
222080,SFA넥셀,2026-07-03,8280.0,8376.72,7721.32,7.824,5.56,0.85,0.24,True,True,False,미돌파,0,0.0
353200,대덕전자,2026-07-03,129600.0,134869.2,118383.57,12.223,10.07,1.01,2.7,True,False,False,미돌파,0,0.0
095610,테스,2026-07-03,177300.0,180159.6,157613.93,12.514,7.53,0.85,3.27,False,True,True,손절,1,-1.024
383310,에코프로에이치엔,2026-07-03,28600.0,29609.1,25733.93,13.088,13.43,0.88,-1.6,True,True,False,미돌파,0,0.0
047040,대우건설,2026-07-03,18380.0,18577.08,16650.21,10.372,1.31,0.42,-1.04,True,True,True,손절,2,-1.029
018880,한온시스템,2026-07-03,3850.0,3872.73,3501.95,9.574,14.29,0.41,-8.15,True,True,True,손절,4,-1.031
307950,현대오토에버,2026-07-03,505000.0,510018.0,452462.5,11.285,4.08,0.73,0.39,True,True,True,손절,3,-1.052
051910,LG화학,2026-07-03,281500.0,285069.0,265044.64,7.024,0.0,0.56,-3.87,True,False,True,손절,2,-1.043
189300,인텔리안테크,2026-07-03,73700.0,74548.8,65521.07,12.11,7.69,0.66,-4.84,True,True,True,손절,3,-1.025
484870,엠앤씨솔루션,2026-07-03,27400.0,29158.2,24985.86,14.309,5.56,0.47,-25.98,True,False,True,추적청산,3,0.479
348370,엔켐,2026-07-03,24100.0,24849.6,22015.54,11.405,8.51,0.68,-0.42,True,False,False,미돌파,0,0.0
280360,롯데웰푸드,2026-07-03,102000.0,102805.2,98799.46,3.896,9.38,0.71,-10.99,True,False,True,추적청산,4,0.522
032500,케이엠더블유,2026-07-03,17160.0,17735.4,15519.29,12.495,14.74,0.66,5.04,True,True,False,미돌파,0,0.0
007070,GS리테일,2026-07-03,25000.0,25500.9,23629.29,7.339,12.5,0.6,-16.55,True,False,True,시간손절,5,0.199
001820,삼화콘덴서,2026-07-03,119300.0,125250.0,107996.43,13.775,14.07,0.76,8.65,False,False,False,미돌파,0,0.0
171090,선익시스템,2026-07-03,56700.0,57615.0,53251.07,7.574,2.86,0.66,-3.47,True,False,False,미돌파,0,0.0
006110,삼아알미늄,2026-07-03,38850.0,39779.4,34655.0,12.882,3.53,0.31,-2.51,True,False,True,손절,2,-1.023
098460,고영,2026-07-03,30100.0,30260.4,26773.39,11.523,9.84,0.49,-1.86,True,True,False,미돌파,0,0.0
319660,피에스케이,2026-07-03,182300.0,187674.6,165394.29,11.872,2.67,0.75,3.13,True,False,True,손절,1,-1.025
077970,STX엔진,2026-07-03,28250.0,28607.1,26072.77,8.859,0.0,0.39,-5.02,True,True,True,추적청산,2,0.041
005810,풍산홀딩스,2026-07-03,34450.0,35019.9,33219.64,5.141,10.0,1.05,0.14,True,False,True,손절,4,-1.058
067160,SOOP,2026-07-03,48750.0,49398.6,47493.57,3.856,10.0,0.49,-5.41,True,False,True,손절,4,-1.078
033240,자화전자,2026-07-03,26900.0,27555.0,24784.73,10.054,10.42,0.51,0.74,True,False,True,시간손절,5,-0.068
174900,앱클론,2026-07-03,26650.0,27504.9,24559.29,10.709,2.08,0.72,-5.54,True,False,False,미돌파,0,0.0
008060,대덕,2026-07-03,16000.0,16933.8,14515.46,14.281,5.96,0.65,1.23,True,False,False,미돌파,0,0.0
137400,피엔티,2026-07-03,35200.0,35671.2,32144.73,9.886,3.28,0.89,-4.92,True,True,False,미돌파,0,0.0
160190,하이젠알앤엠,2026-07-03,19320.0,19639.2,17687.89,9.936,4.91,0.96,1.63,True,False,True,손절,2,-1.03
082920,비츠로셀,2026-07-03,37000.0,37625.1,33656.61,10.547,0.0,0.64,-0.14,True,False,True,손절,3,-1.257
007810,코리아써키트,2026-07-03,80200.0,80961.6,70118.93,13.392,0.0,0.74,12.06,True,True,False,미돌파,0,0.0
034020,두산에너빌리티,2026-07-03,86200.0,87574.8,79132.5,9.64,2.74,0.92,-6.29,True,False,True,손절,2,-1.031
066570,LG전자,2026-07-03,191000.0,191682.6,174835.0,8.789,7.19,0.61,2.5,True,True,True,시간손절,5,-0.585
388210,씨엠티엑스,2026-07-03,84300.0,84769.2,77660.71,8.386,7.14,0.71,5.7,True,True,True,손절,2,-1.036
066970,엘앤에프,2026-07-03,106000.0,106813.2,96450.71,9.702,6.98,0.66,-7.18,True,True,True,손절,2,-1.031
252990,샘씨엔에스,2026-07-03,12200.0,12615.18,11367.04,9.894,13.59,0.79,-2.61,True,False,False,미돌파,0,0.0
316140,우리금융지주,2026-07-03,30750.0,31262.4,29835.18,4.565,4.35,0.87,-8.47,True,False,True,추적청산,6,0.434
491000,리브스메드,2026-07-03,34250.0,34919.7,30969.82,11.311,10.61,0.56,-3.63,True,False,True,추적청산,3,0.471
079900,전진건설로봇,2026-07-03,37600.0,38426.7,34868.57,9.26,3.39,0.42,-2.31,True,False,False,미돌파,0,0.0
053610,프로텍,2026-07-03,70400.0,72043.8,63492.5,11.87,5.56,0.83,5.38,True,False,False,미돌파,0,0.0
034220,LG디스플레이,2026-07-03,11070.0,11172.3,10298.21,7.824,11.11,0.76,2.64,True,True,True,시간손절,5,-0.224
161580,필옵틱스,2026-07-03,33600.0,34068.0,30515.71,10.427,15.0,0.61,3.17,True,True,False,미돌파,0,0.0
183300,코미코,2026-07-03,78700.0,79458.6,69921.25,12.003,3.7,0.73,10.97,True,True,True,손절,2,-1.025
240810,원익IPS,2026-07-03,133100.0,135670.8,117665.71,13.271,8.33,0.99,18.74,False,False,False,미돌파,0,0.0
006400,삼성SDI,2026-07-03,467500.0,471942.0,423107.14,10.348,8.33,0.92,-2.75,True,True,True,손절,3,-1.029
417200,LS머트리얼즈,2026-07-03,14390.0,14709.36,13133.57,10.713,6.77,0.64,-7.15,True,False,False,미돌파,0,0.0
005090,SGC에너지,2026-07-03,40050.0,40681.2,37650.36,7.45,12.5,0.74,-2.17,True,True,True,추적청산,3,0.46
127120,제이에스링크,2026-07-03,36450.0,36573.0,34035.54,6.938,15.0,0.38,-4.29,True,True,True,추적청산,3,0.457
090360,로보스타,2026-07-03,78800.0,80560.8,70222.14,12.833,2.27,0.31,4.72,True,False,False,미돌파,0,0.0
089030,테크윙,2026-07-06,46100.0,47294.4,42794.29,9.515,14.49,0.37,10.66,True,False,False,미돌파,0,0.0
483650,달바글로벌,2026-07-06,218000.0,226452.0,204210.18,9.822,10.81,0.54,6.44,False,False,True,손절,3,-1.031
329180,HD현대중공업,2026-07-06,583000.0,607212.0,555887.5,8.452,4.55,0.64,1.52,False,False,False,미돌파,0,0.0
282330,BGF리테일,2026-07-06,123000.0,126352.2,120475.0,4.651,0.0,0.36,-4.15,True,False,True,손절,1,-1.064
101160,월덱스,2026-07-06,28750.0,29909.7,27319.64,8.66,2.33,0.55,3.69,True,False,False,미돌파,0,0.0
064400,LG씨엔에스,2026-07-06,74000.0,75951.6,71548.57,5.797,9.09,0.7,6.57,False,False,False,미돌파,0,0.0
004020,현대제철,2026-07-06,28400.0,29258.4,27370.36,6.453,9.68,0.58,2.41,False,False,False,미돌파,0,0.0
140410,메지온,2026-07-06,59700.0,60621.0,56797.86,6.307,9.68,0.88,1.65,False,False,True,손절,1,-1.048
064760,티씨케이,2026-07-06,239000.0,273045.0,222557.14,18.491,2.17,0.68,9.98,True,False,False,미돌파,0,0.0
010140,삼성중공업,2026-07-06,23700.0,24398.7,22758.39,6.723,7.41,0.8,3.07,False,False,False,미돌파,0,0.0
067160,SOOP,2026-07-06,48650.0,49599.0,48177.32,2.866,9.52,0.35,3.09,False,False,True,손절,1,-1.105
001120,LX인터내셔널,2026-07-06,37950.0,38677.2,36891.43,4.617,3.57,0.3,-7.36,True,False,False,미돌파,0,0.0
005830,DB손해보험,2026-07-06,145900.0,149899.2,143070.36,4.556,5.45,0.55,-7.52,True,False,True,추적청산,9,1.254
058610,에스피지,2026-07-06,75900.0,78055.8,71985.36,7.777,8.16,0.62,4.89,False,False,False,미돌파,0,0.0
088350,한화생명,2026-07-06,4500.0,4644.27,4355.07,6.227,6.52,0.32,0.88,False,False,False,미돌파,0,0.0
302440,SK바이오사이언스,2026-07-06,37600.0,38025.9,36414.11,4.239,8.33,0.45,1.96,False,False,True,손절,3,-1.071
010130,고려아연,2026-07-06,1113000.0,1151298.0,1072842.86,6.814,7.58,0.65,1.07,False,False,False,미돌파,0,0.0
074600,원익QnC,2026-07-06,31150.0,34368.6,28447.86,17.227,4.76,0.66,11.76,True,False,False,미돌파,0,0.0
005930,삼성전자,2026-07-06,318000.0,325650.0,298979.46,8.19,9.09,0.76,1.55,False,False,False,미돌파,0,0.0
052020,에스티큐브,2026-07-06,8090.0,8557.08,7784.46,9.029,13.85,0.66,11.1,True,False,False,미돌파,0,0.0
160190,하이젠알앤엠,2026-07-06,19370.0,19739.4,17717.89,10.241,2.94,0.82,12.35,True,False,False,미돌파,0,0.0
323410,카카오뱅크,2026-07-06,22400.0,22795.5,21925.04,3.819,7.69,0.6,-5.91,True,False,True,손절,2,-1.079
028300,HLB,2026-07-06,48750.0,51102.0,47432.5,7.181,3.28,0.52,4.41,False,False,True,추적청산,4,-1.518
032820,우리기술,2026-07-06,11650.0,12314.58,10853.61,11.864,4.03,0.51,7.02,False,False,False,미돌파,0,0.0
361610,SK아이이테크놀로지,2026-07-06,15750.0,16021.98,15059.68,6.006,1.33,0.43,8.43,False,False,False,미돌파,0,0.0
005440,현대지에프홀딩스,2026-07-06,14960.0,15070.08,13839.09,8.168,5.71,0.63,1.9,False,True,True,손절,2,-1.037
006650,대한유화,2026-07-06,111500.0,114628.8,105712.14,7.779,6.76,0.5,7.08,True,False,False,미돌파,0,0.0
357780,솔브레인,2026-07-06,314500.0,319137.0,295760.71,7.325,14.29,0.39,8.18,True,True,True,손절,2,-1.202
131970,두산테스나,2026-07-06,106800.0,113626.8,101105.71,11.019,7.69,0.71,8.72,False,False,True,손절,1,-1.027
011170,롯데케미칼,2026-07-06,63900.0,65029.8,61416.43,5.556,7.14,0.47,5.47,False,False,False,미돌파,0,0.0
003570,SNT다이내믹스,2026-07-06,35750.0,37524.9,34585.36,7.834,14.29,0.46,5.3,False,False,False,미돌파,0,0.0
069960,현대백화점,2026-07-06,176500.0,183766.8,162422.14,11.615,11.41,0.78,8.88,False,False,False,미돌파,0,0.0
060250,NHN KCP,2026-07-06,12960.0,13366.68,12650.62,5.357,12.5,0.47,2.63,False,False,False,미돌파,0,0.0
003540,대신증권,2026-07-06,29500.0,30911.7,28468.57,7.904,0.0,0.98,-7.47,True,False,False,미돌파,0,0.0
094170,동운아나텍,2026-07-06,32450.0,32765.4,29967.77,8.538,9.09,0.53,3.57,False,True,True,손절,3,-1.035
030610,교보증권,2026-07-06,10520.0,10801.56,10171.39,5.834,3.85,0.6,-6.48,True,False,True,손절,1,-1.051
144960,뉴파워프라즈마,2026-07-06,8800.0,9368.7,8258.61,11.849,6.19,2.46,-18.92,True,False,False,미돌파,0,0.0
082270,젬백스,2026-07-06,11360.0,11543.04,10157.57,12.003,5.13,0.57,12.48,True,True,True,시간손절,5,-0.684
271560,오리온,2026-07-06,136900.0,138276.0,134142.86,2.989,3.33,0.58,0.73,False,False,True,추적청산,2,0.4
491000,리브스메드,2026-07-06,34500.0,35771.4,31227.86,12.702,3.85,0.76,12.66,True,False,True,추적청산,6,0.507
003530,한화투자증권,2026-07-06,4985.0,5220.42,4810.12,7.859,4.29,0.93,1.29,False,False,False,미돌파,0,0.0
068760,셀트리온제약,2026-07-06,41350.0,42134.1,40373.75,4.178,3.7,0.53,4.06,False,False,True,손절,3,-1.142
088980,맥쿼리인프라,2026-07-06,10110.0,10260.48,10030.48,2.242,11.11,0.38,3.44,False,False,False,미돌파,0,0.0
183300,코미코,2026-07-06,77600.0,80761.2,72311.61,10.462,10.0,0.69,14.44,False,False,False,미돌파,0,0.0
328130,루닛,2026-07-06,11120.0,11352.66,10645.29,6.231,7.55,0.39,7.56,False,False,True,손절,2,-1.048
300720,한일시멘트,2026-07-06,14110.0,14368.68,13839.5,3.683,15.0,0.4,1.88,True,False,True,추적청산,2,0.419
028050,삼성E&A,2026-07-06,48300.0,50400.6,46724.82,7.293,8.47,0.79,-1.36,True,False,False,미돌파,0,0.0
000370,한화손해보험,2026-07-06,5920.0,6072.12,5657.21,6.833,2.94,0.48,1.0,False,False,False,미돌파,0,0.0
035720,카카오,2026-07-06,35600.0,36372.6,34548.93,5.014,6.9,0.7,0.7,False,False,False,미돌파,0,0.0
450080,에코프로머티,2026-07-06,40200.0,40881.6,38142.59,6.7,7.14,0.62,18.13,False,False,False,미돌파,0,0.0
077970,STX엔진,2026-07-06,29000.0,31362.6,26910.45,14.196,12.66,0.81,3.49,False,False,False,미돌파,0,0.0
439260,대한조선,2026-07-06,52100.0,53005.8,49995.89,5.678,4.17,1.15,3.34,False,False,False,미돌파,0,0.0
075580,세진중공업,2026-07-06,13320.0,13927.8,12712.43,8.726,9.8,0.55,4.45,True,False,False,미돌파,0,0.0
035420,NAVER,2026-07-06,196600.0,201402.0,192269.64,4.534,0.0,0.35,3.63,False,False,False,미돌파,0,0.0
011210,현대위아,2026-07-06,64500.0,67234.2,62140.36,7.576,9.52,0.59,1.98,False,False,False,미돌파,0,0.0
002380,KCC,2026-07-06,485000.0,505008.0,465173.21,7.888,12.31,0.35,1.12,False,False,False,미돌파,0,0.0
263750,펄어비스,2026-07-06,36400.0,37074.0,35358.57,4.627,14.81,0.52,1.22,False,False,True,손절,5,-1.065
000120,CJ대한통운,2026-07-06,76400.0,78156.0,74643.93,4.494,0.0,0.62,0.91,False,False,False,미돌파,0,0.0
329180,HD현대중공업,2026-07-07,552000.0,565128.0,517737.5,8.386,15.0,1.18,6.76,True,True,False,미돌파,0,0.0
100090,SK오션플랜트,2026-07-07,14610.0,14949.84,13881.04,7.149,1.23,0.31,3.44,True,False,False,미돌파,0,0.0
095340,ISC,2026-07-07,150100.0,155310.0,144086.43,7.227,14.29,0.83,17.3,True,False,False,미돌파,0,0.0
328130,루닛,2026-07-07,11070.0,11933.82,10613.68,11.062,6.14,0.78,3.23,False,False,False,미돌파,0,0.0
388720,유일로보틱스,2026-07-07,70700.0,73346.4,68632.14,6.427,8.11,0.57,0.42,False,False,False,미돌파,0,0.0
376900,로킷헬스케어,2026-07-07,37300.0,39378.6,34955.54,11.232,14.71,0.52,17.11,True,False,True,손절,2,-1.027
001060,JW중외제약,2026-07-07,25350.0,25951.8,24377.14,6.068,3.85,0.8,1.36,False,False,False,미돌파,0,0.0
440110,파두,2026-07-07,70000.0,75250.2,66482.14,11.652,7.14,0.56,20.0,True,False,False,미돌파,0,0.0
357780,솔브레인,2026-07-07,306500.0,323646.0,292825.0,9.523,8.0,0.42,16.14,True,False,False,미돌파,0,0.0
112610,씨에스윈드,2026-07-07,41050.0,42685.2,39849.64,6.643,11.11,0.61,3.53,False,False,False,미돌파,0,0.0
014680,한솔케미칼,2026-07-07,251000.0,257514.0,238637.5,7.33,13.79,0.62,13.75,False,False,False,미돌파,0,0.0
071050,한국금융지주,2026-07-07,243500.0,251502.0,228411.96,9.181,10.0,0.96,-10.18,True,False,True,손절,2,-1.033
009540,HD한국조선해양,2026-07-07,360500.0,363225.0,339076.79,6.648,10.0,1.07,-3.0,True,True,False,미돌파,0,0.0
001740,SK네트웍스,2026-07-07,9130.0,9398.76,8644.18,8.029,13.56,0.26,9.15,True,False,False,미돌파,0,0.0
064760,티씨케이,2026-07-07,230500.0,257013.0,210821.43,17.972,12.05,0.72,15.41,True,False,False,미돌파,0,0.0
005440,현대지에프홀딩스,2026-07-07,14880.0,15320.58,14207.91,7.263,8.6,0.39,5.94,True,False,False,미돌파,0,0.0
036810,에프에스티,2026-07-07,22250.0,24398.7,21168.57,13.239,8.93,0.97,15.24,True,False,False,미돌파,0,0.0
226950,올릭스,2026-07-07,134700.0,148195.8,126103.57,14.907,12.11,1.01,13.43,False,False,False,미돌파,0,0.0
475830,오름테라퓨틱,2026-07-07,50800.0,53707.2,47892.68,10.826,14.74,0.4,14.19,False,False,False,미돌파,0,0.0
439260,대한조선,2026-07-07,50800.0,51603.0,49153.93,4.746,10.81,1.15,2.31,False,False,False,미돌파,0,0.0
033240,자화전자,2026-07-07,26500.0,28056.0,24970.27,10.998,14.81,0.99,6.85,True,False,False,미돌파,0,0.0
249420,일동제약,2026-07-07,16050.0,16813.56,15511.79,7.742,14.55,0.75,5.03,True,False,False,미돌파,0,0.0
005250,녹십자홀딩스,2026-07-07,10200.0,10400.76,9775.57,6.011,13.46,0.45,0.49,False,False,False,미돌파,0,0.0
307950,현대오토에버,2026-07-07,481500.0,496992.0,450016.07,9.452,2.6,0.6,9.15,True,False,False,미돌파,0,0.0
161580,필옵틱스,2026-07-07,31850.0,33817.5,30772.68,9.004,6.0,0.75,13.69,True,False,False,미돌파,0,0.0
003160,디아이,2026-07-07,23000.0,24398.7,21679.29,11.146,8.7,0.68,10.51,True,False,False,미돌파,0,0.0
052400,코나아이,2026-07-07,44900.0,47845.5,42809.11,10.526,6.67,0.77,1.64,False,False,False,미돌파,0,0.0
358570,지아이이노베이션,2026-07-07,8830.0,9338.64,8342.18,10.67,13.41,0.64,14.52,True,False,False,미돌파,0,0.0
026960,동서,2026-07-07,25850.0,26052.0,24742.5,5.026,4.55,0.6,-9.53,True,True,False,미돌파,0,0.0
082270,젬백스,2026-07-07,11330.0,11803.56,10631.82,9.927,4.12,0.78,8.26,False,False,False,미돌파,0,0.0
082920,비츠로셀,2026-07-07,34600.0,35971.8,33301.07,7.425,13.95,0.81,14.57,True,False,False,미돌파,0,0.0
069960,현대백화점,2026-07-07,176300.0,183867.0,167582.14,8.857,14.93,0.78,8.98,False,False,False,미돌파,0,0.0
00104K,CJ4우(전환),2026-07-07,147800.0,148797.0,140820.36,5.361,9.23,1.25,1.73,True,True,False,미돌파,0,0.0
000400,롯데손해보험,2026-07-07,2090.0,2139.27,1973.94,7.728,7.69,0.45,5.22,False,False,True,추적청산,8,1.083
003570,SNT다이내믹스,2026-07-07,35000.0,36122.1,33583.75,7.027,12.2,0.35,0.14,False,False,False,미돌파,0,0.0
017670,SK텔레콤,2026-07-07,85200.0,86773.2,83441.07,3.84,12.0,0.64,3.62,True,False,False,미돌파,0,0.0
082740,한화엔진,2026-07-07,48850.0,51102.0,45835.18,10.306,12.64,1.12,4.22,False,False,False,미돌파,0,0.0
222080,SFA넥셀,2026-07-07,7820.0,8266.5,7558.75,8.562,10.17,0.79,12.04,True,False,False,미돌파,0,0.0
348370,엔켐,2026-07-07,23500.0,24674.25,22169.02,10.153,0.0,0.63,14.39,True,False,False,미돌파,0,0.0
115180,큐리언트,2026-07-07,20150.0,21843.6,19250.04,11.873,4.59,0.62,6.71,True,False,False,미돌파,0,0.0
018880,한온시스템,2026-07-07,3695.0,3747.48,3532.3,5.742,3.03,0.33,3.65,False,False,True,손절,1,-1.052
036570,NC,2026-07-07,255000.0,259518.0,244637.5,5.734,12.5,0.74,0.97,False,False,True,손절,4,-1.052
039200,오스코텍,2026-07-07,33150.0,35170.2,31986.43,9.052,5.56,1.17,8.55,True,False,False,미돌파,0,0.0
086900,메디톡스,2026-07-07,74700.0,77554.8,73251.07,5.549,2.94,0.38,6.74,True,False,False,미돌파,0,0.0
028050,삼성E&A,2026-07-07,47550.0,48797.4,45620.89,6.51,12.0,0.76,0.11,False,False,False,미돌파,0,0.0
033500,동성화인텍,2026-07-07,17150.0,17504.94,16543.14,5.494,6.76,0.87,1.21,False,False,False,미돌파,0,0.0
247540,에코프로비엠,2026-07-07,120200.0,125951.4,115637.86,8.189,4.88,0.72,15.65,True,False,False,미돌파,0,0.0
009830,한화솔루션,2026-07-07,31400.0,31963.8,29469.46,7.804,7.69,1.07,7.51,True,False,False,미돌파,0,0.0
030530,원익홀딩스,2026-07-07,17880.0,19358.64,17305.21,10.607,6.94,0.56,14.65,True,False,False,미돌파,0,0.0
000990,DB하이텍,2026-07-07,111800.0,116131.8,106327.14,8.443,9.46,0.6,22.47,True,False,True,손절,5,-1.036
456160,지투지바이오,2026-07-07,35500.0,37324.5,34019.64,8.854,3.92,0.73,14.35,True,False,False,미돌파,0,0.0
281740,레이크머티리얼즈,2026-07-07,12900.0,13857.66,12490.75,9.864,0.0,0.73,11.16,True,False,False,미돌파,0,0.0
088350,한화생명,2026-07-07,4470.0,4519.02,4322.09,4.358,6.9,0.35,1.54,False,False,False,미돌파,0,0.0
004170,신세계,2026-07-07,680000.0,717432.0,641142.86,10.634,6.15,1.13,9.93,False,False,False,미돌파,0,0.0
077970,STX엔진,2026-07-07,26250.0,27154.2,24867.41,8.421,11.11,0.97,10.41,True,False,False,미돌파,0,0.0
000250,삼천당제약,2026-07-07,201000.0,210420.0,191210.0,9.129,6.37,0.76,11.06,True,False,False,미돌파,0,0.0
046890,서울반도체,2026-07-07,9670.0,9989.94,9323.93,6.667,7.84,0.47,12.96,True,False,False,미돌파,0,0.0
074600,원익QnC,2026-07-07,30750.0,33266.4,28789.29,13.458,6.58,0.64,12.52,True,False,False,미돌파,0,0.0
377300,카카오페이,2026-07-07,39500.0,40130.1,37907.05,5.54,14.29,0.63,3.78,False,False,False,미돌파,0,0.0
476060,온코닉테라퓨틱스,2026-07-07,11700.0,12364.68,11248.68,9.026,1.09,1.1,13.01,True,False,False,미돌파,0,0.0
456040,OCI,2026-07-07,90200.0,92685.0,87228.57,5.887,7.14,0.53,4.55,False,False,False,미돌파,0,0.0
397030,에이프릴바이오,2026-07-07,30150.0,31863.6,28178.21,11.566,8.47,0.61,25.65,True,False,False,미돌파,0,0.0
466100,클로봇,2026-07-07,26400.0,27555.0,24939.13,9.493,13.95,0.75,11.09,True,False,False,미돌파,0,0.0
004020,현대제철,2026-07-08,26900.0,27955.8,25970.89,7.1,6.06,0.89,5.11,False,False,False,미돌파,0,0.0
043260,성호전자,2026-07-08,18690.0,20691.3,17059.0,17.555,11.11,0.92,38.92,True,False,False,미돌파,0,0.0
271560,오리온,2026-07-08,140300.0,141883.2,134091.43,5.492,6.06,1.01,-2.63,True,False,True,손절,1,-1.055
017960,한국카본,2026-07-08,24000.0,25400.7,23320.36,8.19,5.71,1.08,12.73,True,False,False,미돌파,0,0.0
037460,삼지전자,2026-07-08,32950.0,34969.8,31895.71,8.791,9.8,0.68,3.8,False,False,False,미돌파,0,0.0
214430,아이쓰리시스템,2026-07-08,60700.0,61522.8,55730.71,9.415,14.29,1.12,4.56,False,True,False,미돌파,0,0.0
005690,파미셀,2026-07-08,11120.0,11553.06,10710.25,7.295,9.09,0.97,18.3,True,False,True,손절,4,-1.041
017670,SK텔레콤,2026-07-08,84000.0,85370.4,81542.14,4.484,13.33,0.73,5.19,True,False,True,추적청산,3,0.433
003470,유안타증권,2026-07-08,4435.0,4654.29,4334.88,6.863,5.56,0.8,2.74,False,False,False,미돌파,0,0.0
032190,다우데이타,2026-07-08,17790.0,18727.38,17382.25,7.183,9.73,1.17,2.89,False,False,False,미돌파,0,0.0
047040,대우건설,2026-07-08,15830.0,16743.42,15211.18,9.151,13.01,0.57,18.49,True,False,False,미돌파,0,0.0
491000,리브스메드,2026-07-08,34500.0,37023.9,32848.93,11.276,11.43,0.64,6.38,False,False,True,추적청산,4,0.473
222800,심텍,2026-07-08,104600.0,114228.0,97890.36,14.303,5.22,0.7,33.5,True,False,True,시간손절,5,0.43
248070,솔루엠,2026-07-08,14950.0,15601.14,14667.68,5.983,0.0,0.94,5.68,False,False,False,미돌파,0,0.0
319400,현대무벡스,2026-07-08,21700.0,23246.4,20710.0,10.911,14.29,0.64,14.73,True,False,True,손절,4,-1.027
402340,SK스퀘어,2026-07-08,1270000.0,1382760.0,1193442.86,13.691,2.61,1.0,27.72,False,False,True,손절,3,-1.022
039490,키움증권,2026-07-08,334500.0,363726.0,320214.29,11.963,11.69,0.74,3.74,False,False,False,미돌파,0,0.0
053800,안랩,2026-07-08,53800.0,54809.4,52896.79,3.49,13.33,0.64,0.19,False,False,True,시간손절,5,-0.3
086280,현대글로비스,2026-07-08,190400.0,201402.0,186181.43,7.557,4.69,0.94,3.69,False,False,False,미돌파,0,0.0
377300,카카오페이,2026-07-08,38150.0,39428.7,36698.48,6.924,8.89,0.98,7.18,True,False,False,미돌파,0,0.0
033240,자화전자,2026-07-08,25800.0,26853.6,24769.73,7.76,5.88,1.09,8.83,True,False,True,손절,4,-1.039
000150,두산,2026-07-08,1268000.0,1353702.0,1197569.64,11.534,6.11,1.09,20.25,True,False,False,미돌파,0,0.0
005810,풍산홀딩스,2026-07-08,34100.0,35270.4,33662.68,4.558,7.69,1.02,3.67,False,False,False,미돌파,0,0.0
034730,SK,2026-07-08,596000.0,627252.0,563635.71,10.142,10.0,0.8,21.89,False,False,True,손절,4,-1.03
252990,샘씨엔에스,2026-07-08,10860.0,11773.5,10419.75,11.498,13.27,0.61,22.43,True,False,False,미돌파,0,0.0
039130,하나투어,2026-07-08,31900.0,32965.8,31142.32,5.531,10.0,0.81,1.85,False,False,False,미돌파,0,0.0
003380,하림지주,2026-07-08,9840.0,10320.6,9561.39,7.356,0.0,1.27,1.4,False,False,False,미돌파,0,0.0
214150,클래시스,2026-07-08,47600.0,48897.6,45879.64,6.172,6.12,0.95,0.83,True,False,True,손절,4,-1.049
041960,코미팜,2026-07-08,7360.0,7715.4,7078.16,8.259,14.55,0.74,7.54,True,False,False,미돌파,0,0.0
042700,한미반도체,2026-07-08,199200.0,216432.0,192399.29,11.104,4.02,0.58,19.19,True,False,True,손절,4,-1.027
005180,빙그레,2026-07-08,66400.0,67434.6,65118.57,3.434,0.0,0.76,-1.68,True,False,False,미돌파,0,0.0
011210,현대위아,2026-07-08,60600.0,63927.6,58965.0,7.763,12.2,0.61,6.05,False,False,False,미돌파,0,0.0
079900,전진건설로봇,2026-07-09,33950.0,35520.9,32870.89,7.46,11.63,0.47,9.95,True,False,True,손절,3,-1.124
003030,세아제강지주,2026-07-09,104500.0,106913.4,101087.5,5.449,10.87,1.07,9.05,True,False,True,손절,3,-1.055
336570,원텍,2026-07-09,5480.0,5616.21,5245.77,6.596,0.0,0.52,6.32,True,False,True,손절,3,-1.045
008060,대덕,2026-07-09,13700.0,14368.68,13257.5,7.733,12.5,1.26,12.96,True,False,True,추적청산,3,0.313
005250,녹십자홀딩스,2026-07-09,9830.0,9999.96,9625.43,3.745,0.0,0.59,3.44,False,False,True,손절,3,-1.08
034730,SK,2026-07-09,610000.0,634266.0,575903.57,9.202,11.11,0.77,10.69,True,False,True,손절,3,-1.048
365340,성일하이텍,2026-07-09,34150.0,35420.7,32628.04,7.884,2.22,1.51,12.99,True,False,True,손절,3,-1.038
402340,SK스퀘어,2026-07-09,1327000.0,1387770.0,1225128.57,11.72,3.15,0.68,12.98,True,False,True,손절,2,-1.026
460860,동국제강,2026-07-09,8080.0,8276.52,7866.04,4.96,6.06,0.47,6.37,True,False,True,추적청산,3,0.44
373220,LG에너지솔루션,2026-07-09,313500.0,334167.0,305251.79,8.653,10.42,1.11,11.44,True,False,False,미돌파,0,0.0
376300,디어유,2026-07-09,21700.0,22745.4,20906.04,8.087,3.23,0.97,4.62,False,False,True,손절,3,-1.037
056080,유진로봇,2026-07-09,12160.0,12915.78,11755.45,8.984,5.26,0.68,11.76,True,False,True,손절,3,-1.033
014680,한솔케미칼,2026-07-09,243000.0,248997.0,226217.86,9.148,13.51,1.23,11.64,True,False,True,추적청산,3,0.467
348370,엔켐,2026-07-09,22350.0,23547.0,21253.3,9.741,13.51,0.98,6.68,True,False,True,손절,1,-1.337
023160,태광,2026-07-09,22800.0,23797.5,22063.04,7.288,11.11,0.59,8.43,True,False,True,손절,3,-1.041
006650,대한유화,2026-07-09,101500.0,104709.0,97760.36,6.636,0.0,1.24,8.31,True,False,True,추적청산,3,0.455
082920,비츠로셀,2026-07-09,31450.0,32565.0,30092.5,7.593,0.0,1.04,14.65,True,False,False,미돌파,0,0.0
214370,케어젠,2026-07-09,59100.0,62324.4,56744.64,8.953,4.55,0.99,19.04,False,False,True,추적청산,3,0.466
439960,코스모로보틱스,2026-07-09,12210.0,12975.9,11281.68,13.057,14.81,0.31,12.03,True,False,True,손절,3,-1.023
036830,솔브레인홀딩스,2026-07-09,33750.0,34719.3,31974.11,7.907,0.0,1.37,5.86,True,False,True,손절,3,-1.038
078600,대주전자재료,2026-07-09,74600.0,78657.0,70629.29,10.206,9.09,0.66,14.84,True,False,True,추적청산,3,0.471
232140,와이씨,2026-07-09,9990.0,10571.1,9624.93,8.951,14.67,1.0,13.51,True,False,True,손절,3,-1.034
006280,녹십자,2026-07-09,120600.0,122895.3,116549.11,5.164,13.59,1.28,1.07,False,False,True,시간손절,5,-0.073
033100,제룡전기,2026-07-09,42700.0,44989.8,40906.96,9.075,0.0,0.68,23.06,True,False,True,시간손절,5,-0.569
083650,비에이치아이,2026-07-09,45000.0,49098.0,43185.0,12.043,0.99,0.65,18.48,True,False,True,손절,3,-1.025
080220,제주반도체,2026-07-09,77700.0,82965.6,73611.43,11.275,8.33,0.43,13.38,True,False,True,추적청산,2,0.473
011210,현대위아,2026-07-09,59400.0,61222.2,57414.29,6.22,10.0,0.85,7.19,True,False,True,손절,3,-1.048
075580,세진중공업,2026-07-09,11330.0,11923.8,11027.89,7.514,4.23,0.77,13.91,True,False,True,손절,3,-1.04
011780,금호석유화학,2026-07-09,111900.0,115230.0,107713.21,6.523,9.52,1.43,4.28,True,False,True,추적청산,6,0.572
032500,케이엠더블유,2026-07-09,15120.0,16122.18,14467.61,10.263,5.88,0.75,13.75,True,False,True,추적청산,2,0.471
035250,강원랜드,2026-07-09,14710.0,14829.6,14337.0,3.322,7.5,0.97,0.27,False,True,True,손절,4,-1.09
140410,메지온,2026-07-09,54700.0,56312.4,52886.07,6.085,14.81,0.7,9.88,True,False,True,추적청산,3,0.23
319660,피에스케이,2026-07-09,152200.0,161823.0,138174.29,14.614,5.08,1.0,16.83,True,False,True,추적청산,6,1.035
006800,미래에셋증권,2026-07-09,40250.0,41182.2,37758.39,8.314,3.57,0.84,-0.25,True,False,True,손절,3,-1.036
298380,에이비엘바이오,2026-07-09,80500.0,85771.2,76950.36,10.284,9.72,1.03,17.01,True,False,False,미돌파,0,0.0
052020,에스티큐브,2026-07-09,7460.0,7855.68,7220.79,8.082,5.77,0.68,9.9,True,False,True,추적청산,2,0.463
115180,큐리언트,2026-07-09,18780.0,19418.76,17689.54,8.905,14.93,0.63,11.0,True,False,True,손절,2,-1.034
000500,가온전선,2026-07-09,232500.0,238977.0,205123.92,14.166,5.36,0.4,16.96,True,False,True,추적청산,2,0.479
077970,STX엔진,2026-07-09,24750.0,26102.1,23586.7,9.637,7.32,0.52,12.54,True,False,True,손절,3,-1.031
121600,나노신소재,2026-07-09,43600.0,45440.7,42214.46,7.1,7.84,0.98,6.94,True,False,True,추적청산,3,0.436
087010,펩트론,2026-07-09,159300.0,165029.4,146734.64,11.086,12.33,1.15,10.56,True,False,False,미돌파,0,0.0
018880,한온시스템,2026-07-09,3570.0,3617.22,3278.11,9.375,1.72,0.46,6.05,True,True,True,시간손절,5,-0.407
101490,에스앤에스텍,2026-07-09,43350.0,45591.0,41629.82,8.689,10.94,0.9,10.99,True,False,True,추적청산,3,0.465
377300,카카오페이,2026-07-09,37450.0,38577.0,36513.48,5.349,3.12,1.19,7.76,True,False,True,추적청산,6,0.583
036540,SFA반도체,2026-07-09,4985.0,5340.66,4788.41,10.34,9.78,0.93,2.83,True,False,True,추적청산,5,0.471
053800,안랩,2026-07-09,53600.0,55110.0,52804.29,4.184,0.0,0.87,1.11,False,False,True,손절,5,-1.072
066970,엘앤에프,2026-07-09,91500.0,95089.8,87528.93,7.951,5.08,1.19,14.25,True,False,True,추적청산,3,0.462
032640,LG유플러스,2026-07-09,15200.0,15230.4,14524.18,4.637,11.86,1.41,-6.0,True,True,False,미돌파,0,0.0
218410,RFHIC,2026-07-09,49000.0,51202.2,44117.14,13.837,0.82,1.05,12.81,True,False,True,손절,3,-1.022
005180,빙그레,2026-07-09,65400.0,66833.4,64732.5,3.143,0.0,0.82,1.51,False,False,False,미돌파,0,0.0
062040,산일전기,2026-07-09,179600.0,185770.8,165652.86,10.829,1.22,0.73,24.54,True,False,True,손절,3,-1.028
089970,브이엠,2026-07-09,86600.0,93687.0,82243.21,12.215,13.19,0.68,12.96,True,False,True,추적청산,6,0.852
058470,리노공업,2026-07-09,70000.0,73045.8,67327.86,7.828,14.89,0.62,6.79,True,False,True,추적청산,3,0.462
112610,씨에스윈드,2026-07-09,39200.0,39378.6,36235.0,7.983,7.69,0.95,10.4,True,True,True,추적청산,3,0.462
005690,파미셀,2026-07-09,11150.0,11693.34,10826.46,7.413,4.35,0.82,10.87,True,False,True,손절,3,-1.04
000720,현대건설,2026-07-09,98900.0,102705.0,95017.86,7.485,9.84,0.91,14.15,True,False,True,손절,3,-1.04
204320,HL만도,2026-07-09,48350.0,49599.0,45073.93,9.123,12.0,0.6,0.1,False,False,True,손절,3,-1.033
450080,에코프로머티,2026-07-09,35500.0,37174.2,33838.3,8.974,14.81,1.42,12.02,True,False,True,추적청산,3,0.467
103140,풍산,2026-07-09,61500.0,63526.8,59372.14,6.54,8.82,0.91,6.25,True,False,True,시간손절,5,-0.389
298040,효성중공업,2026-07-09,2770000.0,2895780.0,2601989.29,10.145,8.33,1.18,19.29,True,False,True,손절,3,-1.03
383220,F&F,2026-07-09,78500.0,80059.8,75211.43,6.056,5.13,1.08,1.75,False,False,False,미돌파,0,0.0
460930,현대힘스,2026-07-09,11010.0,11563.08,10743.45,7.088,10.61,0.83,8.1,True,False,True,손절,3,-1.042
069960,현대백화점,2026-07-09,167600.0,172544.4,155702.14,9.761,7.8,0.87,10.04,True,False,True,손절,3,-1.031
001720,신영증권,2026-07-09,148000.0,154508.4,144604.64,6.41,5.0,0.9,7.09,True,False,True,시간손절,5,-0.563
279570,케이뱅크,2026-07-09,5300.0,5400.78,5170.82,4.258,0.0,0.2,5.36,True,False,True,추적청산,8,1.928
003160,디아이,2026-07-09,21300.0,22244.4,20242.14,9.001,3.12,0.46,12.35,True,False,True,손절,3,-1.033
226950,올릭스,2026-07-09,121400.0,130159.8,115415.71,11.328,6.9,0.68,22.58,False,False,False,미돌파,0,0.0
060250,NHN KCP,2026-07-09,12250.0,12765.48,11866.84,7.04,14.67,0.77,2.16,False,False,True,시간손절,5,-0.427
003670,포스코퓨처엠,2026-07-09,146000.0,153306.0,139804.64,8.807,8.18,1.96,10.76,True,False,True,시간손절,5,-0.457
053610,프로텍,2026-07-09,59500.0,64128.0,56783.93,11.452,3.33,0.44,14.63,True,False,True,추적청산,3,0.445
272210,한화시스템,2026-07-09,64700.0,69238.2,62424.29,9.841,3.57,1.2,12.69,True,False,True,손절,3,-1.03
376900,로킷헬스케어,2026-07-09,35550.0,37524.9,33628.39,10.384,1.69,0.41,8.61,True,False,True,손절,2,-1.029
068760,셀트리온제약,2026-07-09,40300.0,41883.6,39568.93,5.526,2.63,1.05,1.95,False,False,True,손절,3,-1.054
248070,솔루엠,2026-07-09,15090.0,15430.8,14249.82,7.653,8.82,1.03,1.69,True,False,False,미돌파,0,0.0
267260,HD현대일렉트릭,2026-07-09,815000.0,841680.0,766725.0,8.905,8.33,1.22,15.89,True,False,True,손절,3,-1.034
004800,효성,2026-07-09,146700.0,155109.6,142041.79,8.425,12.15,1.11,14.61,True,False,True,손절,3,-1.036
103590,일진전기,2026-07-09,62300.0,65731.2,59439.29,9.572,7.84,0.86,21.04,True,False,True,손절,3,-1.031
357780,솔브레인,2026-07-09,295000.0,312123.0,282614.29,9.454,8.33,0.73,2.8,True,False,True,손절,5,-1.032
456160,지투지바이오,2026-07-09,31600.0,34869.6,29617.5,15.062,5.56,0.74,21.98,True,False,False,미돌파,0,0.0
004170,신세계,2026-07-10,629000.0,660318.0,612121.43,7.299,10.81,0.63,10.91,False,False,False,미돌파,0,0.0
019210,와이지-원,2026-07-10,22500.0,23547.0,21642.21,8.089,13.79,0.74,0.44,False,False,False,미돌파,0,0.0
000640,동아쏘시오홀딩스,2026-07-10,82900.0,85069.8,81053.57,4.721,3.03,0.85,-0.12,True,False,False,미돌파,0,0.0
012630,HDC,2026-07-10,20300.0,21342.6,19811.0,7.176,3.85,3.07,4.92,False,False,False,미돌파,0,0.0
001530,DI동일,2026-07-10,23300.0,24048.0,22642.14,5.846,13.04,0.61,-2.19,True,False,True,손절,2,-1.473
222800,심텍,2026-07-10,122700.0,128757.0,112505.36,12.622,1.5,0.8,4.96,False,False,True,손절,1,-1.024
000270,기아,2026-07-10,147500.0,152304.0,144040.71,5.426,1.54,0.88,2.96,False,False,False,미돌파,0,0.0
042700,한미반도체,2026-07-10,222000.0,228456.0,207644.29,9.11,11.76,0.71,4.52,False,False,True,손절,1,-1.033
115180,큐리언트,2026-07-10,18500.0,19518.96,17917.89,8.203,0.82,0.57,12.74,True,False,True,손절,1,-1.037
039200,오스코텍,2026-07-10,31050.0,31863.6,29254.11,8.19,6.98,0.85,10.52,True,False,False,미돌파,0,0.0
007810,코리아써키트,2026-07-10,73800.0,76352.4,68613.21,10.136,15.0,1.41,7.98,False,False,True,손절,1,-1.03
316140,우리금융지주,2026-07-10,31450.0,32965.8,30278.75,8.151,14.58,1.0,-2.28,True,False,False,미돌파,0,0.0
009150,삼성전기,2026-07-10,1584000.0,1641276.0,1500292.86,8.59,14.02,0.79,20.36,False,False,False,미돌파,0,0.0
267250,HD현대,2026-07-10,199500.0,206913.0,189455.89,8.437,6.76,0.61,3.39,False,False,True,손절,2,-1.036
302440,SK바이오사이언스,2026-07-10,36650.0,37725.3,35822.14,5.045,10.0,0.57,2.79,False,False,False,미돌파,0,0.0
145020,휴젤,2026-07-10,240500.0,249498.0,231585.71,7.179,13.79,0.61,5.69,True,False,True,손절,2,-1.042
064760,티씨케이,2026-07-10,232000.0,240480.0,214444.64,10.826,0.0,1.04,5.31,True,False,True,손절,2,-1.028
017800,현대엘리베이터,2026-07-10,69500.0,71142.0,68408.21,3.843,4.76,0.6,3.61,False,False,False,미돌파,0,0.0
456040,OCI,2026-07-10,89400.0,91282.2,86063.93,5.717,0.0,0.39,3.25,False,False,True,추적청산,2,0.448
069960,현대백화점,2026-07-10,167100.0,174047.4,163282.5,6.185,7.41,0.6,6.86,False,False,False,미돌파,0,0.0
069620,대웅제약,2026-07-10,131900.0,135971.4,128681.07,5.362,3.51,0.74,0.45,False,False,True,손절,2,-1.056
298040,효성중공업,2026-07-10,2924000.0,2994978.0,2772442.86,7.43,5.95,0.79,12.01,False,False,False,미돌파,0,0.0
001120,LX인터내셔널,2026-07-10,37100.0,37725.3,36310.0,3.752,4.55,0.44,1.85,False,False,True,손절,1,-1.08
003030,세아제강지주,2026-07-10,105500.0,109218.0,103511.07,5.225,0.0,0.74,6.06,False,False,True,손절,1,-1.057
067160,SOOP,2026-07-10,48700.0,49599.0,47400.0,4.434,11.11,0.74,0.1,True,False,True,손절,2,-1.068
437730,삼현,2026-07-10,34100.0,35571.0,32630.18,8.267,11.11,0.74,2.43,False,False,False,미돌파,0,0.0
003670,포스코퓨처엠,2026-07-13,150700.0,160019.4,147050.36,8.105,11.32,1.06,5.52,False,False,False,미돌파,0,0.0
068270,셀트리온,2026-07-13,175100.0,181161.6,172402.14,4.835,2.9,1.02,0.45,True,False,False,미돌파,0,0.0
005300,롯데칠성,2026-07-13,101600.0,104508.6,100578.21,3.761,3.12,1.05,-0.99,True,False,False,미돌파,0,0.0
041830,인바디,2026-07-13,51600.0,54408.6,46300.36,14.903,12.86,0.8,11.34,False,False,False,미돌파,0,0.0
219130,타이거일렉,2026-07-13,72500.0,79158.0,66196.79,16.374,1.72,0.98,-16.0,True,False,False,미돌파,0,0.0
012330,현대모비스,2026-07-13,487500.0,523044.0,474933.93,9.198,1.2,0.78,5.34,False,False,False,미돌파,0,0.0
009450,경동나비엔,2026-07-13,63400.0,65330.4,61486.79,5.883,9.38,0.52,1.09,False,False,False,미돌파,0,0.0
278470,에이피알,2026-07-13,380000.0,403305.0,371379.46,7.916,3.77,0.8,-0.4,True,False,False,미돌파,0,0.0
006400,삼성SDI,2026-07-13,440000.0,482463.0,426358.93,11.629,6.06,1.58,2.55,False,False,False,미돌파,0,0.0
185750,종근당,2026-07-13,70400.0,71643.0,68662.86,4.16,0.0,0.64,-1.88,True,False,False,미돌파,0,0.0
376900,로킷헬스케어,2026-07-13,36700.0,37524.9,32033.75,14.633,4.4,0.62,4.68,True,False,True,추적청산,4,1.26
000640,동아쏘시오홀딩스,2026-07-13,82900.0,84468.6,81466.43,3.554,4.35,0.81,0.6,True,False,False,미돌파,0,0.0
018670,SK가스,2026-07-13,219500.0,227454.0,215899.29,5.08,0.0,1.01,3.52,True,False,False,미돌파,0,0.0
089030,테크윙,2026-07-13,43850.0,46092.0,42045.54,8.779,6.45,0.8,4.88,False,False,True,추적청산,4,0.726
00104K,CJ4우(전환),2026-07-13,139600.0,144688.8,136620.36,5.576,4.55,0.88,5.23,False,False,False,미돌파,0,0.0
294870,IPARK현대산업개발,2026-07-13,17880.0,18216.36,17496.25,3.953,13.21,0.79,7.26,False,False,False,미돌파,0,0.0
483650,달바글로벌,2026-07-13,199500.0,206913.0,190076.25,8.137,3.85,0.64,8.49,True,False,False,미돌파,0,0.0
001120,LX인터내셔널,2026-07-13,37200.0,38426.7,35762.14,6.934,2.13,0.63,1.98,False,False,False,미돌파,0,0.0
462870,시프트업,2026-07-13,34150.0,35621.1,30888.21,13.287,11.49,1.43,2.01,False,False,False,미돌파,0,0.0
007310,오뚜기,2026-07-13,312500.0,320640.0,300905.36,6.155,5.88,1.17,1.42,False,False,False,미돌파,0,0.0
001040,CJ,2026-07-13,142600.0,149698.8,135926.07,9.2,3.36,0.9,6.18,False,False,False,미돌파,0,0.0
214450,파마리서치,2026-07-13,330500.0,350199.0,318489.29,9.055,5.66,0.83,-5.25,True,False,False,미돌파,0,0.0
207940,삼성바이오로직스,2026-07-13,1400000.0,1447890.0,1370989.29,5.311,0.0,0.73,0.36,True,False,False,미돌파,0,0.0
000210,DL,2026-07-13,45550.0,48396.6,43992.14,9.101,7.89,1.04,0.33,False,False,False,미돌파,0,0.0
087010,펩트론,2026-07-13,108200.0,122444.4,100364.64,18.032,4.4,2.91,42.35,True,False,False,미돌파,0,0.0
009540,HD한국조선해양,2026-07-13,341500.0,352203.0,333167.86,5.405,13.33,0.91,6.44,False,False,False,미돌파,0,0.0
138930,BNK금융지주,2026-07-13,18160.0,18797.52,17795.93,5.328,7.41,0.7,2.42,False,False,False,미돌파,0,0.0
030520,한컴,2026-07-14,16430.0,16743.42,15814.64,5.547,8.45,1.05,9.13,False,False,True,손절,3,-1.054
403870,HPSP,2026-07-14,42000.0,43887.6,38419.64,12.459,2.2,0.5,-1.2,True,False,True,손절,4,-1.024
001720,신영증권,2026-07-14,149700.0,155510.4,143693.93,7.599,2.02,0.89,7.82,True,False,False,미돌파,0,0.0
004990,롯데지주,2026-07-14,23050.0,23547.0,22479.64,4.533,5.88,1.01,7.06,True,False,True,손절,3,-1.066
068760,셀트리온제약,2026-07-14,39700.0,40831.5,38874.82,4.792,9.68,1.14,4.8,True,False,True,손절,3,-1.063
486990,노타,2026-07-14,16820.0,17374.68,15886.96,8.563,5.17,0.74,14.27,True,False,True,손절,3,-1.035
248070,솔루엠,2026-07-14,14340.0,14649.24,13677.96,6.63,8.54,1.54,7.9,True,False,True,손절,3,-1.045
009150,삼성전기,2026-07-14,1260000.0,1332660.0,1131789.29,15.073,5.99,1.32,23.54,True,False,True,시간손절,5,0.042
237690,에스티팜,2026-07-14,128100.0,135270.0,117627.86,13.042,6.92,1.31,0.47,False,False,False,미돌파,0,0.0
0126Z0,삼성에피스홀딩스,2026-07-14,384500.0,435369.0,368078.57,15.456,10.66,2.24,5.88,True,False,False,미돌파,0,0.0
001430,세아베스틸지주,2026-07-14,30350.0,30811.5,29057.14,5.694,3.7,0.79,5.45,True,False,True,추적청산,4,0.43
064760,티씨케이,2026-07-14,236500.0,241482.0,204187.5,15.444,6.15,1.35,-2.6,True,True,True,손절,4,-1.019
012750,에스원,2026-07-14,73100.0,75049.8,71320.71,4.969,6.9,1.13,0.27,True,False,False,미돌파,0,0.0
032830,삼성생명,2026-07-14,317000.0,325149.0,296344.64,8.859,10.64,1.08,15.47,True,False,True,손절,4,-1.034
005090,SGC에너지,2026-07-14,36250.0,37274.4,34066.96,8.605,11.54,0.83,14.91,True,False,True,추적청산,3,0.465
008060,대덕,2026-07-14,13980.0,14328.6,13248.64,7.537,6.98,1.07,4.38,True,False,True,추적청산,2,0.46
036810,에프에스티,2026-07-14,21450.0,23046.0,19897.5,13.662,12.73,0.74,3.6,True,False,True,손절,3,-1.022
031330,에스에이엠티,2026-07-14,10540.0,10771.5,9680.93,10.125,4.44,0.72,0.85,True,False,True,시간손절,5,-0.279
000250,삼천당제약,2026-07-14,180000.0,186973.2,170178.21,8.983,13.33,0.97,10.45,True,False,True,추적청산,4,0.467
460860,동국제강,2026-07-14,8280.0,8456.88,7966.36,5.8,14.63,0.85,0.24,True,False,True,추적청산,4,0.288
005070,코스모신소재,2026-07-14,37750.0,38977.8,34704.29,10.964,13.33,1.04,3.08,False,False,True,손절,4,-1.027
415640,KB발해인프라,2026-07-14,10530.0,10891.74,10350.14,4.973,11.11,0.51,5.56,False,False,True,시간손절,5,0.029
062040,산일전기,2026-07-14,168600.0,171241.8,151686.07,11.42,0.0,1.25,12.82,True,True,True,시간손절,5,-0.259
323280,태성,2026-07-14,34600.0,35520.9,31490.89,11.345,13.43,0.72,9.78,True,True,True,추적청산,3,0.372
214320,이노션,2026-07-14,18350.0,18687.3,18162.36,2.809,5.0,1.1,2.34,False,False,True,시간손절,5,-0.368
181710,NHN,2026-07-14,37850.0,38627.1,36458.75,5.614,14.29,0.52,2.45,True,False,True,손절,3,-1.053
007810,코리아써키트,2026-07-14,67900.0,71342.4,61518.21,13.77,13.41,0.5,1.45,True,False,True,시간손절,5,-0.779
086450,동국제약,2026-07-14,19200.0,20490.9,18594.21,9.256,5.39,0.86,1.18,True,False,False,미돌파,0,0.0
090710,휴림로봇,2026-07-14,6580.0,6753.48,6107.16,9.57,5.71,0.54,7.06,True,False,True,손절,3,-1.031
127120,제이에스링크,2026-07-14,36950.0,37675.2,35676.25,5.306,0.0,0.68,1.47,True,False,True,추적청산,2,0.443
001820,삼화콘덴서,2026-07-14,89300.0,94087.8,80385.36,14.563,8.18,0.7,17.16,True,False,True,손절,3,-1.021
232140,와이씨,2026-07-14,9950.0,10340.64,9244.36,10.602,14.29,1.18,9.55,True,False,True,손절,4,-1.028
058470,리노공업,2026-07-14,73100.0,75751.2,68602.14,9.438,9.84,0.65,-1.67,True,False,True,손절,3,-1.032
067160,SOOP,2026-07-14,47600.0,49098.0,44459.29,9.448,9.52,1.05,3.45,True,False,False,미돌파,0,0.0
241560,두산밥캣,2026-07-14,63200.0,63827.4,60158.93,5.747,13.33,1.05,2.47,False,False,True,손절,3,-1.052
295310,에이치브이엠,2026-07-14,43500.0,44839.5,40262.32,10.208,2.78,0.34,15.37,True,False,True,손절,3,-1.163
009450,경동나비엔,2026-07-14,62400.0,63727.2,60692.14,4.763,8.33,1.29,2.8,False,False,True,시간손절,5,-0.5
046890,서울반도체,2026-07-14,9040.0,9468.9,8403.79,11.249,3.26,0.77,6.51,True,False,True,손절,4,-1.115
052020,에스티큐브,2026-07-14,7430.0,7625.22,6904.14,9.456,3.33,0.9,6.19,True,False,True,손절,4,-1.037
024110,기업은행,2026-07-14,21100.0,21442.8,20627.21,3.804,7.69,1.0,1.17,True,False,True,손절,4,-1.079
476060,온코닉테라퓨틱스,2026-07-14,10720.0,11032.02,10002.75,9.33,2.38,1.0,8.38,True,False,True,추적청산,4,0.914
383800,LX홀딩스,2026-07-14,7550.0,7755.48,7417.14,4.363,7.14,0.82,1.82,False,False,True,시간손절,5,-0.351
460930,현대힘스,2026-07-14,10800.0,11011.98,10255.98,6.865,3.28,0.87,8.63,True,False,True,추적청산,5,1.507
005180,빙그레,2026-07-14,65900.0,66532.8,64650.71,2.829,7.14,1.04,1.2,True,False,False,미돌파,0,0.0
050890,쏠리드,2026-07-14,9430.0,9679.32,8866.68,8.396,4.48,0.82,5.04,True,False,True,손절,3,-1.036
439960,코스모로보틱스,2026-07-14,11440.0,12214.38,10257.0,16.025,9.64,0.29,11.04,True,False,True,손절,4,-1.048
010120,LS ELECTRIC,2026-07-14,187700.0,191482.2,173089.64,9.605,11.64,0.93,8.88,True,False,True,시간손절,5,-0.079
018260,삼성에스디에스,2026-07-14,193000.0,197794.8,184401.07,6.772,10.09,0.73,5.85,False,False,True,손절,3,-1.044
066570,LG전자,2026-07-14,185400.0,188776.8,173541.43,8.071,1.59,0.98,1.96,True,False,True,손절,3,-1.138
399720,가온칩스,2026-07-14,51800.0,55611.0,46066.96,17.162,9.47,2.22,-5.82,True,False,False,미돌파,0,0.0
053610,프로텍,2026-07-14,63200.0,65029.8,57066.43,12.246,7.46,0.75,1.25,True,False,True,시간손절,5,-0.116
010780,아이에스동서,2026-07-14,19210.0,20440.8,18682.79,8.601,8.28,0.89,12.28,True,False,False,미돌파,0,0.0
003620,KG모빌리티,2026-07-14,2775.0,2815.62,2685.54,4.62,15.0,0.73,6.09,False,False,True,손절,4,-1.065
108320,LX세미콘,2026-07-14,37350.0,38476.8,35593.39,7.494,4.17,0.83,4.96,True,False,True,시간손절,5,-0.361
037460,삼지전자,2026-07-14,33350.0,34318.5,31303.57,8.785,11.76,0.71,1.19,True,False,True,시간손절,5,0.225
178920,PI첨단소재,2026-07-14,17950.0,18156.24,17019.93,6.259,6.82,0.84,3.23,True,True,True,추적청산,3,0.493
069960,현대백화점,2026-07-15,159100.0,163526.4,153299.29,6.254,9.09,1.2,5.69,False,False,False,미돌파,0,0.0
047050,포스코인터내셔널,2026-07-15,51400.0,53106.0,49945.71,5.951,0.0,0.99,-5.44,True,False,False,미돌파,0,0.0
263750,펄어비스,2026-07-15,34600.0,35220.3,33748.93,4.178,9.09,0.67,4.81,False,False,False,미돌파,0,0.0
185750,종근당,2026-07-15,67900.0,69037.8,66754.29,3.308,0.0,0.69,2.44,False,False,True,손절,2,-1.091
365340,성일하이텍,2026-07-15,32950.0,33867.6,31915.54,5.764,13.79,1.31,3.65,False,False,False,미돌파,0,0.0
035900,JYP Ent.,2026-07-15,47900.0,49548.9,46450.71,6.253,12.0,0.89,8.94,True,False,False,미돌파,0,0.0
462870,시프트업,2026-07-15,32600.0,33166.2,31490.89,5.051,0.0,0.42,9.44,False,False,False,미돌파,0,0.0
017960,한국카본,2026-07-15,23300.0,24298.5,22521.43,7.314,10.34,1.14,2.92,True,False,False,미돌파,0,0.0
253450,스튜디오드래곤,2026-07-15,20200.0,20941.8,19781.54,5.54,11.11,0.64,9.21,False,False,False,미돌파,0,0.0
002380,KCC,2026-07-15,431500.0,441381.0,418641.07,5.152,11.76,0.62,3.58,False,False,False,미돌파,0,0.0
329180,HD현대중공업,2026-07-15,471000.0,486972.0,450198.21,7.552,15.0,1.32,8.9,True,False,True,손절,2,-1.04
207940,삼성바이오로직스,2026-07-15,1383000.0,1420836.0,1364996.43,3.93,2.38,0.65,-1.47,True,False,False,미돌파,0,0.0
161000,애경케미칼,2026-07-15,9140.0,9468.9,8946.5,5.517,10.0,0.84,0.44,False,False,False,미돌파,0,0.0
161890,한국콜마,2026-07-15,107200.0,108015.6,100883.57,6.603,12.73,0.87,4.37,True,True,True,손절,2,-1.045
090430,아모레퍼시픽,2026-07-15,120800.0,122845.2,115937.86,5.623,11.11,0.79,2.82,False,False,True,손절,3,-1.117
002790,아모레퍼시픽홀딩스,2026-07-15,23950.0,24298.5,23295.89,4.126,13.33,0.67,3.43,False,False,True,추적청산,2,0.427
257720,실리콘투,2026-07-15,36500.0,36773.4,34706.25,5.621,6.25,0.94,-1.39,True,True,True,손절,2,-1.053
307950,현대오토에버,2026-07-15,426000.0,442884.0,412453.57,6.871,13.04,0.65,3.51,False,False,False,미돌파,0,0.0
068760,셀트리온제약,2026-07-15,40100.0,41182.2,39481.25,4.13,7.69,0.74,1.72,False,False,False,미돌파,0,0.0
214150,클래시스,2026-07-15,45550.0,47094.0,44127.5,6.299,12.5,0.75,4.31,False,False,False,미돌파,0,0.0
196170,알테오젠,2026-07-15,221987.0,227827.75,205935.63,9.609,4.25,1.28,7.97,False,False,False,미돌파,0,0.0
001680,대상,2026-07-16,17260.0,17524.98,17003.36,2.976,10.26,0.57,1.48,True,False,False,미돌파,0,0.0
030190,NICE평가정보,2026-07-16,13940.0,14418.78,13591.61,5.737,14.08,1.86,-3.18,True,False,False,미돌파,0,0.0
008770,호텔신라,2026-07-16,47800.0,48597.0,46230.36,4.87,11.43,0.66,2.55,False,False,False,미돌파,0,0.0
082920,비츠로셀,2026-07-16,28900.0,29508.9,27360.18,7.282,12.12,0.65,8.11,False,False,False,미돌파,0,0.0
010130,고려아연,2026-07-16,1029000.0,1032060.0,980260.71,5.019,0.0,0.65,-2.59,True,True,False,미돌파,0,0.0
006040,동원산업,2026-07-16,33350.0,34068.0,32699.29,4.018,14.29,0.47,1.04,True,False,False,미돌파,0,0.0
023160,태광,2026-07-16,22550.0,22945.8,21449.46,6.521,13.04,0.38,1.1,False,False,False,미돌파,0,0.0
462870,시프트업,2026-07-16,32450.0,33216.3,31855.36,4.097,10.0,0.25,6.89,False,False,False,미돌파,0,0.0
011210,현대위아,2026-07-16,57600.0,59118.0,56175.36,4.978,13.64,0.58,3.03,True,False,False,미돌파,0,0.0
005380,현대차,2026-07-16,425000.0,431862.0,407141.07,5.724,10.53,0.72,4.6,False,False,False,미돌파,0,0.0
328130,루닛,2026-07-16,10040.0,10310.58,9565.14,7.23,3.45,0.61,4.83,False,False,False,미돌파,0,0.0
017800,현대엘리베이터,2026-07-16,68900.0,70140.0,67265.0,4.099,4.35,0.75,-1.03,True,False,False,미돌파,0,0.0
051600,한전KPS,2026-07-16,43550.0,44488.8,42577.5,4.296,3.33,0.55,2.68,False,False,False,미돌파,0,0.0
003030,세아제강지주,2026-07-16,99600.0,102905.4,96008.93,6.702,10.53,1.09,4.69,True,False,False,미돌파,0,0.0
052690,한전기술,2026-07-16,92700.0,95089.8,89283.93,6.106,4.55,0.53,3.34,True,False,False,미돌파,0,0.0
014680,한솔케미칼,2026-07-16,244500.0,251001.0,230567.86,8.141,12.5,0.6,-0.62,True,False,True,손절,2,-1.037
030200,KT,2026-07-16,52400.0,53406.6,51583.93,3.413,7.14,0.65,9.66,False,False,True,손절,1,-1.088
011170,롯데케미칼,2026-07-16,61000.0,61723.2,58637.14,5.0,8.0,0.89,0.49,True,False,False,미돌파,0,0.0
069260,TKG휴켐스,2026-07-16,15450.0,15781.5,15269.79,3.242,2.56,0.53,3.68,False,False,False,미돌파,0,0.0
000720,현대건설,2026-07-16,99000.0,100801.2,94592.86,6.159,8.51,0.56,-0.1,True,False,False,미돌파,0,0.0
161000,애경케미칼,2026-07-16,9030.0,9148.26,8682.5,5.091,8.57,0.59,1.85,True,False,False,미돌파,0,0.0
103140,풍산,2026-07-16,62100.0,63326.4,59907.5,5.399,14.81,0.58,-0.98,True,False,False,미돌파,0,0.0
003490,대한항공,2026-07-16,26500.0,27254.4,25986.79,4.651,5.0,0.74,0.75,False,False,False,미돌파,0,0.0
281820,케이씨텍,2026-07-16,100800.0,103707.0,92792.5,10.524,8.14,0.68,-20.72,True,False,False,미돌파,0,0.0
251970,펌텍코리아,2026-07-16,41950.0,43086.0,40346.88,6.357,4.76,0.54,10.17,False,False,False,미돌파,0,0.0
128940,한미약품,2026-07-16,386000.0,393285.0,364912.5,7.214,9.09,0.79,3.74,False,False,False,미돌파,0,0.0
003090,대웅,2026-07-16,16840.0,17064.06,16268.46,4.662,0.0,0.63,1.12,False,False,True,손절,1,-1.064
017960,한국카본,2026-07-16,23450.0,24098.1,22542.32,6.456,8.0,0.85,-0.86,True,False,False,미돌파,0,0.0
271560,오리온,2026-07-16,128400.0,130761.0,124547.86,4.752,2.04,0.84,5.24,False,False,False,미돌파,0,0.0
000640,동아쏘시오홀딩스,2026-07-16,81900.0,84168.0,80550.36,4.298,10.34,0.47,1.33,True,False,False,미돌파,0,0.0
353200,대덕전자,2026-07-16,138000.0,144789.0,131130.0,9.434,1.82,1.13,-23.21,True,False,False,미돌파,0,0.0
047050,포스코인터내셔널,2026-07-16,50900.0,53106.0,49653.75,6.501,3.45,0.96,-4.52,True,False,False,미돌파,0,0.0
285130,SK케미칼,2026-07-16,39250.0,40080.0,38285.0,4.479,10.71,0.48,3.8,False,False,False,미돌파,0,0.0
001120,LX인터내셔널,2026-07-16,36800.0,37575.0,36011.07,4.162,8.0,0.5,0.94,True,False,False,미돌파,0,0.0
248070,솔루엠,2026-07-16,14810.0,14989.92,14383.86,4.043,4.35,0.44,1.86,False,False,False,미돌파,0,0.0
111770,영원무역,2026-07-20,86300.0,89077.8,83028.93,6.791,4.0,0.81,0.8,False,False,False,미돌파,0,0.0
016380,KG스틸,2026-07-20,5070.0,5150.28,4972.14,3.459,0.0,0.79,2.5,False,False,False,미돌파,0,0.0
031330,에스에이엠티,2026-07-20,10300.0,10671.3,9851.75,7.68,6.25,0.43,13.01,True,False,False,미돌파,0,0.0
383800,LX홀딩스,2026-07-20,7570.0,7695.36,7448.21,3.212,10.53,0.54,1.43,True,False,False,미돌파,0,0.0
000080,하이트진로,2026-07-20,14780.0,15030.0,14403.18,4.17,9.62,0.48,1.73,False,False,False,미돌파,0,0.0
214150,클래시스,2026-07-20,43800.0,44238.3,41966.61,5.135,5.71,0.6,9.69,True,False,True,추적청산,6,0.442
097950,CJ제일제당,2026-07-20,184200.0,185770.8,177440.71,4.484,2.94,0.66,3.56,False,True,True,추적청산,6,0.573
114090,GKL,2026-07-20,9250.0,9458.88,9089.39,3.906,0.0,0.66,10.63,True,False,False,미돌파,0,0.0
032640,LG유플러스,2026-07-20,14500.0,14659.26,14130.82,3.605,7.14,1.24,3.07,False,False,True,시간손절,5,0.013
008930,한미사이언스,2026-07-20,32500.0,33416.7,31231.79,6.538,8.33,0.66,2.69,False,False,False,미돌파,0,0.0
950160,코오롱티슈진,2026-07-20,61200.0,65230.2,57271.43,12.201,12.9,1.33,32.0,False,False,False,미돌파,0,0.0
003380,하림지주,2026-07-20,9580.0,9769.5,9233.54,5.486,4.65,0.9,7.53,False,False,False,미돌파,0,0.0
001120,LX인터내셔널,2026-07-20,36550.0,37324.5,35666.96,4.441,14.81,0.55,1.48,False,False,True,추적청산,6,0.531
012630,HDC,2026-07-20,20100.0,20340.6,19365.32,4.795,12.99,0.77,0.99,False,False,True,추적청산,6,1.057
060370,LS마린솔루션,2026-07-20,26300.0,28056.0,25207.86,10.152,8.33,0.68,9.31,False,False,False,미돌파,0,0.0
009830,한화솔루션,2026-07-20,26750.0,28506.9,25881.07,9.211,11.63,1.23,16.14,True,False,False,미돌파,0,0.0
080220,제주반도체,2026-07-20,78000.0,82765.2,74046.79,10.534,14.49,0.38,12.46,False,False,False,미돌파,0,0.0
271560,오리온,2026-07-20,127000.0,130360.2,122908.93,5.716,4.84,0.85,7.37,False,False,False,미돌파,0,0.0
051900,LG생활건강,2026-07-20,245000.0,252003.0,237785.71,5.642,8.33,1.04,0.0,True,False,False,미돌파,0,0.0
003230,삼양식품,2026-07-20,1053000.0,1074144.0,1017867.86,5.239,13.95,0.44,7.55,True,False,True,추적청산,9,1.232
383310,에코프로에이치엔,2026-07-20,25000.0,25951.8,24160.54,6.902,3.7,0.64,10.71,False,False,False,미돌파,0,0.0
004370,농심,2026-07-20,349000.0,350199.0,334857.14,4.381,0.0,0.54,1.97,False,True,True,추적청산,9,1.158
319400,현대무벡스,2026-07-20,18550.0,19328.58,17815.64,7.827,3.45,0.72,20.22,True,False,True,추적청산,4,0.594
004490,세방전지,2026-07-20,53900.0,55510.8,52799.29,4.885,9.09,0.64,-0.37,True,False,False,미돌파,0,0.0
095340,ISC,2026-07-20,135600.0,145290.0,129859.64,10.62,6.98,0.71,10.32,True,False,False,미돌파,0,0.0
014680,한솔케미칼,2026-07-20,244000.0,256512.0,228814.29,10.798,6.38,1.41,1.81,True,False,False,미돌파,0,0.0
053800,안랩,2026-07-20,52100.0,53206.2,51281.79,3.617,0.0,3.38,6.13,False,False,True,추적청산,6,0.519
086280,현대글로비스,2026-07-20,186500.0,191883.0,180568.93,5.896,3.3,0.92,2.66,False,False,True,추적청산,6,0.684
030000,제일기획,2026-07-20,18620.0,18887.7,18358.39,2.802,2.5,0.93,1.01,False,False,False,미돌파,0,0.0
058610,에스피지,2026-07-20,62600.0,65931.6,60327.5,8.5,6.82,0.42,15.41,True,False,True,추적청산,4,1.595
181710,NHN,2026-07-21,34800.0,36072.0,33623.75,6.787,12.2,0.39,9.02,False,False,True,추적청산,5,0.513
000670,영풍,2026-07-21,33650.0,35671.2,32346.96,9.319,1.72,1.28,5.48,True,False,False,미돌파,0,0.0
012630,HDC,2026-07-21,20100.0,20490.9,19690.14,3.908,0.0,0.62,0.25,False,False,False,미돌파,0,0.0
185750,종근당,2026-07-21,66000.0,66833.4,64596.07,3.348,5.88,0.55,6.25,False,False,True,추적청산,5,0.448
001060,JW중외제약,2026-07-21,23700.0,23797.5,22861.43,3.933,14.29,0.58,1.25,True,True,True,추적청산,5,0.424
066970,엘앤에프,2026-07-21,82800.0,85971.6,79710.0,7.283,10.42,0.59,18.26,True,False,True,손절,5,-1.682
003530,한화투자증권,2026-07-21,4270.0,4348.68,4060.98,6.616,0.0,0.69,5.84,True,False,True,손절,5,-1.045
285130,SK케미칼,2026-07-21,37200.0,38376.6,36706.96,4.351,11.54,0.88,6.65,True,False,True,추적청산,5,0.782
237690,에스티팜,2026-07-21,114000.0,121642.8,108719.29,10.624,8.04,0.71,9.45,True,False,False,미돌파,0,0.0
100840,SNT에너지,2026-07-21,23700.0,25250.4,22391.96,11.32,12.0,1.27,11.07,True,False,True,시간손절,5,-0.481
388210,씨엠티엑스,2026-07-21,88800.0,89679.0,83668.21,6.703,13.33,0.67,-4.84,True,True,True,추적청산,2,0.455
014620,성광벤드,2026-07-21,24050.0,24649.2,23152.68,6.071,4.35,1.16,9.25,True,False,True,추적청산,5,1.286
029780,삼성카드,2026-07-21,47350.0,48196.2,46478.57,3.564,3.85,0.63,0.94,False,False,True,추적청산,5,0.416
073240,금호타이어,2026-07-21,6100.0,6432.84,5855.88,8.969,2.27,0.4,14.8,False,False,True,손절,5,-1.033
000880,한화,2026-07-21,86700.0,88576.8,80858.21,8.714,9.52,0.72,6.07,True,False,True,추적청산,4,0.571
195870,해성디에스,2026-07-21,52500.0,53707.2,49109.46,8.561,11.43,0.97,10.26,True,False,True,손절,3,-1.035
007070,GS리테일,2026-07-21,25750.0,26202.3,24572.86,6.219,3.7,0.89,3.2,True,False,True,손절,1,-1.048
140860,파크시스템스,2026-07-21,246500.0,253005.0,232930.36,7.934,9.09,0.8,2.95,True,False,True,시간손절,5,0.012
278470,에이피알,2026-07-21,365000.0,376752.0,356569.64,5.357,0.0,0.48,3.95,False,False,False,미돌파,0,0.0
240810,원익IPS,2026-07-21,116100.0,118937.4,106149.46,10.752,9.28,0.53,6.97,False,False,True,추적청산,2,0.279
009540,HD한국조선해양,2026-07-21,338000.0,346692.0,328785.71,5.165,7.14,0.73,1.02,False,False,True,추적청산,5,0.967
033780,KT&G,2026-07-21,178200.0,181362.0,173789.29,4.175,13.33,0.63,-2.24,True,False,True,시간손절,5,-0.027
124500,아이티센글로벌,2026-07-21,19350.0,19859.64,18191.86,8.398,9.63,0.34,2.71,True,False,True,추적청산,5,0.701
121600,나노신소재,2026-07-21,40300.0,41282.4,38458.93,6.839,2.27,0.57,10.44,True,False,True,추적청산,3,0.456
000080,하이트진로,2026-07-21,14620.0,14899.74,14435.43,3.116,5.56,0.56,2.27,False,False,True,추적청산,6,0.641
003380,하림지주,2026-07-21,9490.0,9679.32,9205.68,4.893,13.51,0.63,6.87,False,False,True,추적청산,4,0.439
336370,솔루스첨단소재,2026-07-21,6830.0,6933.84,6454.71,6.91,0.0,0.96,9.3,True,False,True,손절,5,-1.043
005070,코스모신소재,2026-07-21,35100.0,36072.0,33360.54,7.517,0.0,0.62,8.95,True,False,True,추적청산,2,0.401
004990,롯데지주,2026-07-21,22200.0,22545.0,21593.57,4.22,13.33,0.81,3.69,True,False,True,추적청산,5,0.668
051910,LG화학,2026-07-21,250500.0,256011.0,240583.93,6.026,4.0,1.06,3.84,True,False,True,추적청산,5,0.353
000370,한화손해보험,2026-07-21,5550.0,5691.36,5415.89,4.84,0.0,0.78,6.09,True,False,True,추적청산,5,0.454
373220,LG에너지솔루션,2026-07-21,317000.0,324648.0,308973.21,4.828,12.5,0.53,3.5,True,False,True,추적청산,5,0.481
222080,SFA넥셀,2026-07-21,6870.0,6993.96,6521.79,6.751,13.16,0.73,7.79,True,False,True,추적청산,3,0.456
192080,더블유게임즈,2026-07-21,59200.0,60420.6,57457.86,4.904,13.04,0.94,3.11,True,False,True,시간손절,5,-0.169
295310,에이치브이엠,2026-07-21,38700.0,40029.9,36443.57,8.959,14.55,0.34,14.1,True,False,True,손절,5,-1.033
007310,오뚜기,2026-07-21,306000.0,313125.0,297905.36,4.861,12.0,0.81,2.08,False,False,True,시간손절,5,0.127
032350,롯데관광개발,2026-07-21,11050.0,11172.3,9960.89,10.843,5.0,0.59,23.69,True,True,True,시간손절,5,0.119
323280,태성,2026-07-21,32200.0,32915.7,29910.71,9.129,10.64,0.95,7.87,True,False,True,손절,5,-1.033
009450,경동나비엔,2026-07-21,62800.0,64228.2,61068.21,4.92,3.85,0.68,0.95,False,False,True,손절,5,-1.061
000150,두산,2026-07-21,1123000.0,1187370.0,1043317.86,12.132,2.52,0.54,9.29,True,False,True,손절,5,-1.025
047810,한국항공우주,2026-07-21,142500.0,149799.0,134583.21,10.157,11.28,1.07,0.7,True,False,True,시간손절,5,-0.476
032640,LG유플러스,2026-07-21,14400.0,14709.36,14152.64,3.785,2.22,0.81,0.89,False,False,True,시간손절,5,-0.24
006110,삼아알미늄,2026-07-21,30600.0,31412.7,27841.61,11.368,14.04,0.92,21.34,True,True,True,추적청산,5,0.451
006650,대한유화,2026-07-21,96300.0,97895.4,91128.21,6.913,0.0,1.03,8.81,True,False,True,손절,5,-1.043
462870,시프트업,2026-07-21,31350.0,32064.0,30526.25,4.796,12.5,0.47,8.2,True,False,True,손절,1,-1.063
085660,차바이오텍,2026-07-21,8690.0,8797.56,8332.46,5.287,11.11,0.81,10.41,True,True,True,추적청산,5,0.443
051600,한전KPS,2026-07-21,42550.0,43236.3,41506.43,4.001,7.41,0.61,3.41,True,False,True,추적청산,5,1.209
114090,GKL,2026-07-21,9340.0,9428.82,8931.32,5.276,0.0,0.46,9.32,True,False,True,시간손절,5,-0.276
002790,아모레퍼시픽홀딩스,2026-07-21,24100.0,24448.8,23154.46,5.294,0.0,0.5,-0.42,True,False,True,시간손절,5,-0.21
056190,SFA,2026-07-21,19970.0,20290.5,18990.57,6.407,9.62,0.92,7.12,True,False,True,추적청산,5,0.438
074600,원익QnC,2026-07-21,27500.0,27905.7,25240.0,9.553,2.38,0.88,9.09,True,True,True,손절,5,-1.031
120110,코오롱인더,2026-07-21,49600.0,50801.4,43116.79,15.127,2.16,2.91,7.12,True,False,True,시간손절,5,-0.111
060250,NHN KCP,2026-07-21,11600.0,11923.8,11195.18,6.111,5.17,0.83,8.45,True,False,True,추적청산,5,0.743
112610,씨에스윈드,2026-07-21,38700.0,39478.8,37320.71,5.466,11.76,0.45,6.52,False,False,True,추적청산,4,0.566
014820,동원시스템즈,2026-07-21,18640.0,19027.98,18398.5,3.308,2.13,0.8,6.66,False,False,True,추적청산,6,0.84
068270,셀트리온,2026-07-21,171600.0,175350.0,167012.86,4.755,2.94,0.74,2.0,False,False,True,추적청산,10,0.842
251270,넷마블,2026-07-21,35000.0,35721.3,33971.25,4.899,13.79,0.89,8.26,True,False,True,추적청산,6,0.761
000120,CJ대한통운,2026-07-21,71300.0,72444.6,70154.29,3.161,11.76,0.5,3.12,False,False,True,추적청산,5,0.854
137400,피엔티,2026-07-22,28350.0,29408.7,27813.04,5.426,4.17,0.68,2.58,False,False,True,손절,4,-1.055
035250,강원랜드,2026-07-22,14180.0,14388.72,14075.07,2.18,9.09,0.65,2.34,False,False,True,추적청산,4,0.362
034020,두산에너빌리티,2026-07-22,69200.0,72845.4,67197.32,7.754,2.17,0.99,2.4,False,False,True,손절,4,-1.039
093320,케이아이엔엑스,2026-07-22,128700.0,130260.0,121073.57,7.052,5.26,0.71,2.43,True,False,True,추적청산,4,1.042
267260,HD현대일렉트릭,2026-07-22,795000.0,828654.0,778060.71,6.105,5.26,0.55,0.25,False,False,True,손절,4,-1.327
003240,태광산업,2026-07-22,844000.0,883764.0,817492.86,7.499,1.79,0.67,4.52,False,False,False,미돌파,0,0.0
204270,제이앤티씨,2026-07-22,14100.0,14899.74,13367.11,10.286,0.79,0.82,10.76,True,False,True,손절,4,-1.034
036570,NC,2026-07-22,218000.0,223446.0,213028.57,4.662,12.5,0.51,4.18,False,False,True,추적청산,4,0.436
023590,다우기술,2026-07-22,37100.0,38577.0,35528.04,7.904,1.89,1.46,-6.15,True,False,True,손절,4,-1.038
064960,SNT모티브,2026-07-22,25800.0,26903.7,25371.61,5.695,11.54,0.79,0.39,False,False,True,손절,4,-1.053
028670,팬오션,2026-07-22,5080.0,5190.36,4957.41,4.488,11.11,0.59,0.59,True,False,True,손절,5,-1.067
000100,유한양행,2026-07-22,70200.0,71743.2,69160.71,3.6,10.0,0.86,-5.25,True,False,True,추적청산,4,0.273
033790,피노,2026-07-22,5380.0,5781.54,5195.18,10.142,4.17,0.57,6.76,False,False,True,손절,1,-1.03
475830,오름테라퓨틱,2026-07-22,42450.0,45039.9,41019.11,8.927,7.69,0.58,5.46,False,False,True,추적청산,4,0.493
032820,우리기술,2026-07-22,9980.0,10521.0,9559.21,9.142,10.39,0.99,3.48,False,False,True,손절,4,-1.033
044490,태웅,2026-07-22,25600.0,27054.0,24601.43,9.065,5.0,0.75,0.97,False,False,True,손절,4,-1.033
001440,대한전선,2026-07-22,27450.0,29108.1,26637.5,8.488,0.0,0.71,1.96,False,False,True,손절,4,-1.035
310210,보로노이,2026-07-22,125400.0,130761.0,119966.43,8.255,7.32,0.85,13.46,True,False,True,손절,4,-1.036
006260,LS,2026-07-22,284500.0,302103.0,275459.82,8.819,2.33,0.75,2.74,False,False,True,손절,4,-1.034
097230,HJ중공업,2026-07-22,14830.0,15520.98,14438.61,6.974,4.76,0.69,3.51,False,False,True,추적청산,3,0.457
000270,기아,2026-07-22,146800.0,150600.6,144085.71,4.326,8.33,0.72,-5.16,True,False,False,미돌파,0,0.0
031210,서울보증보험,2026-07-22,42000.0,42885.6,41589.64,3.022,10.53,0.42,-0.36,True,False,False,미돌파,0,0.0
454910,두산로보틱스,2026-07-23,69800.0,70440.6,64549.64,8.363,12.5,1.23,1.13,False,True,False,미돌파,0,0.0
240810,원익IPS,2026-07-23,113300.0,118536.6,106429.82,10.214,7.45,0.53,20.6,False,False,False,미돌파,0,0.0
211050,인카금융서비스,2026-07-23,9850.0,9949.86,9410.82,5.418,4.55,0.58,3.53,False,False,False,미돌파,0,0.0
089970,브이엠,2026-07-23,81600.0,86773.2,76463.57,11.881,12.5,0.85,29.59,True,False,False,미돌파,0,0.0
319660,피에스케이,2026-07-23,157000.0,166532.4,146575.0,11.984,6.83,0.74,23.23,False,False,False,미돌파,0,0.0
036930,주성엔지니어링,2026-07-23,163900.0,172644.6,151456.79,12.273,6.36,0.64,21.77,True,False,False,미돌파,0,0.0
001820,삼화콘덴서,2026-07-23,90200.0,92685.0,82355.71,11.145,2.38,0.59,6.72,False,False,False,미돌파,0,0.0
007660,이수페타시스,2026-07-23,93400.0,98997.6,87987.86,11.121,8.51,0.63,8.52,False,False,False,미돌파,0,0.0
131290,티에스이,2026-07-23,239500.0,259017.0,223365.18,13.764,11.67,0.97,15.82,False,False,False,미돌파,0,0.0
053610,프로텍,2026-07-23,65200.0,66933.6,60636.79,9.408,9.62,0.62,5.23,False,False,False,미돌파,0,0.0
475960,토모큐브,2026-07-23,35850.0,36573.0,34366.07,6.034,2.94,0.5,5.66,True,False,False,미돌파,0,0.0
420770,기가비스,2026-07-23,130100.0,144789.0,123459.11,14.732,7.26,2.84,22.14,True,False,False,미돌파,0,0.0
041830,인바디,2026-07-23,49100.0,51603.0,46710.36,9.481,12.5,0.81,11.53,False,False,False,미돌파,0,0.0
166090,하나머티리얼즈,2026-07-23,54700.0,56512.8,51818.21,8.307,8.11,0.61,5.53,False,False,True,손절,3,-1.036
214150,클래시스,2026-07-23,44250.0,44889.6,42968.04,4.281,10.34,1.51,2.85,False,False,True,추적청산,3,0.43
074600,원익QnC,2026-07-23,27650.0,28306.5,25966.61,8.266,13.51,0.74,13.46,True,False,False,미돌파,0,0.0
031980,피에스케이홀딩스,2026-07-23,121000.0,129458.4,111377.14,13.967,14.77,0.96,22.54,True,False,False,미돌파,0,0.0
007810,코리아써키트,2026-07-23,64100.0,67635.0,60030.36,11.244,9.68,0.75,17.18,True,False,False,미돌파,0,0.0
069960,현대백화점,2026-07-23,139600.0,141081.6,129440.0,8.252,13.68,1.09,12.26,True,True,True,손절,1,-1.036
041960,코미팜,2026-07-23,7050.0,7214.4,6889.36,4.505,4.0,0.67,8.2,True,False,False,미돌파,0,0.0
067310,하나마이크론,2026-07-23,36150.0,37875.6,33863.57,10.593,1.52,0.68,7.78,True,False,False,미돌파,0,0.0
353200,대덕전자,2026-07-23,123200.0,132765.0,114712.86,13.597,1.3,0.64,13.97,False,False,False,미돌파,0,0.0
036540,SFA반도체,2026-07-23,5520.0,5761.5,5237.39,9.097,2.33,0.68,8.76,False,False,False,미돌파,0,0.0
023530,롯데쇼핑,2026-07-23,128200.0,130861.2,116249.64,11.166,10.4,2.67,13.14,True,True,True,손절,4,-1.027
086790,하나금융지주,2026-07-23,130500.0,133366.2,127967.14,4.048,4.88,0.85,4.61,False,False,True,손절,2,-1.074
403870,HPSP,2026-07-23,39650.0,40480.8,37398.57,7.614,8.51,0.48,15.1,True,False,False,미돌파,0,0.0
033240,자화전자,2026-07-23,25700.0,26252.4,24384.46,7.115,10.0,0.7,0.58,False,False,False,미돌파,0,0.0
376900,로킷헬스케어,2026-07-23,48650.0,53506.8,46033.04,13.968,0.78,0.79,8.55,False,False,False,미돌파,0,0.0
218410,RFHIC,2026-07-23,48200.0,48546.9,44799.11,7.72,5.26,0.99,5.86,False,True,False,미돌파,0,0.0
279570,케이뱅크,2026-07-24,6220.0,6312.6,5921.41,6.197,0.0,0.78,2.66,False,False,False,미돌파,0,0.0
383310,에코프로에이치엔,2026-07-24,25400.0,26102.1,24043.75,7.886,6.06,0.46,1.55,False,False,True,손절,2,-1.038
023530,롯데쇼핑,2026-07-24,125900.0,131262.0,121167.86,7.69,1.25,0.83,10.58,False,False,False,미돌파,0,0.0
139480,이마트,2026-07-24,82300.0,84268.2,80828.93,4.081,0.0,0.65,-3.26,True,False,False,미돌파,0,0.0
030520,한컴,2026-07-24,16440.0,16873.68,15965.86,5.38,1.35,0.67,0.72,False,False,True,손절,3,-1.056
004020,현대제철,2026-07-24,27750.0,28356.6,27070.18,4.537,0.0,0.62,-4.52,True,False,True,손절,2,-1.066
003030,세아제강지주,2026-07-24,110700.0,116131.8,106182.14,8.568,5.75,0.99,-11.14,True,False,False,미돌파,0,0.0
035900,JYP Ent.,2026-07-24,44850.0,45941.7,44089.46,4.032,7.14,0.62,3.86,False,False,True,손절,3,-1.074
486990,노타,2026-07-24,20100.0,20891.7,18883.04,9.615,11.63,2.54,-18.86,True,False,True,손절,3,-1.031
278280,천보,2026-07-24,33500.0,34017.9,32240.0,5.226,0.0,0.83,1.9,False,False,True,손절,2,-1.277
293490,카카오게임즈,2026-07-24,7650.0,7905.78,7431.64,5.997,7.69,0.61,2.55,False,False,True,손절,2,-1.05
122870,와이지엔터테인먼트,2026-07-24,39800.0,40681.2,38876.43,4.436,0.0,0.71,1.0,False,False,True,손절,2,-1.068
032190,다우데이타,2026-07-24,18440.0,19208.34,18057.21,5.993,11.46,0.68,-0.82,True,False,False,미돌파,0,0.0
004490,세방전지,2026-07-24,53200.0,54308.4,52236.79,3.815,0.0,0.69,3.27,True,False,False,미돌파,0,0.0
476830,알지노믹스,2026-07-27,26800.0,28156.2,25387.86,9.832,13.64,0.95,9.31,False,False,False,미돌파,0,0.0
021240,코웨이,2026-07-27,92300.0,94889.4,89924.29,5.233,5.0,0.68,0.11,False,False,False,미돌파,0,0.0
139480,이마트,2026-07-27,82700.0,83967.6,81250.36,3.236,0.0,0.44,-9.54,True,False,False,미돌파,0,0.0
475960,토모큐브,2026-07-27,34550.0,35571.0,33079.46,7.004,2.5,0.52,4.82,False,False,False,미돌파,0,0.0
059090,미코,2026-07-27,15290.0,15480.9,13642.3,11.877,13.12,0.63,-8.06,True,True,False,미돌파,0,0.0
041960,코미팜,2026-07-27,6990.0,7164.3,6790.54,5.217,3.33,0.65,0.14,True,False,False,미돌파,0,0.0
017800,현대엘리베이터,2026-07-27,71000.0,71943.6,69425.0,3.501,15.0,0.93,-6.93,True,False,False,미돌파,0,0.0
032640,LG유플러스,2026-07-27,14710.0,14949.84,14568.43,2.551,10.71,0.55,-1.45,True,False,False,미돌파,0,0.0
181710,NHN,2026-07-27,40100.0,41282.4,36357.86,11.929,13.48,2.0,-15.73,True,False,False,미돌파,0,0.0
000810,삼성화재,2026-07-27,645000.0,657312.0,627400.0,4.551,4.55,0.6,-7.14,True,False,False,미돌파,0,0.0
074600,원익QnC,2026-07-27,26750.0,27955.8,25151.96,10.03,2.13,0.54,3.08,True,False,False,미돌파,0,0.0
298050,HS효성첨단소재,2026-07-27,161200.0,167334.0,153331.07,8.368,10.4,2.05,-12.65,True,False,False,미돌파,0,0.0
014820,동원시스템즈,2026-07-27,20100.0,20691.3,19444.75,6.025,4.63,0.61,-6.86,True,False,False,미돌파,0,0.0
462870,시프트업,2026-07-27,30550.0,31312.5,30040.18,4.063,5.26,0.29,3.17,False,False,False,미돌파,0,0.0
068760,셀트리온제약,2026-07-27,40850.0,41683.2,39987.5,4.068,11.11,0.69,-6.8,True,False,False,미돌파,0,0.0
005300,롯데칠성,2026-07-27,100900.0,102304.2,99712.5,2.533,10.53,0.65,-4.45,True,False,False,미돌파,0,0.0
161390,한국타이어앤테크놀로지,2026-07-27,69800.0,72544.8,66717.86,8.032,14.29,1.09,0.43,False,False,False,미돌파,0,0.0
281820,케이씨텍,2026-07-27,76500.0,78556.8,70318.21,10.487,4.76,0.36,18.09,True,False,False,미돌파,0,0.0
226950,올릭스,2026-07-27,113700.0,119137.8,108443.93,8.976,10.71,0.49,0.96,False,False,False,미돌파,0,0.0
016380,KG스틸,2026-07-27,5190.0,5310.6,5124.18,3.51,0.0,0.54,-2.37,True,False,False,미돌파,0,0.0
357780,솔브레인,2026-07-27,277500.0,286071.0,268378.57,6.185,14.81,0.44,-0.54,True,False,False,미돌파,0,0.0
036810,에프에스티,2026-07-27,20350.0,20841.6,19312.11,7.339,8.33,0.87,-0.74,True,False,False,미돌파,0,0.0
031330,에스에이엠티,2026-07-27,10130.0,10300.56,9233.07,10.363,0.0,0.61,1.65,True,False,False,미돌파,0,0.0
000660,SK하이닉스,2026-07-27,1816000.0,1824642.0,1676400.0,8.124,1.75,0.69,-2.95,True,True,False,미돌파,0,0.0
001800,오리온홀딩스,2026-07-27,25950.0,26603.1,25517.32,4.081,5.88,0.63,-2.37,True,False,False,미돌파,0,0.0
278470,에이피알,2026-07-27,354500.0,368235.0,347680.36,5.582,12.5,0.59,3.67,True,False,False,미돌파,0,0.0
068270,셀트리온,2026-07-27,178700.0,184067.4,174792.86,5.039,5.06,0.84,-3.53,True,False,True,시간손절,5,-0.261
058610,에스피지,2026-07-27,75000.0,78857.4,71174.64,9.743,9.68,1.42,-19.81,True,False,False,미돌파,0,0.0
021240,코웨이,2026-07-28,91200.0,93687.0,89017.86,4.984,8.11,1.0,2.46,False,False,True,손절,1,-1.06
006040,동원산업,2026-07-28,34950.0,35470.8,33986.25,4.185,4.17,0.78,-5.27,True,False,True,손절,1,-1.072
111770,영원무역,2026-07-28,86400.0,87174.0,83023.21,4.761,3.12,0.53,0.46,True,False,True,추적청산,2,0.437
462870,시프트업,2026-07-28,30100.0,31011.9,29499.29,4.878,4.17,0.72,3.99,False,False,True,손절,1,-1.062
000080,하이트진로,2026-07-28,15230.0,15450.84,14940.89,3.3,0.0,1.06,-4.17,True,False,True,시간손절,5,-0.72
298020,효성티앤씨,2026-07-28,312500.0,321642.0,301951.79,6.122,3.12,1.25,0.79,False,False,False,미돌파,0,0.0
272210,한화시스템,2026-07-28,61200.0,63326.4,55751.79,11.961,10.77,1.28,-0.99,True,False,False,미돌파,0,0.0
000100,유한양행,2026-07-28,70700.0,72043.8,69055.36,4.148,12.5,0.84,-1.58,True,False,True,손절,1,-1.072
012330,현대모비스,2026-07-28,440000.0,447894.0,415083.93,7.325,13.21,1.05,8.24,True,True,True,추적청산,8,1.177
259960,크래프톤,2026-07-28,244000.0,249999.0,237523.21,4.99,5.0,0.96,-4.05,True,False,True,추적청산,3,0.44
012450,한화에어로스페이스,2026-07-28,875000.0,901800.0,844957.14,6.303,2.33,0.77,2.67,True,False,False,미돌파,0,0.0
001680,대상,2026-07-29,17880.0,18637.2,17359.25,6.857,14.78,2.28,-5.8,True,False,False,미돌파,0,0.0
277810,레인보우로보틱스,2026-07-29,410500.0,441882.0,355169.64,19.623,12.26,2.09,14.21,True,False,False,미돌파,0,0.0
241710,코스메카코리아,2026-07-29,82400.0,90180.0,79642.86,11.685,13.04,1.1,-7.85,True,False,False,미돌파,0,0.0
012330,현대모비스,2026-07-29,445000.0,470940.0,420530.36,10.704,11.36,1.39,13.26,True,False,True,시간손절,5,0.608
035250,강원랜드,2026-07-29,14450.0,14829.6,14008.77,5.535,10.96,1.56,-1.9,True,False,True,시간손절,5,-0.846
462870,시프트업,2026-07-29,29950.0,31462.8,29192.32,7.216,12.82,1.19,0.17,False,False,True,시간손절,5,0.327
316140,우리금융지주,2026-07-29,32050.0,33416.7,30653.57,8.269,8.16,1.59,-4.57,True,False,True,시간손절,5,-0.06
001040,CJ,2026-07-29,124400.0,131161.8,115665.71,11.814,11.43,1.35,5.69,True,False,False,미돌파,0,0.0
111770,영원무역,2026-07-29,87600.0,91883.4,85112.5,7.369,0.0,1.06,-2.7,True,False,False,미돌파,0,0.0
499790,GS피앤엘,2026-07-29,34800.0,36973.8,33069.55,10.559,10.29,0.48,8.42,True,False,False,미돌파,0,0.0
388720,유일로보틱스,2026-07-29,60200.0,61823.4,52918.75,14.403,6.33,1.8,5.35,True,True,False,미돌파,0,0.0
068270,셀트리온,2026-07-29,180000.0,189177.6,176218.93,6.85,0.87,2.67,-5.82,True,False,True,시간손절,5,0.043
081660,미스토홀딩스,2026-07-29,44300.0,46292.4,43064.46,6.973,9.26,1.18,1.56,False,False,False,미돌파,0,0.0
278470,에이피알,2026-07-29,325000.0,334167.0,303055.36,9.31,14.81,1.57,9.09,True,False,True,기간만료,8,1.269
005300,롯데칠성,2026-07-29,100700.0,104909.4,98585.71,6.028,8.93,1.69,-5.01,True,False,False,미돌파,0,0.0
029780,삼성카드,2026-07-29,47400.0,49949.7,46393.04,7.12,7.94,1.28,0.21,True,False,False,미돌파,0,0.0
021240,코웨이,2026-07-29,90600.0,95490.6,87244.64,8.635,12.33,1.5,1.31,False,False,False,미돌파,0,0.0
290650,엘앤씨바이오,2026-07-29,52300.0,54709.2,46829.11,14.404,7.3,1.18,14.26,True,False,False,미돌파,0,0.0
323410,카카오뱅크,2026-07-29,21150.0,22244.4,20589.29,7.441,6.9,1.26,1.86,False,False,True,시간손절,5,-0.46
00104K,CJ4우(전환),2026-07-29,123700.0,128155.8,116971.43,8.727,12.12,1.74,5.14,True,False,False,미돌파,0,0.0
064350,현대로템,2026-07-29,120100.0,125751.0,110871.43,11.833,13.71,1.92,22.91,True,False,True,기간만료,8,1.273
031210,서울보증보험,2026-07-29,41500.0,42985.8,40583.57,5.588,11.9,1.66,1.19,False,False,False,미돌파,0,0.0
030190,NICE평가정보,2026-07-29,14120.0,14478.9,13831.68,4.47,1.85,1.04,0.98,False,False,True,시간손절,5,-0.251
007390,네이처셀,2026-07-30,22800.0,24148.2,21679.29,10.224,4.88,0.95,5.2,False,False,False,미돌파,0,0.0
008770,호텔신라,2026-07-30,42850.0,45490.8,41899.29,7.895,1.61,1.29,9.41,True,False,True,손절,2,-1.038
039490,키움증권,2026-07-30,258500.0,274548.0,247400.0,9.888,10.87,1.38,17.81,False,False,True,시간손절,5,0.557
458870,씨어스,2026-07-30,21700.0,23747.4,20891.79,12.025,8.33,0.95,23.46,True,False,True,추적청산,5,0.581
001820,삼화콘덴서,2026-07-30,57800.0,63827.4,54809.29,14.129,11.11,0.82,35.92,True,False,True,추적청산,6,1.148
440110,파두,2026-07-30,48800.0,53206.2,46337.32,12.91,3.64,0.89,33.79,True,False,True,추적청산,5,1.03
120110,코오롱인더,2026-07-30,46050.0,48496.8,44682.86,7.864,1.61,0.81,18.06,False,False,True,손절,2,-1.112
358570,지아이이노베이션,2026-07-30,6820.0,7304.58,6371.0,12.781,14.63,0.76,9.67,True,False,True,기간만료,7,1.465
290650,엘앤씨바이오,2026-07-30,51500.0,54709.2,49621.96,9.299,2.44,0.8,18.38,False,False,False,미돌파,0,0.0
219130,타이거일렉,2026-07-30,55500.0,56713.2,50491.79,10.97,10.42,0.54,24.49,True,True,True,기간만료,7,2.288
211050,인카금융서비스,2026-07-30,9490.0,9779.52,8916.43,8.825,6.58,1.21,3.65,True,False,True,기간만료,7,0.97
214370,케어젠,2026-07-30,49300.0,53807.4,47646.96,11.449,3.81,1.4,14.41,True,False,True,기간만료,7,1.731
006340,대원전선,2026-07-30,10320.0,11392.74,9815.18,13.847,14.84,0.46,27.32,False,False,True,추적청산,6,1.412
001040,CJ,2026-07-30,124200.0,129458.4,120094.64,7.233,3.8,1.07,7.11,False,False,True,기간만료,7,1.336
300720,한일시멘트,2026-07-30,13660.0,14017.98,13373.29,4.599,11.11,0.9,3.39,False,False,True,기간만료,7,1.096
278470,에이피알,2026-07-30,315000.0,337173.0,304678.57,9.637,3.51,1.03,14.86,True,False,False,미돌파,0,0.0
443060,HD현대마린솔루션,2026-07-30,180700.0,189879.0,175760.71,7.435,5.22,1.12,15.95,True,False,False,미돌파,0,0.0
445680,큐리옥스바이오시스템즈,2026-07-30,34800.0,36873.6,33026.43,10.433,6.35,0.84,6.7,False,False,True,추적청산,6,0.878
073240,금호타이어,2026-07-30,6080.0,6603.18,5585.11,15.418,8.89,1.36,5.59,False,False,True,기간만료,7,0.818
003490,대한항공,2026-07-30,24650.0,25350.6,24261.96,4.294,11.76,0.72,4.27,False,False,True,추적청산,6,1.073
490470,세미파이브,2026-07-30,12810.0,13717.38,12316.93,10.209,3.77,0.8,28.71,True,False,True,추적청산,6,1.55
012750,에스원,2026-07-30,71800.0,75651.0,70410.36,6.927,6.52,1.12,0.42,False,False,False,미돌파,0,0.0
039030,이오테크닉스,2026-07-30,240000.0,255510.0,227982.14,10.774,11.63,1.24,26.94,True,False,True,추적청산,6,1.553
192820,코스맥스,2026-07-30,185900.0,195790.8,178780.36,8.688,8.05,1.15,-5.03,True,False,False,미돌파,0,0.0
012330,현대모비스,2026-07-30,445000.0,472443.0,429498.21,9.09,0.0,0.99,15.08,False,False,True,추적청산,6,0.73
175330,JB금융지주,2026-07-30,26900.0,28056.0,26078.39,7.049,3.03,0.72,-5.28,True,False,False,미돌파,0,0.0
195870,해성디에스,2026-07-30,38150.0,41031.9,36529.82,10.972,0.0,0.94,28.96,True,False,True,기간만료,7,2.135
271560,오리온,2026-07-30,135300.0,144187.8,132335.71,8.22,7.55,1.35,-4.64,True,False,False,미돌파,0,0.0
017900,광전자,2026-07-30,4365.0,4659.3,4136.59,11.219,5.0,0.44,27.97,True,False,True,기간만료,7,4.463
032830,삼성생명,2026-07-30,264000.0,280560.0,253113.39,9.783,0.0,1.29,19.88,False,False,True,추적청산,2,0.469
103590,일진전기,2026-07-30,45650.0,49248.3,44146.61,10.359,14.46,1.95,31.46,True,False,True,추적청산,6,1.446
347700,스피어,2026-07-30,12950.0,13807.56,11695.18,15.299,4.49,0.58,31.66,True,False,True,기간만료,7,3.165
007070,GS리테일,2026-07-30,24600.0,26252.4,23949.82,8.771,15.0,1.19,3.34,False,False,False,미돌파,0,0.0
007070,GS리테일,2026-07-31,24750.0,25651.2,23900.36,6.826,3.45,1.57,3.88,True,False,False,미돌파,0,0.0
161390,한국타이어앤테크놀로지,2026-07-31,67600.0,68937.6,65570.36,4.884,12.0,0.9,4.11,False,False,False,미돌파,0,0.0
086790,하나금융지주,2026-07-31,125400.0,128957.4,120842.86,6.292,11.94,1.02,5.29,False,False,False,미돌파,0,0.0
278470,에이피알,2026-07-31,320000.0,328155.0,306689.29,6.541,5.71,0.85,9.6,True,False,True,기간만료,6,1.755
000240,한국앤컴퍼니,2026-07-31,24950.0,25250.4,24077.5,4.645,5.26,1.19,0.4,False,False,False,미돌파,0,0.0
161890,한국콜마,2026-07-31,95200.0,95991.6,85663.57,10.759,12.36,0.74,4.99,True,True,True,추적청산,6,0.773
002960,한국쉘석유,2026-07-31,498500.0,505008.0,486396.43,3.685,3.33,1.0,4.32,False,False,True,시간손절,5,0.348
094170,동운아나텍,2026-07-31,26900.0,27504.9,24549.29,10.746,12.0,2.43,8.19,False,False,True,기간만료,6,1.368
373220,LG에너지솔루션,2026-07-31,328000.0,333165.0,305887.5,8.187,2.13,1.43,0.46,False,False,False,미돌파,0,0.0
041510,에스엠,2026-07-31,68400.0,69739.2,65808.93,5.636,12.9,1.0,2.01,False,False,True,기간만료,6,1.192
014620,성광벤드,2026-07-31,26750.0,27304.5,25433.39,6.853,3.33,2.31,5.14,True,False,True,손절,1,-1.044
290650,엘앤씨바이오,2026-07-31,51900.0,53807.4,48491.79,9.879,13.79,1.88,7.65,False,False,False,미돌파,0,0.0
002790,아모레퍼시픽홀딩스,2026-07-31,25500.0,25701.3,24168.39,5.964,0.0,1.21,-5.37,True,True,True,추적청산,6,0.547
055550,신한지주,2026-07-31,100700.0,102003.6,96634.29,5.264,4.65,1.21,3.54,False,False,True,추적청산,6,0.694
078930,GS,2026-07-31,89000.0,90079.8,68383.57,24.086,4.9,1.84,6.61,True,True,False,미돌파,0,0.0
001800,오리온홀딩스,2026-07-31,25500.0,25951.8,24670.0,4.939,0.0,0.97,0.97,False,False,True,손절,2,-1.061
071970,HD현대마린엔진,2026-07-31,49450.0,51102.0,46214.82,9.564,14.47,2.37,26.85,True,False,True,추적청산,6,0.949
003030,세아제강지주,2026-07-31,104600.0,107715.0,99673.21,7.466,4.55,0.77,5.51,False,False,True,기간만료,6,0.77
439260,대한조선,2026-07-31,50100.0,51001.8,47059.29,7.73,13.43,1.15,-2.45,True,False,False,미돌파,0,0.0
005490,POSCO홀딩스,2026-07-31,312500.0,318135.0,298498.21,6.172,6.06,1.33,0.16,False,False,False,미돌파,0,0.0
443060,HD현대마린솔루션,2026-07-31,184000.0,188075.4,176915.36,5.934,5.81,1.27,12.17,False,False,False,미돌파,0,0.0
214320,이노션,2026-07-31,19030.0,19178.28,18684.79,2.573,5.26,1.19,0.63,True,False,False,미돌파,0,0.0
00104K,CJ4우(전환),2026-07-31,126100.0,128155.8,120162.86,6.237,8.96,1.74,3.52,False,False,False,미돌파,0,0.0
475150,SK이터닉스,2026-07-31,45450.0,49498.8,42253.57,14.637,7.21,1.27,43.82,False,False,False,미돌파,0,0.0
012750,에스원,2026-07-31,71200.0,73045.8,69787.5,4.461,7.41,1.79,3.39,True,False,True,기간만료,6,0.84
009150,삼성전기,2026-07-31,1142000.0,1144284.0,996196.43,12.942,11.86,0.63,13.88,False,True,True,추적청산,5,0.864
090430,아모레퍼시픽,2026-07-31,130000.0,131262.0,120353.21,8.311,10.42,2.15,-10.17,True,True,True,시간손절,5,0.93
139480,이마트,2026-07-31,79800.0,80160.0,77039.64,3.893,12.5,1.05,3.04,False,True,False,미돌파,0,0.0
047050,포스코인터내셔널,2026-07-31,52200.0,52805.4,49393.21,6.462,7.14,1.34,7.28,False,False,False,미돌파,0,0.0
285130,SK케미칼,2026-07-31,39350.0,39979.8,37349.11,6.58,9.09,1.2,4.26,False,False,True,기간만료,6,1.219
000810,삼성화재,2026-07-31,632000.0,639276.0,596753.57,6.652,2.86,1.07,1.86,False,True,False,미돌파,0,0.0
008770,호텔신라,2026-07-31,43550.0,46893.6,41577.32,11.337,6.25,1.74,7.54,True,False,False,미돌파,0,0.0
010060,OCI홀딩스,2026-07-31,190300.0,194488.2,167717.14,13.765,10.65,1.12,23.88,False,False,True,기간만료,6,2.15
127120,제이에스링크,2026-07-31,28950.0,30060.0,27474.2,8.602,7.5,0.66,11.87,False,False,False,미돌파,0,0.0
241710,코스메카코리아,2026-07-31,78800.0,80560.8,71940.71,10.7,8.22,1.58,2.35,True,False,True,기간만료,6,1.309
111770,영원무역,2026-07-31,89400.0,92584.8,84222.14,9.032,4.05,1.45,-1.94,True,False,False,미돌파,0,0.0
460860,동국제강,2026-07-31,9010.0,9038.04,8644.29,4.357,13.79,1.05,4.25,False,True,True,기간만료,6,1.399
267250,HD현대,2026-07-31,199600.0,204909.0,188257.86,8.126,13.97,1.21,10.29,False,False,False,미돌파,0,0.0
011200,HMM,2026-07-31,20950.0,21242.4,20006.43,5.818,9.52,1.0,3.23,True,False,False,미돌파,0,0.0
361610,SK아이이테크놀로지,2026-07-31,13260.0,13496.94,12393.71,8.174,3.19,1.92,6.22,False,False,True,기간만료,6,1.317
300720,한일시멘트,2026-07-31,13900.0,14058.06,13382.75,4.804,5.26,0.92,1.63,False,False,True,기간만료,6,1.039
105560,KB금융,2026-07-31,168500.0,169638.6,160157.86,5.589,12.99,0.97,1.75,False,True,True,시간손절,5,0.596
079940,가비아,2026-07-31,47000.0,47494.8,46043.93,3.055,13.64,0.54,1.16,False,False,False,미돌파,0,0.0
185750,종근당,2026-07-31,66900.0,68536.8,65510.54,4.416,12.0,1.08,2.48,False,False,False,미돌파,0,0.0
034220,LG디스플레이,2026-07-31,9210.0,9819.6,8706.39,11.337,11.11,1.91,6.02,False,False,False,미돌파,0,0.0
251970,펌텍코리아,2026-07-31,46100.0,46893.6,43461.07,7.32,10.71,0.94,-4.77,True,True,True,기간만료,6,0.78
192080,더블유게임즈,2026-07-31,60100.0,61522.8,57178.93,7.061,0.0,1.27,1.15,True,False,False,미돌파,0,0.0
004170,신세계,2026-07-31,423000.0,445389.0,401205.36,9.92,14.08,1.42,16.07,False,False,False,미돌파,0,0.0
267260,HD현대일렉트릭,2026-08-03,673000.0,703404.0,647189.29,7.992,11.36,0.69,15.56,False,False,True,기간만료,5,0.921
044490,태웅,2026-08-03,26700.0,27855.6,25680.86,7.807,2.94,1.38,-2.5,True,False,True,기간만료,5,1.391
319660,피에스케이,2026-08-03,125500.0,135069.6,119867.86,11.255,7.56,0.68,14.04,False,False,False,미돌파,0,0.0
011200,HMM,2026-08-03,20750.0,21042.0,20009.11,4.909,11.76,0.69,-0.48,True,False,True,시간손절,5,0.237
460930,현대힘스,2026-08-03,13410.0,13787.52,12598.96,8.621,1.1,0.53,4.49,True,False,False,미돌파,0,0.0
082740,한화엔진,2026-08-03,38000.0,38727.3,35088.04,9.397,5.26,1.51,20.0,True,False,True,추적청산,4,0.78
007390,네이처셀,2026-08-03,21150.0,22945.8,20213.04,11.91,12.77,1.26,12.42,True,False,False,미돌파,0,0.0
004370,농심,2026-08-03,375000.0,388275.0,370164.29,4.664,13.33,0.76,0.4,False,False,False,미돌파,0,0.0
001500,현대차증권,2026-08-03,7450.0,7645.26,7235.61,5.358,9.09,0.36,6.52,False,False,True,기간만료,5,0.938
229640,LS에코에너지,2026-08-03,40700.0,42134.1,38902.5,7.67,2.04,0.52,9.05,False,False,True,추적청산,4,0.873
365340,성일하이텍,2026-08-03,28450.0,29508.9,27110.54,8.128,2.56,0.75,3.56,False,False,True,기간만료,5,1.785
023160,태광,2026-08-03,21400.0,22394.7,20964.61,6.386,13.04,0.52,6.14,False,False,True,기간만료,5,1.224
001680,대상,2026-08-03,17480.0,17935.8,17308.02,3.5,14.0,0.94,2.46,True,False,False,미돌파,0,0.0
336570,원텍,2026-08-03,4860.0,5060.1,4670.88,7.692,1.52,0.79,4.52,False,False,True,시간손절,5,0.526
000990,DB하이텍,2026-08-03,80900.0,83566.8,76672.86,8.25,11.32,0.66,18.03,False,False,True,추적청산,4,0.865
010140,삼성중공업,2026-08-03,20900.0,21342.6,19966.54,6.448,9.09,0.61,7.73,False,False,True,시간손절,5,0.795
007070,GS리테일,2026-08-03,24400.0,25551.0,23851.96,6.65,10.71,1.06,4.31,True,False,False,미돌파,0,0.0
003570,SNT다이내믹스,2026-08-03,30600.0,31212.3,28464.82,8.803,10.87,0.5,8.93,False,False,True,시간손절,5,0.471
017670,SK텔레콤,2026-08-03,82000.0,86472.6,78412.86,9.321,13.43,0.96,16.24,False,False,True,추적청산,4,0.643
079900,전진건설로봇,2026-08-03,31650.0,32615.1,30268.04,7.196,2.63,1.1,1.09,False,False,False,미돌파,0,0.0
253450,스튜디오드래곤,2026-08-03,21400.0,22294.5,20481.14,8.134,9.38,0.9,1.15,False,False,True,기간만료,5,1.25
399720,가온칩스,2026-08-03,46600.0,48296.4,43859.11,9.188,8.7,0.35,8.45,False,False,False,미돌파,0,0.0
064960,SNT모티브,2026-08-03,26650.0,27354.6,26110.36,4.549,0.0,0.78,1.3,True,False,True,시간손절,5,0.292
032190,다우데이타,2026-08-03,18640.0,19288.5,17944.75,6.967,4.35,1.0,-0.32,True,False,True,시간손절,5,0.464
031980,피에스케이홀딩스,2026-08-03,97100.0,104208.0,90325.71,13.322,11.82,0.55,12.91,False,False,True,시간손절,5,-0.074
042660,한화오션,2026-08-03,83000.0,85069.8,80487.5,5.387,0.0,0.35,6.53,False,False,True,기간만료,5,1.386
032350,롯데관광개발,2026-08-03,11650.0,11943.84,10832.32,9.306,9.47,0.4,2.51,False,False,True,기간만료,5,0.974
075580,세진중공업,2026-08-03,9930.0,10210.38,9464.36,7.307,5.36,0.44,15.63,False,False,True,기간만료,5,1.25
005440,현대지에프홀딩스,2026-08-03,11780.0,12124.2,11451.32,5.55,1.92,0.42,4.92,False,False,True,시간손절,5,-0.729
329180,HD현대중공업,2026-08-03,470500.0,481962.0,458280.36,4.914,5.56,0.43,3.29,False,False,True,기간만료,5,1.474
004490,세방전지,2026-08-03,50800.0,52104.0,49729.29,4.558,5.26,0.44,3.05,False,False,False,미돌파,0,0.0
111770,영원무역,2026-08-03,87900.0,90180.0,85871.43,4.778,2.94,0.75,-1.27,True,False,False,미돌파,0,0.0
066570,LG전자,2026-08-03,158800.0,161322.0,152035.36,5.757,8.7,0.49,7.84,False,False,True,기간만료,5,1.917
298050,HS효성첨단소재,2026-08-03,160200.0,162825.0,151600.0,6.894,6.38,1.17,0.62,True,False,True,기간만료,5,1.422
108320,LX세미콘,2026-08-03,33550.0,34619.1,30528.39,11.816,1.39,0.92,11.71,False,False,True,기간만료,5,1.047
001510,SK증권,2026-08-03,2030.0,2134.26,1920.8,10.002,13.51,0.84,5.8,False,False,True,시간손절,5,0.676
010780,아이에스동서,2026-08-03,17950.0,18466.86,17532.29,5.061,6.76,0.56,5.03,False,False,True,추적청산,4,0.806
018880,한온시스템,2026-08-03,3250.0,3351.69,3113.73,7.1,2.56,1.08,9.6,False,False,True,기간만료,5,1.284
300720,한일시멘트,2026-08-03,13810.0,14178.3,13667.14,3.605,9.76,0.72,2.61,False,False,False,미돌파,0,0.0
440110,파두,2026-08-03,63300.0,65130.0,58628.75,9.982,1.96,0.73,2.47,False,False,True,손절,3,-1.03
034020,두산에너빌리티,2026-08-03,67700.0,68436.6,64232.86,6.143,9.09,0.63,4.51,False,False,True,기간만료,5,1.767
240810,원익IPS,2026-08-03,93700.0,97695.0,86134.29,11.833,2.22,0.77,11.6,False,False,True,손절,4,-1.025
011780,금호석유화학,2026-08-03,113000.0,115129.8,109257.14,5.101,12.77,0.9,7.0,False,False,True,기간만료,5,1.12
213420,덕산네오룩스,2026-08-03,29650.0,30711.3,28126.07,8.418,6.98,0.77,2.15,False,False,True,기간만료,5,1.42
011170,롯데케미칼,2026-08-03,55200.0,56011.8,53215.71,4.992,4.55,0.91,9.06,False,False,True,추적청산,5,0.724
036540,SFA반도체,2026-08-03,4825.0,5060.1,4538.18,10.314,2.38,0.5,8.62,False,False,True,기간만료,5,0.931
000720,현대건설,2026-08-03,95600.0,97494.6,87625.89,10.122,13.25,0.83,7.72,False,False,True,추적청산,5,1.063
086520,에코프로,2026-08-03,77400.0,79859.4,71015.0,11.075,4.0,0.92,3.97,False,False,True,기간만료,5,1.21
015760,한국전력,2026-08-03,34500.0,35019.9,33389.11,4.657,3.85,0.68,4.7,False,False,True,시간손절,5,0.383
251270,넷마블,2026-08-03,38300.0,39278.4,37257.32,5.146,11.76,0.87,-2.54,True,False,True,시간손절,5,0.422
097230,HJ중공업,2026-08-03,15540.0,16092.12,15008.68,6.733,12.94,0.48,3.84,False,False,True,추적청산,4,0.741
001720,신영증권,2026-08-03,140500.0,144288.0,134618.93,6.701,6.25,0.53,4.03,False,False,True,기간만료,5,0.776
006340,대원전선,2026-08-03,13110.0,13637.22,12206.07,10.494,9.82,0.68,6.22,True,False,True,추적청산,4,0.717
033780,KT&G,2026-08-03,175600.0,181762.8,172543.57,5.072,0.0,1.06,3.83,False,False,False,미돌파,0,0.0
030190,NICE평가정보,2026-08-03,14160.0,14498.94,13840.61,4.541,10.91,0.33,2.01,False,False,False,미돌파,0,0.0
131290,티에스이,2026-08-03,189700.0,200400.0,177457.5,11.448,3.91,0.84,9.23,False,False,True,기간만료,5,1.043
000120,CJ대한통운,2026-08-03,73900.0,75450.6,72631.79,3.736,13.64,0.6,1.47,True,False,True,기간만료,5,0.978
009830,한화솔루션,2026-08-03,24800.0,25400.7,23027.32,9.344,5.26,0.63,5.34,False,False,True,기간만료,5,2.543
077970,STX엔진,2026-08-03,23050.0,23797.5,21604.25,9.216,13.89,0.69,6.11,False,False,True,기간만료,5,1.779
006040,동원산업,2026-08-03,35150.0,36122.1,34431.96,4.679,0.0,0.82,0.0,True,False,True,기간만료,5,0.888
00104K,CJ4우(전환),2026-08-03,126600.0,127654.8,121380.0,4.915,10.0,0.87,3.95,False,False,True,기간만료,5,1.04
298020,효성티앤씨,2026-08-03,314000.0,325650.0,291410.71,10.514,13.33,1.25,3.24,True,False,False,미돌파,0,0.0
003470,유안타증권,2026-08-03,4330.0,4488.96,4253.73,5.24,7.89,0.67,3.67,False,False,True,시간손절,5,0.521
094170,동운아나텍,2026-08-03,26350.0,27805.5,25355.71,8.81,2.5,0.93,10.07,False,False,False,미돌파,0,0.0
326030,SK바이오팜,2026-08-03,78400.0,79859.4,75571.07,5.37,2.86,0.92,4.27,False,False,True,기간만료,5,1.463
003550,LG,2026-08-03,99700.0,102003.6,97051.43,4.855,5.13,0.8,-2.05,True,False,True,추적청산,3,0.438
024110,기업은행,2026-08-03,20250.0,20741.4,19881.61,4.145,7.14,0.91,5.15,True,False,False,미돌파,0,0.0
161890,한국콜마,2026-08-03,96800.0,98296.2,92235.36,6.166,4.26,0.47,5.56,False,False,True,추적청산,5,0.773
356860,티엘비,2026-08-03,26150.0,28456.8,24807.64,12.823,12.07,1.02,10.14,False,False,False,미돌파,0,0.0
086450,동국제약,2026-08-03,17570.0,18106.14,16974.61,6.249,2.11,0.85,5.44,False,False,True,기간만료,5,1.399
483650,달바글로벌,2026-08-03,223500.0,227955.0,208926.79,8.347,0.0,0.62,13.87,False,False,True,기간만료,5,0.794
006280,녹십자,2026-08-03,113300.0,114729.0,105056.79,8.43,8.14,1.34,8.48,True,True,True,기간만료,5,1.357
000150,두산,2026-08-04,1274000.0,1287570.0,1139464.29,11.503,0.81,0.77,-21.8,True,True,True,기간만료,4,-0.455
005830,DB손해보험,2026-08-04,154800.0,157213.8,149073.57,5.178,7.69,0.71,2.64,False,False,True,기간만료,4,0.779
003570,SNT다이내믹스,2026-08-04,31000.0,31663.2,29946.43,5.422,0.0,1.05,1.9,False,False,True,기간만료,4,0.49
010120,LS ELECTRIC,2026-08-04,197000.0,198295.8,183975.71,7.222,7.41,0.83,-12.25,True,True,True,추적청산,2,0.458
399720,가온칩스,2026-08-04,47700.0,48346.5,44619.64,7.709,0.0,0.35,1.45,False,False,True,손절,3,-1.039
008770,호텔신라,2026-08-04,41500.0,41683.2,39649.29,4.879,6.45,2.3,10.56,True,True,True,기간만료,4,1.033
069960,현대백화점,2026-08-04,118400.0,119137.8,109430.71,8.148,14.1,1.19,7.06,True,True,True,손절,1,-1.037
000080,하이트진로,2026-08-04,15130.0,15330.6,14958.96,2.424,11.11,0.81,0.66,True,False,True,기간만료,4,0.873
166090,하나머티리얼즈,2026-08-04,54900.0,57514.8,52601.07,8.543,7.69,0.76,-14.02,True,False,True,손절,3,-1.035
001450,현대해상,2026-08-04,36800.0,37524.9,34625.0,7.728,4.08,2.05,4.29,True,False,True,기간만료,4,1.112
029780,삼성카드,2026-08-04,46550.0,47194.2,45950.89,2.634,0.0,0.78,1.9,True,False,True,기간만료,4,0.253
008060,대덕,2026-08-04,13980.0,14508.96,13543.46,6.654,12.0,1.13,-9.22,True,False,True,기간만료,4,0.536
377300,카카오페이,2026-08-04,43800.0,44438.7,40593.57,8.653,13.64,2.33,-4.41,True,False,True,기간만료,4,-0.045
030190,NICE평가정보,2026-08-04,14400.0,14518.98,13950.39,3.916,13.04,0.57,-2.13,True,False,False,미돌파,0,0.0
282330,BGF리테일,2026-08-05,122300.0,126051.6,120103.21,4.719,4.17,1.56,2.0,False,False,True,기간만료,3,2.458
101490,에스앤에스텍,2026-08-05,44150.0,44789.4,41664.46,6.977,8.16,0.75,-29.66,True,True,False,미돌파,0,0.0
031210,서울보증보험,2026-08-05,42950.0,43587.0,42296.96,2.96,10.0,0.57,-3.49,True,False,True,기간만료,3,0.296
232140,와이씨,2026-08-05,9590.0,9739.44,9033.18,7.252,7.27,0.77,-30.48,True,False,False,미돌파,0,0.0
252990,샘씨엔에스,2026-08-05,13300.0,14478.9,12652.96,12.611,8.44,0.84,-33.94,True,False,False,미돌파,0,0.0
007390,네이처셀,2026-08-05,22150.0,22695.3,21205.36,6.565,13.04,1.05,2.42,False,False,False,미돌파,0,0.0
004370,농심,2026-08-05,376500.0,383265.0,372862.5,2.714,13.33,0.61,0.26,False,False,True,기간만료,3,1.05
036810,에프에스티,2026-08-05,21100.0,21793.5,20090.89,7.812,3.7,1.08,-31.55,True,False,False,미돌파,0,0.0
020150,롯데에너지머티리얼즈,2026-08-05,31250.0,32064.0,29781.61,7.118,13.89,0.83,-29.13,True,False,True,손절,2,-1.042
475150,SK이터닉스,2026-08-05,57700.0,61923.6,52286.43,15.563,10.13,0.84,-32.8,True,False,False,미돌파,0,0.0
082920,비츠로셀,2026-08-05,32050.0,32565.0,29243.57,10.199,10.71,1.05,-22.8,True,False,False,미돌파,0,0.0
030190,NICE평가정보,2026-08-05,14360.0,14539.02,14153.39,2.652,3.57,0.39,-1.7,True,False,True,기간만료,3,1.555
003230,삼양식품,2026-08-05,1210000.0,1250496.0,1180525.0,5.595,1.79,0.85,0.82,False,False,False,미돌파,0,0.0
111770,영원무역,2026-08-05,88200.0,89979.6,86299.29,4.09,14.29,1.2,-0.68,True,False,True,추적청산,3,0.427
002960,한국쉘석유,2026-08-05,499500.0,506010.0,492864.29,2.598,10.53,0.45,0.7,False,False,False,미돌파,0,0.0
004990,롯데지주,2026-08-05,22850.0,23396.7,22505.89,3.807,7.14,1.06,-5.54,True,False,True,기간만료,3,0.542
222800,심텍,2026-08-05,103000.0,103907.4,93631.07,9.89,10.84,1.07,-50.15,True,True,True,추적청산,2,0.47
032350,롯데관광개발,2026-08-05,12280.0,12575.1,12067.14,4.039,7.89,0.45,-9.84,True,False,True,기간만료,3,0.913
004170,신세계,2026-08-05,430000.0,455409.0,407766.07,10.462,10.0,1.53,3.26,False,False,False,미돌파,0,0.0
140860,파크시스템스,2026-08-05,253000.0,264528.0,246676.79,6.748,13.79,0.54,-7.43,True,False,False,미돌파,0,0.0
021240,코웨이,2026-08-05,92800.0,95891.4,91343.21,4.743,8.11,1.06,-2.43,True,False,True,손절,3,-1.063
017670,SK텔레콤,2026-08-05,93000.0,98496.6,87957.5,10.7,14.44,1.18,-18.32,True,False,False,미돌파,0,0.0
185750,종근당,2026-08-05,67500.0,69438.6,66700.89,3.943,0.0,0.72,-2.9,True,False,False,미돌파,0,0.0
005070,코스모신소재,2026-08-06,35900.0,36773.4,34147.32,7.141,11.9,0.72,-28.21,True,False,True,기간만료,2,0.758
365340,성일하이텍,2026-08-06,31350.0,32264.4,29733.57,7.844,2.38,0.52,-22.7,True,False,True,기간만료,2,1.17
161000,애경케미칼,2026-08-06,8840.0,9018.0,8513.86,5.59,10.0,0.65,-14.81,True,False,True,기간만료,2,0.724
178920,PI첨단소재,2026-08-06,18710.0,18927.78,17805.75,5.928,13.48,0.94,-12.37,True,False,True,기간만료,2,1.195
012330,현대모비스,2026-08-06,508000.0,525048.0,483492.86,7.915,2.86,0.72,-14.16,True,False,False,미돌파,0,0.0
166090,하나머티리얼즈,2026-08-06,55100.0,57013.8,53151.43,6.774,3.45,0.82,-27.69,True,False,True,손절,1,-1.044
241560,두산밥캣,2026-08-06,64000.0,65330.4,62030.0,5.052,11.54,0.59,-11.11,True,False,False,미돌파,0,0.0
323410,카카오뱅크,2026-08-06,21600.0,21693.3,21015.54,3.124,10.0,0.79,0.92,False,True,True,기간만료,2,0.356
020150,롯데에너지머티리얼즈,2026-08-06,31250.0,32264.4,29941.79,7.199,0.0,1.09,-28.34,True,False,True,손절,1,-1.042
036540,SFA반도체,2026-08-06,5120.0,5310.6,4933.71,7.097,13.79,0.42,-31.79,True,False,False,미돌파,0,0.0
041510,에스엠,2026-08-06,73700.0,75250.2,71341.43,5.194,10.0,0.71,-10.66,True,False,True,기간만료,2,0.032
001740,SK네트웍스,2026-08-06,7730.0,8056.08,7458.2,7.422,14.0,0.54,-19.84,True,False,False,미돌파,0,0.0
080220,제주반도체,2026-08-06,74300.0,78356.4,69894.46,10.799,7.14,0.7,-48.3,True,False,True,기간만료,2,1.007
114090,GKL,2026-08-06,9310.0,9398.76,9130.39,2.855,10.0,0.38,0.32,False,False,True,기간만료,2,-0.548
417200,LS머트리얼즈,2026-08-06,11950.0,12464.88,11420.89,8.375,5.81,0.8,-32.48,True,False,False,미돌파,0,0.0
232140,와이씨,2026-08-06,9360.0,9689.34,8988.54,7.233,7.27,0.46,-31.09,True,False,False,미돌파,0,0.0
336570,원텍,2026-08-06,5200.0,5320.62,5053.55,5.019,14.29,0.75,-18.72,True,False,False,미돌파,0,0.0
071320,지역난방공사,2026-08-06,64300.0,65130.0,62575.71,3.922,15.0,0.98,2.87,False,False,False,미돌파,0,0.0
002380,KCC,2026-08-06,429500.0,435870.0,404312.5,7.24,9.62,0.92,-20.82,True,False,True,기간만료,2,0.074
023530,롯데쇼핑,2026-08-06,114500.0,114729.0,107157.5,6.599,11.67,1.15,-1.69,True,True,False,미돌파,0,0.0
226950,올릭스,2026-08-06,123500.0,126953.4,114167.5,10.071,5.71,0.67,-37.99,True,False,False,미돌파,0,0.0
322000,HD현대에너지솔루션,2026-08-06,134000.0,140179.8,124858.57,10.93,7.76,0.47,-32.54,True,False,True,손절,1,-1.027
014620,성광벤드,2026-08-06,26900.0,27755.4,25687.14,7.452,11.76,0.9,-2.87,True,False,False,미돌파,0,0.0
006400,삼성SDI,2026-08-06,427000.0,447393.0,413421.43,7.593,14.29,0.72,-19.11,True,False,True,기간만료,2,0.985
032640,LG유플러스,2026-08-06,15000.0,15380.7,14766.93,3.991,13.73,1.27,2.34,True,False,False,미돌파,0,0.0
037460,삼지전자,2026-08-06,35600.0,35921.7,34117.5,5.023,14.81,1.23,-22.13,True,False,True,기간만료,2,0.989
126340,비나텍,2026-08-07,66700.0,72645.0,61801.61,14.927,14.74,0.64,-18.05,True,False,False,미돌파,0,0.0
017960,한국카본,2026-08-07,23100.0,23396.7,22121.68,5.45,15.0,0.57,-8.2,True,False,True,기간만료,1,0.838
383310,에코프로에이치엔,2026-08-07,23450.0,24599.1,22508.57,8.498,14.29,0.99,1.68,False,False,True,기간만료,1,0.467
101160,월덱스,2026-08-07,28650.0,29208.3,27577.5,5.583,8.0,0.67,2.39,False,False,True,기간만료,1,-0.059
035900,JYP Ent.,2026-08-07,46800.0,47895.6,45552.32,4.892,2.63,0.92,-8.33,True,False,False,미돌파,0,0.0
021240,코웨이,2026-08-07,95700.0,96793.2,91360.36,5.613,0.0,0.78,-4.59,True,False,False,미돌파,0,0.0
450080,에코프로머티,2026-08-07,35950.0,37875.6,33746.25,10.902,4.17,1.38,-11.65,True,False,True,기간만료,1,0.245
080220,제주반도체,2026-08-07,75400.0,80460.6,71589.11,11.026,0.0,0.66,-15.82,True,False,True,기간만료,1,0.864
100790,미래에셋벤처투자,2026-08-07,14190.0,15180.3,13308.61,12.33,6.75,0.77,-13.52,True,False,True,기간만료,1,0.788
045100,한양이엔지,2026-08-07,30000.0,30711.3,29108.04,5.22,4.0,0.35,0.99,False,False,True,기간만료,1,1.25
096530,씨젠,2026-08-07,28900.0,29809.5,27570.18,7.512,12.82,1.3,-7.43,True,False,True,기간만료,1,0.335
010780,아이에스동서,2026-08-07,19230.0,19639.2,18671.29,4.928,1.28,0.66,-6.66,True,False,False,미돌파,0,0.0
082920,비츠로셀,2026-08-07,31000.0,32164.2,28838.75,10.339,8.93,0.88,-12.73,True,False,True,기간만료,1,0.328
161890,한국콜마,2026-08-07,106700.0,110721.0,102931.79,7.035,3.08,0.61,-12.08,True,False,False,미돌파,0,0.0
140860,파크시스템스,2026-08-07,250500.0,259017.0,243219.64,6.099,0.0,0.91,1.76,False,False,True,기간만료,1,0.456
178920,PI첨단소재,2026-08-07,19180.0,19999.92,18238.75,8.806,11.76,0.89,-7.63,True,False,True,기간만료,1,0.307
018880,한온시스템,2026-08-07,3625.0,3682.35,3472.82,5.69,9.09,0.71,-9.68,True,False,True,기간만료,1,0.246
226950,올릭스,2026-08-07,121200.0,124849.2,113308.93,9.243,4.26,0.56,-27.85,True,False,True,기간만료,1,1.024
033240,자화전자,2026-08-07,25150.0,26052.0,23888.18,8.306,5.71,0.93,-13.54,True,False,True,기간만료,1,0.263
031330,에스에이엠티,2026-08-07,10020.0,10370.7,9605.96,7.374,13.11,0.7,-11.21,True,False,True,기간만료,1,0.851
074600,원익QnC,2026-08-07,27700.0,28757.4,26095.0,9.258,6.82,0.56,-12.15,True,False,True,기간만료,1,0.284
015760,한국전력,2026-08-07,35600.0,35821.5,34650.36,3.269,0.0,0.56,-2.3,True,False,True,기간만료,1,-0.153
099320,쎄트렉아이,2026-08-07,74800.0,78456.6,71495.36,8.873,3.51,0.84,-16.33,True,False,True,기간만료,1,0.317
